v 0.000000 -0.051350 -0.052120
v -0.000300 -0.051350 -0.052120
v -0.000300 -0.051291 -0.052788
v 0.000000 -0.051291 -0.052788
v 0.000000 -0.051291 -0.052788
v -0.000300 -0.051291 -0.052788
v -0.000300 -0.051118 -0.053437
v 0.000000 -0.051118 -0.053437
v 0.000000 -0.051118 -0.053437
v -0.000300 -0.051118 -0.053437
v -0.000300 -0.050834 -0.054045
v 0.000000 -0.050834 -0.054045
v 0.000000 -0.050834 -0.054045
v -0.000300 -0.050834 -0.054045
v -0.000300 -0.050449 -0.054595
v 0.000000 -0.050449 -0.054595
v 0.000000 -0.050449 -0.054595
v -0.000300 -0.050449 -0.054595
v -0.000300 -0.049975 -0.055069
v 0.000000 -0.049975 -0.055069
v 0.000000 -0.049975 -0.055069
v -0.000300 -0.049975 -0.055069
v -0.000300 -0.049425 -0.055454
v 0.000000 -0.049425 -0.055454
v 0.000000 -0.049425 -0.055454
v -0.000300 -0.049425 -0.055454
v -0.000300 -0.048817 -0.055738
v 0.000000 -0.048817 -0.055738
v 0.000000 -0.048817 -0.055738
v -0.000300 -0.048817 -0.055738
v -0.000300 -0.048168 -0.055912
v 0.000000 -0.048168 -0.055912
v 0.000000 -0.048168 -0.055912
v -0.000300 -0.048168 -0.055912
v -0.000300 -0.047500 -0.055970
v 0.000000 -0.047500 -0.055970
v 0.000000 -0.047500 -0.055970
v -0.000300 -0.047500 -0.055970
v -0.000300 -0.046831 -0.055912
v 0.000000 -0.046831 -0.055912
v 0.000000 -0.046831 -0.055912
v -0.000300 -0.046831 -0.055912
v -0.000300 -0.046183 -0.055738
v 0.000000 -0.046183 -0.055738
v 0.000000 -0.046183 -0.055738
v -0.000300 -0.046183 -0.055738
v -0.000300 -0.045575 -0.055454
v 0.000000 -0.045575 -0.055454
v 0.000000 -0.045575 -0.055454
v -0.000300 -0.045575 -0.055454
v -0.000300 -0.045025 -0.055069
v 0.000000 -0.045025 -0.055069
v 0.000000 -0.045025 -0.055069
v -0.000300 -0.045025 -0.055069
v -0.000300 -0.044551 -0.054595
v 0.000000 -0.044551 -0.054595
v 0.000000 -0.044551 -0.054595
v -0.000300 -0.044551 -0.054595
v -0.000300 -0.044166 -0.054045
v 0.000000 -0.044166 -0.054045
v 0.000000 -0.044166 -0.054045
v -0.000300 -0.044166 -0.054045
v -0.000300 -0.043882 -0.053437
v 0.000000 -0.043882 -0.053437
v 0.000000 -0.043882 -0.053437
v -0.000300 -0.043882 -0.053437
v -0.000300 -0.043708 -0.052788
v 0.000000 -0.043708 -0.052788
v 0.000000 -0.043708 -0.052788
v -0.000300 -0.043708 -0.052788
v -0.000300 -0.043650 -0.052120
v 0.000000 -0.043650 -0.052120
v -0.003000 -0.045655 -0.052575
v -0.003000 -0.045629 -0.052450
v -0.000300 -0.043708 -0.052788
v -0.000300 -0.043708 -0.052788
v -0.003000 -0.045629 -0.052450
v -0.003000 -0.045600 -0.052120
v -0.000300 -0.043650 -0.052120
v -0.003000 -0.045655 -0.052575
v -0.000300 -0.043708 -0.052788
v -0.003000 -0.045715 -0.052770
v -0.003000 -0.045715 -0.052770
v -0.000300 -0.043708 -0.052788
v -0.000300 -0.043882 -0.053437
v -0.003000 -0.045715 -0.052770
v -0.000300 -0.043882 -0.053437
v -0.003000 -0.045818 -0.053003
v -0.003000 -0.045818 -0.053003
v -0.000300 -0.043882 -0.053437
v -0.000300 -0.044166 -0.054045
v -0.003000 -0.045818 -0.053003
v -0.000300 -0.044166 -0.054045
v -0.003000 -0.045855 -0.053070
v -0.003000 -0.045855 -0.053070
v -0.000300 -0.044166 -0.054045
v -0.000300 -0.044551 -0.054595
v -0.003000 -0.046044 -0.053341
v -0.003000 -0.047271 -0.054006
v -0.003000 -0.047170 -0.053991
v -0.000300 -0.046831 -0.055912
v -0.000300 -0.046831 -0.055912
v -0.003000 -0.047170 -0.053991
v -0.003000 -0.046850 -0.053905
v -0.000300 -0.046183 -0.055738
v -0.000300 -0.046183 -0.055738
v -0.003000 -0.046850 -0.053905
v -0.003000 -0.046550 -0.053765
v -0.000300 -0.045575 -0.055454
v -0.000300 -0.045575 -0.055454
v -0.003000 -0.046550 -0.053765
v -0.003000 -0.046421 -0.053684
v -0.000300 -0.045575 -0.055454
v -0.003000 -0.046421 -0.053684
v -0.000300 -0.045025 -0.055069
v -0.000300 -0.045025 -0.055069
v -0.003000 -0.046421 -0.053684
v -0.003000 -0.046279 -0.053576
v -0.000300 -0.045025 -0.055069
v -0.003000 -0.046279 -0.053576
v -0.000300 -0.044551 -0.054595
v -0.000300 -0.044551 -0.054595
v -0.003000 -0.046279 -0.053576
v -0.003000 -0.046078 -0.053380
v -0.000300 -0.044551 -0.054595
v -0.003000 -0.046078 -0.053380
v -0.003000 -0.046044 -0.053341
v -0.003000 -0.047271 -0.054006
v -0.000300 -0.046831 -0.055912
v -0.003000 -0.047500 -0.054020
v -0.003000 -0.047500 -0.054020
v -0.000300 -0.046831 -0.055912
v -0.000300 -0.047500 -0.055970
v -0.003000 -0.047500 -0.054020
v -0.000300 -0.047500 -0.055970
v -0.003000 -0.047729 -0.054006
v -0.003000 -0.047729 -0.054006
v -0.000300 -0.047500 -0.055970
v -0.000300 -0.048168 -0.055912
v -0.003000 -0.047729 -0.054006
v -0.000300 -0.048168 -0.055912
v -0.003000 -0.047830 -0.053991
v -0.003000 -0.047830 -0.053991
v -0.000300 -0.048168 -0.055912
v -0.000300 -0.048817 -0.055738
v -0.003000 -0.048150 -0.053905
v -0.003000 -0.048150 -0.053905
v -0.000300 -0.048817 -0.055738
v -0.000300 -0.049425 -0.055454
v -0.003000 -0.048450 -0.053765
v -0.003000 -0.049182 -0.053003
v -0.003000 -0.049145 -0.053070
v -0.000300 -0.050834 -0.054045
v -0.000300 -0.050834 -0.054045
v -0.003000 -0.049145 -0.053070
v -0.003000 -0.048956 -0.053341
v -0.000300 -0.050449 -0.054595
v -0.000300 -0.050449 -0.054595
v -0.003000 -0.048956 -0.053341
v -0.003000 -0.048922 -0.053380
v -0.000300 -0.050449 -0.054595
v -0.003000 -0.048922 -0.053380
v -0.000300 -0.049975 -0.055069
v -0.000300 -0.049975 -0.055069
v -0.003000 -0.048922 -0.053380
v -0.003000 -0.048721 -0.053576
v -0.000300 -0.049975 -0.055069
v -0.003000 -0.048721 -0.053576
v -0.000300 -0.049425 -0.055454
v -0.000300 -0.049425 -0.055454
v -0.003000 -0.048721 -0.053576
v -0.003000 -0.048579 -0.053684
v -0.000300 -0.049425 -0.055454
v -0.003000 -0.048579 -0.053684
v -0.003000 -0.048450 -0.053765
v -0.003000 -0.049182 -0.053003
v -0.000300 -0.050834 -0.054045
v -0.003000 -0.049285 -0.052770
v -0.003000 -0.049285 -0.052770
v -0.000300 -0.050834 -0.054045
v -0.000300 -0.051118 -0.053437
v -0.003000 -0.049285 -0.052770
v -0.000300 -0.051118 -0.053437
v -0.003000 -0.049345 -0.052575
v -0.003000 -0.049345 -0.052575
v -0.000300 -0.051118 -0.053437
v -0.000300 -0.051291 -0.052788
v -0.003000 -0.049345 -0.052575
v -0.000300 -0.051291 -0.052788
v -0.003000 -0.049371 -0.052450
v -0.003000 -0.049371 -0.052450
v -0.000300 -0.051291 -0.052788
v -0.000300 -0.051350 -0.052120
v -0.003000 -0.049400 -0.052120
v -0.003000 -0.049400 -0.052120
v -0.007800 -0.049400 -0.052120
v -0.003000 -0.049371 -0.052450
v -0.003000 -0.049371 -0.052450
v -0.007800 -0.049400 -0.052120
v -0.007800 -0.049345 -0.052575
v -0.003000 -0.049371 -0.052450
v -0.007800 -0.049345 -0.052575
v -0.003000 -0.049345 -0.052575
v -0.003000 -0.049345 -0.052575
v -0.007800 -0.049345 -0.052575
v -0.003000 -0.049285 -0.052770
v -0.003000 -0.049285 -0.052770
v -0.007800 -0.049345 -0.052575
v -0.007800 -0.049182 -0.053003
v -0.003000 -0.049285 -0.052770
v -0.007800 -0.049182 -0.053003
v -0.003000 -0.049182 -0.053003
v -0.003000 -0.049182 -0.053003
v -0.007800 -0.049182 -0.053003
v -0.003000 -0.049145 -0.053070
v -0.003000 -0.049145 -0.053070
v -0.007800 -0.049182 -0.053003
v -0.007800 -0.048922 -0.053380
v -0.003000 -0.048956 -0.053341
v -0.007800 -0.048579 -0.053684
v -0.003000 -0.048721 -0.053576
v -0.007800 -0.048922 -0.053380
v -0.007800 -0.048922 -0.053380
v -0.003000 -0.048721 -0.053576
v -0.003000 -0.048922 -0.053380
v -0.007800 -0.048922 -0.053380
v -0.003000 -0.048922 -0.053380
v -0.003000 -0.048956 -0.053341
v -0.007800 -0.048174 -0.053897
v -0.003000 -0.048450 -0.053765
v -0.007800 -0.048579 -0.053684
v -0.007800 -0.048579 -0.053684
v -0.003000 -0.048450 -0.053765
v -0.003000 -0.048579 -0.053684
v -0.007800 -0.048579 -0.053684
v -0.003000 -0.048579 -0.053684
v -0.003000 -0.048721 -0.053576
v -0.007800 -0.047729 -0.054006
v -0.003000 -0.047830 -0.053991
v -0.007800 -0.048174 -0.053897
v -0.007800 -0.048174 -0.053897
v -0.003000 -0.047830 -0.053991
v -0.003000 -0.048150 -0.053905
v -0.007800 -0.048174 -0.053897
v -0.003000 -0.048150 -0.053905
v -0.003000 -0.048450 -0.053765
v -0.007800 -0.047271 -0.054006
v -0.003000 -0.047500 -0.054020
v -0.007800 -0.047729 -0.054006
v -0.007800 -0.047729 -0.054006
v -0.003000 -0.047500 -0.054020
v -0.003000 -0.047729 -0.054006
v -0.007800 -0.047729 -0.054006
v -0.003000 -0.047729 -0.054006
v -0.003000 -0.047830 -0.053991
v -0.007800 -0.046826 -0.053897
v -0.003000 -0.047170 -0.053991
v -0.007800 -0.047271 -0.054006
v -0.007800 -0.047271 -0.054006
v -0.003000 -0.047170 -0.053991
v -0.003000 -0.047271 -0.054006
v -0.007800 -0.047271 -0.054006
v -0.003000 -0.047271 -0.054006
v -0.003000 -0.047500 -0.054020
v -0.007800 -0.046421 -0.053684
v -0.003000 -0.046550 -0.053765
v -0.007800 -0.046826 -0.053897
v -0.007800 -0.046826 -0.053897
v -0.003000 -0.046550 -0.053765
v -0.003000 -0.046850 -0.053905
v -0.007800 -0.046826 -0.053897
v -0.003000 -0.046850 -0.053905
v -0.003000 -0.047170 -0.053991
v -0.007800 -0.046078 -0.053380
v -0.003000 -0.046279 -0.053576
v -0.007800 -0.046421 -0.053684
v -0.007800 -0.046421 -0.053684
v -0.003000 -0.046279 -0.053576
v -0.003000 -0.046421 -0.053684
v -0.007800 -0.046421 -0.053684
v -0.003000 -0.046421 -0.053684
v -0.003000 -0.046550 -0.053765
v -0.003000 -0.045818 -0.053003
v -0.003000 -0.045855 -0.053070
v -0.007800 -0.045818 -0.053003
v -0.007800 -0.045818 -0.053003
v -0.003000 -0.045855 -0.053070
v -0.003000 -0.046044 -0.053341
v -0.007800 -0.046078 -0.053380
v -0.007800 -0.046078 -0.053380
v -0.003000 -0.046044 -0.053341
v -0.003000 -0.046078 -0.053380
v -0.007800 -0.046078 -0.053380
v -0.003000 -0.046078 -0.053380
v -0.003000 -0.046279 -0.053576
v -0.003000 -0.045818 -0.053003
v -0.007800 -0.045818 -0.053003
v -0.003000 -0.045715 -0.052770
v -0.003000 -0.045715 -0.052770
v -0.007800 -0.045818 -0.053003
v -0.007800 -0.045655 -0.052575
v -0.003000 -0.045715 -0.052770
v -0.007800 -0.045655 -0.052575
v -0.003000 -0.045655 -0.052575
v -0.003000 -0.045655 -0.052575
v -0.007800 -0.045655 -0.052575
v -0.003000 -0.045629 -0.052450
v -0.003000 -0.045629 -0.052450
v -0.007800 -0.045655 -0.052575
v -0.007800 -0.045600 -0.052120
v -0.003000 -0.045629 -0.052450
v -0.007800 -0.045600 -0.052120
v -0.003000 -0.045600 -0.052120
v -0.008000 -0.045800 -0.052120
v -0.007800 -0.045600 -0.052120
v -0.007800 -0.045655 -0.052575
v -0.008000 -0.045849 -0.052527
v -0.008000 -0.045849 -0.052527
v -0.007800 -0.045655 -0.052575
v -0.007800 -0.045818 -0.053003
v -0.008000 -0.045995 -0.052910
v -0.008000 -0.045995 -0.052910
v -0.007800 -0.045818 -0.053003
v -0.007800 -0.046078 -0.053380
v -0.008000 -0.046227 -0.053247
v -0.008000 -0.046227 -0.053247
v -0.007800 -0.046078 -0.053380
v -0.007800 -0.046421 -0.053684
v -0.008000 -0.046534 -0.053519
v -0.008000 -0.046534 -0.053519
v -0.007800 -0.046421 -0.053684
v -0.007800 -0.046826 -0.053897
v -0.008000 -0.046897 -0.053709
v -0.008000 -0.046897 -0.053709
v -0.007800 -0.046826 -0.053897
v -0.007800 -0.047271 -0.054006
v -0.008000 -0.047295 -0.053808
v -0.008000 -0.047295 -0.053808
v -0.007800 -0.047271 -0.054006
v -0.007800 -0.047729 -0.054006
v -0.008000 -0.047705 -0.053808
v -0.008000 -0.047705 -0.053808
v -0.007800 -0.047729 -0.054006
v -0.007800 -0.048174 -0.053897
v -0.008000 -0.048103 -0.053709
v -0.008000 -0.048103 -0.053709
v -0.007800 -0.048174 -0.053897
v -0.007800 -0.048579 -0.053684
v -0.008000 -0.048466 -0.053519
v -0.008000 -0.048466 -0.053519
v -0.007800 -0.048579 -0.053684
v -0.007800 -0.048922 -0.053380
v -0.008000 -0.048772 -0.053247
v -0.008000 -0.048772 -0.053247
v -0.007800 -0.048922 -0.053380
v -0.007800 -0.049182 -0.053003
v -0.008000 -0.049005 -0.052910
v -0.008000 -0.049005 -0.052910
v -0.007800 -0.049182 -0.053003
v -0.007800 -0.049345 -0.052575
v -0.008000 -0.049151 -0.052527
v -0.008000 -0.049151 -0.052527
v -0.007800 -0.049345 -0.052575
v -0.007800 -0.049400 -0.052120
v -0.008000 -0.049200 -0.052120
v 0.000000 -0.043882 -0.053437
v 0.000000 -0.043708 -0.052788
v 0.000000 -0.046000 -0.052120
v 0.000000 -0.043650 -0.052120
v 0.000000 -0.043708 -0.051452
v 0.000000 -0.051118 -0.050803
v 0.000000 -0.051291 -0.051452
v 0.000000 -0.049000 -0.052120
v 0.000000 -0.051350 -0.052120
v 0.000000 -0.051291 -0.052788
v 0.000000 -0.045025 -0.049171
v 0.000000 -0.045575 -0.048786
v 0.000000 -0.046750 -0.050821
v 0.000000 -0.046183 -0.048502
v 0.000000 -0.046831 -0.048329
v 0.000000 -0.047500 -0.048270
v 0.000000 -0.048168 -0.048329
v 0.000000 -0.048250 -0.050821
v 0.000000 -0.048817 -0.048502
v 0.000000 -0.049425 -0.048786
v 0.000000 -0.045575 -0.055454
v 0.000000 -0.045025 -0.055069
v 0.000000 -0.046750 -0.053419
v 0.000000 -0.044551 -0.054595
v 0.000000 -0.044166 -0.054045
v 0.000000 -0.049975 -0.055069
v 0.000000 -0.049425 -0.055454
v 0.000000 -0.048250 -0.053419
v 0.000000 -0.048817 -0.055738
v 0.000000 -0.048168 -0.055912
v 0.000000 -0.047500 -0.055970
v 0.000000 -0.046831 -0.055912
v 0.000000 -0.046183 -0.055738
v 0.000000 -0.043882 -0.050803
v 0.000000 -0.044166 -0.050195
v 0.000000 -0.044551 -0.049645
v 0.000000 -0.051118 -0.053437
v 0.000000 -0.050834 -0.054045
v 0.000000 -0.050449 -0.054595
v 0.000000 -0.049975 -0.049171
v 0.000000 -0.050449 -0.049645
v 0.000000 -0.050834 -0.050195
v 0.000000 -0.046750 -0.050821
v 0.000000 -0.048250 -0.050821
v -0.002000 -0.046750 -0.050821
v -0.002000 -0.048250 -0.050821
v 0.000000 -0.043650 -0.052120
v -0.000300 -0.043650 -0.052120
v -0.000300 -0.043708 -0.051452
v 0.000000 -0.043708 -0.051452
v 0.000000 -0.043708 -0.051452
v -0.000300 -0.043708 -0.051452
v -0.000300 -0.043882 -0.050803
v 0.000000 -0.043882 -0.050803
v 0.000000 -0.043882 -0.050803
v -0.000300 -0.043882 -0.050803
v -0.000300 -0.044166 -0.050195
v 0.000000 -0.044166 -0.050195
v 0.000000 -0.044166 -0.050195
v -0.000300 -0.044166 -0.050195
v -0.000300 -0.044551 -0.049645
v 0.000000 -0.044551 -0.049645
v 0.000000 -0.044551 -0.049645
v -0.000300 -0.044551 -0.049645
v -0.000300 -0.045025 -0.049171
v 0.000000 -0.045025 -0.049171
v 0.000000 -0.045025 -0.049171
v -0.000300 -0.045025 -0.049171
v -0.000300 -0.045575 -0.048786
v 0.000000 -0.045575 -0.048786
v 0.000000 -0.045575 -0.048786
v -0.000300 -0.045575 -0.048786
v -0.000300 -0.046183 -0.048502
v 0.000000 -0.046183 -0.048502
v 0.000000 -0.046183 -0.048502
v -0.000300 -0.046183 -0.048502
v -0.000300 -0.046831 -0.048329
v 0.000000 -0.046831 -0.048329
v 0.000000 -0.046831 -0.048329
v -0.000300 -0.046831 -0.048329
v -0.000300 -0.047500 -0.048270
v 0.000000 -0.047500 -0.048270
v 0.000000 -0.047500 -0.048270
v -0.000300 -0.047500 -0.048270
v -0.000300 -0.048168 -0.048329
v 0.000000 -0.048168 -0.048329
v 0.000000 -0.048168 -0.048329
v -0.000300 -0.048168 -0.048329
v -0.000300 -0.048817 -0.048502
v 0.000000 -0.048817 -0.048502
v 0.000000 -0.048817 -0.048502
v -0.000300 -0.048817 -0.048502
v -0.000300 -0.049425 -0.048786
v 0.000000 -0.049425 -0.048786
v 0.000000 -0.049425 -0.048786
v -0.000300 -0.049425 -0.048786
v -0.000300 -0.049975 -0.049171
v 0.000000 -0.049975 -0.049171
v 0.000000 -0.049975 -0.049171
v -0.000300 -0.049975 -0.049171
v -0.000300 -0.050449 -0.049645
v 0.000000 -0.050449 -0.049645
v 0.000000 -0.050449 -0.049645
v -0.000300 -0.050449 -0.049645
v -0.000300 -0.050834 -0.050195
v 0.000000 -0.050834 -0.050195
v 0.000000 -0.050834 -0.050195
v -0.000300 -0.050834 -0.050195
v -0.000300 -0.051118 -0.050803
v 0.000000 -0.051118 -0.050803
v 0.000000 -0.051118 -0.050803
v -0.000300 -0.051118 -0.050803
v -0.000300 -0.051291 -0.051452
v 0.000000 -0.051291 -0.051452
v 0.000000 -0.051291 -0.051452
v -0.000300 -0.051291 -0.051452
v -0.000300 -0.051350 -0.052120
v 0.000000 -0.051350 -0.052120
v 0.000000 -0.048250 -0.050821
v 0.000000 -0.049000 -0.052120
v -0.002000 -0.048250 -0.050821
v -0.002000 -0.049000 -0.052120
v -0.002000 -0.048250 -0.053419
v -0.002000 -0.046750 -0.053419
v -0.002000 -0.049000 -0.052120
v -0.002000 -0.046000 -0.052120
v -0.002000 -0.048250 -0.050821
v -0.002000 -0.046750 -0.050821
v 0.000000 -0.046000 -0.052120
v 0.000000 -0.046750 -0.050821
v -0.002000 -0.046000 -0.052120
v -0.002000 -0.046750 -0.050821
v -0.003000 -0.049345 -0.051665
v -0.003000 -0.049371 -0.051790
v -0.000300 -0.051291 -0.051452
v -0.000300 -0.051291 -0.051452
v -0.003000 -0.049371 -0.051790
v -0.003000 -0.049400 -0.052120
v -0.000300 -0.051350 -0.052120
v -0.003000 -0.049345 -0.051665
v -0.000300 -0.051291 -0.051452
v -0.003000 -0.049285 -0.051470
v -0.003000 -0.049285 -0.051470
v -0.000300 -0.051291 -0.051452
v -0.000300 -0.051118 -0.050803
v -0.003000 -0.049285 -0.051470
v -0.000300 -0.051118 -0.050803
v -0.003000 -0.049182 -0.051237
v -0.003000 -0.049182 -0.051237
v -0.000300 -0.051118 -0.050803
v -0.000300 -0.050834 -0.050195
v -0.003000 -0.049182 -0.051237
v -0.000300 -0.050834 -0.050195
v -0.003000 -0.049145 -0.051170
v -0.003000 -0.049145 -0.051170
v -0.000300 -0.050834 -0.050195
v -0.000300 -0.050449 -0.049645
v -0.003000 -0.048956 -0.050899
v -0.003000 -0.047729 -0.050234
v -0.003000 -0.047830 -0.050249
v -0.000300 -0.048168 -0.048329
v -0.000300 -0.048168 -0.048329
v -0.003000 -0.047830 -0.050249
v -0.003000 -0.048150 -0.050335
v -0.000300 -0.048817 -0.048502
v -0.000300 -0.048817 -0.048502
v -0.003000 -0.048150 -0.050335
v -0.003000 -0.048450 -0.050475
v -0.000300 -0.049425 -0.048786
v -0.000300 -0.049425 -0.048786
v -0.003000 -0.048450 -0.050475
v -0.003000 -0.048579 -0.050556
v -0.000300 -0.049425 -0.048786
v -0.003000 -0.048579 -0.050556
v -0.000300 -0.049975 -0.049171
v -0.000300 -0.049975 -0.049171
v -0.003000 -0.048579 -0.050556
v -0.003000 -0.048721 -0.050664
v -0.000300 -0.049975 -0.049171
v -0.003000 -0.048721 -0.050664
v -0.000300 -0.050449 -0.049645
v -0.000300 -0.050449 -0.049645
v -0.003000 -0.048721 -0.050664
v -0.003000 -0.048922 -0.050860
v -0.000300 -0.050449 -0.049645
v -0.003000 -0.048922 -0.050860
v -0.003000 -0.048956 -0.050899
v -0.003000 -0.047729 -0.050234
v -0.000300 -0.048168 -0.048329
v -0.003000 -0.047500 -0.050220
v -0.003000 -0.047500 -0.050220
v -0.000300 -0.048168 -0.048329
v -0.000300 -0.047500 -0.048270
v -0.003000 -0.047500 -0.050220
v -0.000300 -0.047500 -0.048270
v -0.003000 -0.047271 -0.050234
v -0.003000 -0.047271 -0.050234
v -0.000300 -0.047500 -0.048270
v -0.000300 -0.046831 -0.048329
v -0.003000 -0.047271 -0.050234
v -0.000300 -0.046831 -0.048329
v -0.003000 -0.047170 -0.050249
v -0.003000 -0.047170 -0.050249
v -0.000300 -0.046831 -0.048329
v -0.000300 -0.046183 -0.048502
v -0.003000 -0.046850 -0.050335
v -0.003000 -0.046850 -0.050335
v -0.000300 -0.046183 -0.048502
v -0.000300 -0.045575 -0.048786
v -0.003000 -0.046550 -0.050475
v -0.003000 -0.045818 -0.051237
v -0.003000 -0.045855 -0.051170
v -0.000300 -0.044166 -0.050195
v -0.000300 -0.044166 -0.050195
v -0.003000 -0.045855 -0.051170
v -0.003000 -0.046044 -0.050899
v -0.000300 -0.044551 -0.049645
v -0.000300 -0.044551 -0.049645
v -0.003000 -0.046044 -0.050899
v -0.003000 -0.046078 -0.050860
v -0.000300 -0.044551 -0.049645
v -0.003000 -0.046078 -0.050860
v -0.000300 -0.045025 -0.049171
v -0.000300 -0.045025 -0.049171
v -0.003000 -0.046078 -0.050860
v -0.003000 -0.046279 -0.050664
v -0.000300 -0.045025 -0.049171
v -0.003000 -0.046279 -0.050664
v -0.000300 -0.045575 -0.048786
v -0.000300 -0.045575 -0.048786
v -0.003000 -0.046279 -0.050664
v -0.003000 -0.046421 -0.050556
v -0.000300 -0.045575 -0.048786
v -0.003000 -0.046421 -0.050556
v -0.003000 -0.046550 -0.050475
v -0.003000 -0.045818 -0.051237
v -0.000300 -0.044166 -0.050195
v -0.003000 -0.045715 -0.051470
v -0.003000 -0.045715 -0.051470
v -0.000300 -0.044166 -0.050195
v -0.000300 -0.043882 -0.050803
v -0.003000 -0.045715 -0.051470
v -0.000300 -0.043882 -0.050803
v -0.003000 -0.045655 -0.051665
v -0.003000 -0.045655 -0.051665
v -0.000300 -0.043882 -0.050803
v -0.000300 -0.043708 -0.051452
v -0.003000 -0.045655 -0.051665
v -0.000300 -0.043708 -0.051452
v -0.003000 -0.045629 -0.051790
v -0.003000 -0.045629 -0.051790
v -0.000300 -0.043708 -0.051452
v -0.000300 -0.043650 -0.052120
v -0.003000 -0.045600 -0.052120
v 0.000000 -0.049000 -0.052120
v 0.000000 -0.048250 -0.053419
v -0.002000 -0.049000 -0.052120
v -0.002000 -0.048250 -0.053419
v 0.000000 -0.046750 -0.053419
v 0.000000 -0.046000 -0.052120
v -0.002000 -0.046750 -0.053419
v -0.002000 -0.046000 -0.052120
v -0.003000 -0.045600 -0.052120
v -0.007800 -0.045600 -0.052120
v -0.003000 -0.045629 -0.051790
v -0.003000 -0.045629 -0.051790
v -0.007800 -0.045600 -0.052120
v -0.007800 -0.045655 -0.051665
v -0.003000 -0.045629 -0.051790
v -0.007800 -0.045655 -0.051665
v -0.003000 -0.045655 -0.051665
v -0.003000 -0.045655 -0.051665
v -0.007800 -0.045655 -0.051665
v -0.003000 -0.045715 -0.051470
v -0.003000 -0.045715 -0.051470
v -0.007800 -0.045655 -0.051665
v -0.007800 -0.045818 -0.051237
v -0.003000 -0.045715 -0.051470
v -0.007800 -0.045818 -0.051237
v -0.003000 -0.045818 -0.051237
v -0.003000 -0.045818 -0.051237
v -0.007800 -0.045818 -0.051237
v -0.003000 -0.045855 -0.051170
v -0.003000 -0.045855 -0.051170
v -0.007800 -0.045818 -0.051237
v -0.007800 -0.046078 -0.050860
v -0.003000 -0.046044 -0.050899
v -0.007800 -0.046421 -0.050556
v -0.003000 -0.046279 -0.050664
v -0.007800 -0.046078 -0.050860
v -0.007800 -0.046078 -0.050860
v -0.003000 -0.046279 -0.050664
v -0.003000 -0.046078 -0.050860
v -0.007800 -0.046078 -0.050860
v -0.003000 -0.046078 -0.050860
v -0.003000 -0.046044 -0.050899
v -0.007800 -0.046826 -0.050343
v -0.003000 -0.046550 -0.050475
v -0.007800 -0.046421 -0.050556
v -0.007800 -0.046421 -0.050556
v -0.003000 -0.046550 -0.050475
v -0.003000 -0.046421 -0.050556
v -0.007800 -0.046421 -0.050556
v -0.003000 -0.046421 -0.050556
v -0.003000 -0.046279 -0.050664
v -0.007800 -0.047271 -0.050234
v -0.003000 -0.047170 -0.050249
v -0.007800 -0.046826 -0.050343
v -0.007800 -0.046826 -0.050343
v -0.003000 -0.047170 -0.050249
v -0.003000 -0.046850 -0.050335
v -0.007800 -0.046826 -0.050343
v -0.003000 -0.046850 -0.050335
v -0.003000 -0.046550 -0.050475
v -0.007800 -0.047729 -0.050234
v -0.003000 -0.047500 -0.050220
v -0.007800 -0.047271 -0.050234
v -0.007800 -0.047271 -0.050234
v -0.003000 -0.047500 -0.050220
v -0.003000 -0.047271 -0.050234
v -0.007800 -0.047271 -0.050234
v -0.003000 -0.047271 -0.050234
v -0.003000 -0.047170 -0.050249
v -0.007800 -0.048174 -0.050343
v -0.003000 -0.047830 -0.050249
v -0.007800 -0.047729 -0.050234
v -0.007800 -0.047729 -0.050234
v -0.003000 -0.047830 -0.050249
v -0.003000 -0.047729 -0.050234
v -0.007800 -0.047729 -0.050234
v -0.003000 -0.047729 -0.050234
v -0.003000 -0.047500 -0.050220
v -0.007800 -0.048579 -0.050556
v -0.003000 -0.048450 -0.050475
v -0.007800 -0.048174 -0.050343
v -0.007800 -0.048174 -0.050343
v -0.003000 -0.048450 -0.050475
v -0.003000 -0.048150 -0.050335
v -0.007800 -0.048174 -0.050343
v -0.003000 -0.048150 -0.050335
v -0.003000 -0.047830 -0.050249
v -0.007800 -0.048922 -0.050860
v -0.003000 -0.048721 -0.050664
v -0.007800 -0.048579 -0.050556
v -0.007800 -0.048579 -0.050556
v -0.003000 -0.048721 -0.050664
v -0.003000 -0.048579 -0.050556
v -0.007800 -0.048579 -0.050556
v -0.003000 -0.048579 -0.050556
v -0.003000 -0.048450 -0.050475
v -0.003000 -0.049182 -0.051237
v -0.003000 -0.049145 -0.051170
v -0.007800 -0.049182 -0.051237
v -0.007800 -0.049182 -0.051237
v -0.003000 -0.049145 -0.051170
v -0.003000 -0.048956 -0.050899
v -0.007800 -0.048922 -0.050860
v -0.007800 -0.048922 -0.050860
v -0.003000 -0.048956 -0.050899
v -0.003000 -0.048922 -0.050860
v -0.007800 -0.048922 -0.050860
v -0.003000 -0.048922 -0.050860
v -0.003000 -0.048721 -0.050664
v -0.003000 -0.049182 -0.051237
v -0.007800 -0.049182 -0.051237
v -0.003000 -0.049285 -0.051470
v -0.003000 -0.049285 -0.051470
v -0.007800 -0.049182 -0.051237
v -0.007800 -0.049345 -0.051665
v -0.003000 -0.049285 -0.051470
v -0.007800 -0.049345 -0.051665
v -0.003000 -0.049345 -0.051665
v -0.003000 -0.049345 -0.051665
v -0.007800 -0.049345 -0.051665
v -0.003000 -0.049371 -0.051790
v -0.003000 -0.049371 -0.051790
v -0.007800 -0.049345 -0.051665
v -0.007800 -0.049400 -0.052120
v -0.003000 -0.049371 -0.051790
v -0.007800 -0.049400 -0.052120
v -0.003000 -0.049400 -0.052120
v 0.000000 -0.048250 -0.053419
v 0.000000 -0.046750 -0.053419
v -0.002000 -0.048250 -0.053419
v -0.002000 -0.046750 -0.053419
v -0.008000 -0.049200 -0.052120
v -0.007800 -0.049400 -0.052120
v -0.007800 -0.049345 -0.051665
v -0.008000 -0.049151 -0.051713
v -0.008000 -0.049151 -0.051713
v -0.007800 -0.049345 -0.051665
v -0.007800 -0.049182 -0.051237
v -0.008000 -0.049005 -0.051330
v -0.008000 -0.049005 -0.051330
v -0.007800 -0.049182 -0.051237
v -0.007800 -0.048922 -0.050860
v -0.008000 -0.048772 -0.050993
v -0.008000 -0.048772 -0.050993
v -0.007800 -0.048922 -0.050860
v -0.007800 -0.048579 -0.050556
v -0.008000 -0.048466 -0.050721
v -0.008000 -0.048466 -0.050721
v -0.007800 -0.048579 -0.050556
v -0.007800 -0.048174 -0.050343
v -0.008000 -0.048103 -0.050531
v -0.008000 -0.048103 -0.050531
v -0.007800 -0.048174 -0.050343
v -0.007800 -0.047729 -0.050234
v -0.008000 -0.047705 -0.050432
v -0.008000 -0.047705 -0.050432
v -0.007800 -0.047729 -0.050234
v -0.007800 -0.047271 -0.050234
v -0.008000 -0.047295 -0.050432
v -0.008000 -0.047295 -0.050432
v -0.007800 -0.047271 -0.050234
v -0.007800 -0.046826 -0.050343
v -0.008000 -0.046897 -0.050531
v -0.008000 -0.046897 -0.050531
v -0.007800 -0.046826 -0.050343
v -0.007800 -0.046421 -0.050556
v -0.008000 -0.046534 -0.050721
v -0.008000 -0.046534 -0.050721
v -0.007800 -0.046421 -0.050556
v -0.007800 -0.046078 -0.050860
v -0.008000 -0.046227 -0.050993
v -0.008000 -0.046227 -0.050993
v -0.007800 -0.046078 -0.050860
v -0.007800 -0.045818 -0.051237
v -0.008000 -0.045995 -0.051330
v -0.008000 -0.045995 -0.051330
v -0.007800 -0.045818 -0.051237
v -0.007800 -0.045655 -0.051665
v -0.008000 -0.045849 -0.051713
v -0.008000 -0.045849 -0.051713
v -0.007800 -0.045655 -0.051665
v -0.007800 -0.045600 -0.052120
v -0.008000 -0.045800 -0.052120
v -0.008000 -0.047295 -0.053808
v -0.008000 -0.047705 -0.050432
v -0.008000 -0.047295 -0.050432
v -0.008000 -0.045995 -0.052910
v -0.008000 -0.046227 -0.053247
v -0.008000 -0.046227 -0.050993
v -0.008000 -0.046897 -0.050531
v -0.008000 -0.046534 -0.050721
v -0.008000 -0.046897 -0.053709
v -0.008000 -0.049200 -0.052120
v -0.008000 -0.049151 -0.051713
v -0.008000 -0.049151 -0.052527
v -0.008000 -0.049005 -0.051330
v -0.008000 -0.048772 -0.050993
v -0.008000 -0.048466 -0.050721
v -0.008000 -0.048103 -0.050531
v -0.008000 -0.045849 -0.051713
v -0.008000 -0.045800 -0.052120
v -0.008000 -0.045849 -0.052527
v -0.008000 -0.046534 -0.053519
v -0.008000 -0.047705 -0.053808
v -0.008000 -0.048103 -0.053709
v -0.008000 -0.048466 -0.053519
v -0.008000 -0.048772 -0.053247
v -0.008000 -0.049005 -0.052910
v -0.008000 -0.045995 -0.051330
v -0.003000 0.045250 -0.052250
v -0.002050 0.045250 -0.052250
v -0.003000 0.045551 -0.053375
v -0.002050 0.045551 -0.053375
v -0.003000 0.045551 -0.053375
v -0.002050 0.045551 -0.053375
v -0.003000 0.046375 -0.054199
v -0.002050 0.046375 -0.054199
v -0.003000 0.046375 -0.054199
v -0.002050 0.046375 -0.054199
v -0.003000 0.047500 -0.054500
v -0.002050 0.047500 -0.054500
v -0.003000 0.047500 -0.054500
v -0.002050 0.047500 -0.054500
v -0.003000 0.048625 -0.054199
v -0.002050 0.048625 -0.054199
v -0.003000 0.048625 -0.054199
v -0.002050 0.048625 -0.054199
v -0.003000 0.049449 -0.053375
v -0.002050 0.049449 -0.053375
v -0.003000 0.049449 -0.053375
v -0.002050 0.049449 -0.053375
v -0.003000 0.049750 -0.052250
v -0.002050 0.049750 -0.052250
v -0.003000 -0.049750 -0.052250
v -0.002050 -0.049750 -0.052250
v -0.003000 -0.049449 -0.053375
v -0.002050 -0.049449 -0.053375
v -0.003000 -0.049449 -0.053375
v -0.002050 -0.049449 -0.053375
v -0.003000 -0.048625 -0.054199
v -0.002050 -0.048625 -0.054199
v -0.003000 -0.048625 -0.054199
v -0.002050 -0.048625 -0.054199
v -0.003000 -0.047500 -0.054500
v -0.002050 -0.047500 -0.054500
v -0.003000 -0.047500 -0.054500
v -0.002050 -0.047500 -0.054500
v -0.003000 -0.046375 -0.054199
v -0.002050 -0.046375 -0.054199
v -0.003000 -0.046375 -0.054199
v -0.002050 -0.046375 -0.054199
v -0.003000 -0.045551 -0.053375
v -0.002050 -0.045551 -0.053375
v -0.003000 -0.045551 -0.053375
v -0.002050 -0.045551 -0.053375
v -0.003000 -0.045250 -0.052250
v -0.002050 -0.045250 -0.052250
v -0.003000 0.045250 0.052250
v -0.002050 0.045250 0.052250
v -0.003000 0.045551 0.051125
v -0.002050 0.045551 0.051125
v -0.003000 0.045551 0.051125
v -0.002050 0.045551 0.051125
v -0.003000 0.046375 0.050301
v -0.002050 0.046375 0.050301
v -0.003000 0.046375 0.050301
v -0.002050 0.046375 0.050301
v -0.003000 0.047500 0.050000
v -0.002050 0.047500 0.050000
v -0.003000 0.047500 0.050000
v -0.002050 0.047500 0.050000
v -0.003000 0.048625 0.050301
v -0.002050 0.048625 0.050301
v -0.003000 0.048625 0.050301
v -0.002050 0.048625 0.050301
v -0.003000 0.049449 0.051125
v -0.002050 0.049449 0.051125
v -0.003000 0.049449 0.051125
v -0.002050 0.049449 0.051125
v -0.003000 0.049750 0.052250
v -0.002050 0.049750 0.052250
v -0.003000 -0.049750 0.052250
v -0.002050 -0.049750 0.052250
v -0.003000 -0.049449 0.051125
v -0.002050 -0.049449 0.051125
v -0.003000 -0.049449 0.051125
v -0.002050 -0.049449 0.051125
v -0.003000 -0.048625 0.050301
v -0.002050 -0.048625 0.050301
v -0.003000 -0.048625 0.050301
v -0.002050 -0.048625 0.050301
v -0.003000 -0.047500 0.050000
v -0.002050 -0.047500 0.050000
v -0.003000 -0.047500 0.050000
v -0.002050 -0.047500 0.050000
v -0.003000 -0.046375 0.050301
v -0.002050 -0.046375 0.050301
v -0.003000 -0.046375 0.050301
v -0.002050 -0.046375 0.050301
v -0.003000 -0.045551 0.051125
v -0.002050 -0.045551 0.051125
v -0.003000 -0.045551 0.051125
v -0.002050 -0.045551 0.051125
v -0.003000 -0.045250 0.052250
v -0.002050 -0.045250 0.052250
v -0.002050 0.045250 -0.052250
v 0.000000 0.043200 -0.052250
v -0.002050 0.045551 -0.053375
v 0.000000 0.043776 -0.054400
v -0.002050 0.045551 -0.053375
v 0.000000 0.043776 -0.054400
v -0.002050 0.046375 -0.054199
v 0.000000 0.045350 -0.055974
v -0.002050 0.046375 -0.054199
v 0.000000 0.045350 -0.055974
v -0.002050 0.047500 -0.054500
v 0.000000 0.047500 -0.056550
v -0.002050 0.047500 -0.054500
v 0.000000 0.047500 -0.056550
v -0.002050 0.048625 -0.054199
v 0.000000 0.049650 -0.055974
v -0.002050 0.048625 -0.054199
v 0.000000 0.049650 -0.055974
v -0.002050 0.049449 -0.053375
v 0.000000 0.051224 -0.054400
v -0.002050 0.049449 -0.053375
v 0.000000 0.051224 -0.054400
v -0.002050 0.049750 -0.052250
v 0.000000 0.051800 -0.052250
v -0.002050 -0.049750 -0.052250
v 0.000000 -0.051800 -0.052250
v -0.002050 -0.049449 -0.053375
v 0.000000 -0.051224 -0.054400
v -0.002050 -0.049449 -0.053375
v 0.000000 -0.051224 -0.054400
v -0.002050 -0.048625 -0.054199
v 0.000000 -0.049650 -0.055974
v -0.002050 -0.048625 -0.054199
v 0.000000 -0.049650 -0.055974
v -0.002050 -0.047500 -0.054500
v 0.000000 -0.047500 -0.056550
v -0.002050 -0.047500 -0.054500
v 0.000000 -0.047500 -0.056550
v -0.002050 -0.046375 -0.054199
v 0.000000 -0.045350 -0.055974
v -0.002050 -0.046375 -0.054199
v 0.000000 -0.045350 -0.055974
v -0.002050 -0.045551 -0.053375
v 0.000000 -0.043776 -0.054400
v -0.002050 -0.045551 -0.053375
v 0.000000 -0.043776 -0.054400
v -0.002050 -0.045250 -0.052250
v 0.000000 -0.043200 -0.052250
v -0.002050 0.045250 0.052250
v 0.000000 0.043200 0.052250
v -0.002050 0.045551 0.051125
v 0.000000 0.043776 0.050100
v -0.002050 0.045551 0.051125
v 0.000000 0.043776 0.050100
v -0.002050 0.046375 0.050301
v 0.000000 0.045350 0.048526
v -0.002050 0.046375 0.050301
v 0.000000 0.045350 0.048526
v -0.002050 0.047500 0.050000
v 0.000000 0.047500 0.047950
v -0.002050 0.047500 0.050000
v 0.000000 0.047500 0.047950
v -0.002050 0.048625 0.050301
v 0.000000 0.049650 0.048526
v -0.002050 0.048625 0.050301
v 0.000000 0.049650 0.048526
v -0.002050 0.049449 0.051125
v 0.000000 0.051224 0.050100
v -0.002050 0.049449 0.051125
v 0.000000 0.051224 0.050100
v -0.002050 0.049750 0.052250
v 0.000000 0.051800 0.052250
v -0.002050 -0.049750 0.052250
v 0.000000 -0.051800 0.052250
v -0.002050 -0.049449 0.051125
v 0.000000 -0.051224 0.050100
v -0.002050 -0.049449 0.051125
v 0.000000 -0.051224 0.050100
v -0.002050 -0.048625 0.050301
v 0.000000 -0.049650 0.048526
v -0.002050 -0.048625 0.050301
v 0.000000 -0.049650 0.048526
v -0.002050 -0.047500 0.050000
v 0.000000 -0.047500 0.047950
v -0.002050 -0.047500 0.050000
v 0.000000 -0.047500 0.047950
v -0.002050 -0.046375 0.050301
v 0.000000 -0.045350 0.048526
v -0.002050 -0.046375 0.050301
v 0.000000 -0.045350 0.048526
v -0.002050 -0.045551 0.051125
v 0.000000 -0.043776 0.050100
v -0.002050 -0.045551 0.051125
v 0.000000 -0.043776 0.050100
v -0.002050 -0.045250 0.052250
v 0.000000 -0.043200 0.052250
v -0.003000 -0.067207 -0.029707
v -0.003000 -0.062379 -0.024879
v -0.003000 -0.048625 -0.050301
v -0.003000 0.045551 -0.051125
v -0.003000 -0.047500 -0.054500
v -0.003000 0.046375 -0.050301
v -0.003000 -0.046375 -0.054199
v -0.003000 0.047500 -0.050000
v -0.003000 0.047500 0.050000
v -0.003000 0.049750 -0.052250
v -0.003000 0.049449 -0.051125
v -0.003000 -0.067207 -0.057793
v -0.003000 -0.067424 -0.057468
v -0.003000 -0.067500 -0.057086
v -0.003000 0.067207 0.057793
v -0.003000 0.067424 0.057468
v -0.003000 0.067500 0.057086
v -0.003000 -0.046375 -0.050301
v -0.003000 -0.047500 -0.050000
v -0.003000 -0.047500 0.050000
v -0.003000 -0.049750 -0.052250
v -0.003000 -0.049449 -0.053375
v -0.003000 -0.062793 -0.062207
v -0.003000 -0.062468 -0.062424
v -0.003000 -0.067500 0.057086
v -0.003000 -0.049750 0.052250
v -0.003000 -0.067500 0.030414
v -0.003000 -0.049449 0.051125
v -0.003000 -0.067424 0.030032
v -0.003000 -0.048625 0.050301
v -0.003000 -0.067207 0.029707
v -0.003000 0.048625 -0.050301
v -0.003000 0.046375 0.050301
v -0.003000 -0.049449 -0.051125
v -0.003000 -0.067500 -0.030414
v -0.003000 -0.067424 -0.030032
v -0.003000 -0.045551 -0.053375
v -0.003000 -0.045250 -0.052250
v -0.003000 -0.045551 -0.051125
v -0.003000 0.045551 0.051125
v -0.003000 0.045250 0.052250
v -0.003000 -0.046375 0.050301
v -0.003000 -0.061728 0.023905
v -0.003000 -0.062379 0.024879
v -0.003000 -0.062086 -0.062500
v -0.003000 -0.048625 -0.054199
v -0.003000 0.047500 -0.054500
v -0.003000 0.062086 -0.062500
v -0.003000 0.048625 -0.054199
v -0.003000 0.062468 -0.062424
v -0.003000 0.049449 -0.053375
v -0.003000 0.048625 0.050301
v -0.003000 0.062379 0.024879
v -0.003000 0.067207 0.029707
v -0.003000 0.062086 0.062500
v -0.003000 0.062468 0.062424
v -0.003000 0.049449 0.053375
v -0.003000 0.062793 0.062207
v -0.003000 0.049750 0.052250
v -0.003000 0.048625 0.054199
v -0.003000 0.047500 0.054500
v -0.003000 -0.062086 0.062500
v -0.003000 0.046375 0.054199
v -0.003000 0.045551 0.053375
v -0.003000 0.045250 -0.052250
v -0.003000 0.045551 -0.053375
v -0.003000 0.046375 -0.054199
v -0.003000 -0.067424 0.057468
v -0.003000 -0.067207 0.057793
v -0.003000 -0.049449 0.053375
v -0.003000 -0.061728 -0.023905
v -0.003000 -0.061500 -0.022757
v -0.003000 -0.061500 0.022757
v -0.003000 -0.045551 0.051125
v -0.003000 -0.045250 0.052250
v -0.003000 -0.045551 0.053375
v -0.003000 0.049449 0.051125
v -0.003000 0.067500 0.030414
v -0.003000 0.067424 0.030032
v -0.003000 -0.046375 0.054199
v -0.003000 -0.047500 0.054500
v -0.003000 -0.048625 0.054199
v -0.003000 -0.062468 0.062424
v -0.003000 -0.062793 0.062207
v -0.003000 0.061728 0.023905
v -0.003000 0.061500 0.022757
v -0.003000 0.061500 -0.022757
v -0.003000 0.067207 -0.057793
v -0.003000 0.062793 -0.062207
v -0.003000 0.061728 -0.023905
v -0.003000 0.062379 -0.024879
v -0.003000 0.067207 -0.029707
v -0.003000 0.067424 -0.057468
v -0.003000 0.067500 -0.057086
v -0.003000 0.067500 -0.030414
v -0.003000 0.067424 -0.030032
v -0.003000 0.049750 -0.052250
v -0.002050 0.049750 -0.052250
v -0.003000 0.049449 -0.051125
v -0.002050 0.049449 -0.051125
v -0.003000 0.049449 -0.051125
v -0.002050 0.049449 -0.051125
v -0.003000 0.048625 -0.050301
v -0.002050 0.048625 -0.050301
v -0.003000 0.048625 -0.050301
v -0.002050 0.048625 -0.050301
v -0.003000 0.047500 -0.050000
v -0.002050 0.047500 -0.050000
v -0.003000 0.047500 -0.050000
v -0.002050 0.047500 -0.050000
v -0.003000 0.046375 -0.050301
v -0.002050 0.046375 -0.050301
v -0.003000 0.046375 -0.050301
v -0.002050 0.046375 -0.050301
v -0.003000 0.045551 -0.051125
v -0.002050 0.045551 -0.051125
v -0.003000 0.045551 -0.051125
v -0.002050 0.045551 -0.051125
v -0.003000 0.045250 -0.052250
v -0.002050 0.045250 -0.052250
v -0.003000 -0.045250 -0.052250
v -0.002050 -0.045250 -0.052250
v -0.003000 -0.045551 -0.051125
v -0.002050 -0.045551 -0.051125
v -0.003000 -0.045551 -0.051125
v -0.002050 -0.045551 -0.051125
v -0.003000 -0.046375 -0.050301
v -0.002050 -0.046375 -0.050301
v -0.003000 -0.046375 -0.050301
v -0.002050 -0.046375 -0.050301
v -0.003000 -0.047500 -0.050000
v -0.002050 -0.047500 -0.050000
v -0.003000 -0.047500 -0.050000
v -0.002050 -0.047500 -0.050000
v -0.003000 -0.048625 -0.050301
v -0.002050 -0.048625 -0.050301
v -0.003000 -0.048625 -0.050301
v -0.002050 -0.048625 -0.050301
v -0.003000 -0.049449 -0.051125
v -0.002050 -0.049449 -0.051125
v -0.003000 -0.049449 -0.051125
v -0.002050 -0.049449 -0.051125
v -0.003000 -0.049750 -0.052250
v -0.002050 -0.049750 -0.052250
v -0.003000 0.049750 0.052250
v -0.002050 0.049750 0.052250
v -0.003000 0.049449 0.053375
v -0.002050 0.049449 0.053375
v -0.003000 0.049449 0.053375
v -0.002050 0.049449 0.053375
v -0.003000 0.048625 0.054199
v -0.002050 0.048625 0.054199
v -0.003000 0.048625 0.054199
v -0.002050 0.048625 0.054199
v -0.003000 0.047500 0.054500
v -0.002050 0.047500 0.054500
v -0.003000 0.047500 0.054500
v -0.002050 0.047500 0.054500
v -0.003000 0.046375 0.054199
v -0.002050 0.046375 0.054199
v -0.003000 0.046375 0.054199
v -0.002050 0.046375 0.054199
v -0.003000 0.045551 0.053375
v -0.002050 0.045551 0.053375
v -0.003000 0.045551 0.053375
v -0.002050 0.045551 0.053375
v -0.003000 0.045250 0.052250
v -0.002050 0.045250 0.052250
v -0.003000 -0.045250 0.052250
v -0.002050 -0.045250 0.052250
v -0.003000 -0.045551 0.053375
v -0.002050 -0.045551 0.053375
v -0.003000 -0.045551 0.053375
v -0.002050 -0.045551 0.053375
v -0.003000 -0.046375 0.054199
v -0.002050 -0.046375 0.054199
v -0.003000 -0.046375 0.054199
v -0.002050 -0.046375 0.054199
v -0.003000 -0.047500 0.054500
v -0.002050 -0.047500 0.054500
v -0.003000 -0.047500 0.054500
v -0.002050 -0.047500 0.054500
v -0.003000 -0.048625 0.054199
v -0.002050 -0.048625 0.054199
v -0.003000 -0.048625 0.054199
v -0.002050 -0.048625 0.054199
v -0.003000 -0.049449 0.053375
v -0.002050 -0.049449 0.053375
v -0.003000 -0.049449 0.053375
v -0.002050 -0.049449 0.053375
v -0.003000 -0.049750 0.052250
v -0.002050 -0.049750 0.052250
v 0.000000 -0.067207 -0.029707
v 0.000000 -0.062379 -0.024879
v -0.003000 -0.067207 -0.029707
v -0.003000 -0.062379 -0.024879
v 0.000000 -0.067500 -0.030414
v -0.003000 -0.067500 -0.030414
v 0.000000 -0.067500 -0.042350
v -0.003000 -0.067500 -0.057086
v 0.000000 -0.067500 -0.057086
v -0.003000 -0.062793 -0.062207
v 0.000000 -0.062793 -0.062207
v -0.003000 -0.067207 -0.057793
v 0.000000 -0.067207 -0.057793
v 0.000000 -0.062086 -0.062500
v -0.003000 -0.062086 -0.062500
v 0.000000 0.042475 -0.062500
v -0.003000 0.062086 -0.062500
v 0.000000 0.062086 -0.062500
v -0.003000 0.067207 -0.057793
v 0.000000 0.067207 -0.057793
v -0.003000 0.062793 -0.062207
v 0.000000 0.062793 -0.062207
v 0.000000 0.067500 -0.057086
v -0.003000 0.067500 -0.057086
v 0.000000 0.067500 -0.042350
v -0.003000 0.067500 -0.030414
v 0.000000 0.067500 -0.030414
v -0.003000 0.062379 -0.024879
v 0.000000 0.062379 -0.024879
v -0.003000 0.067207 -0.029707
v 0.000000 0.067207 -0.029707
v 0.000000 0.062379 -0.024879
v -0.003000 0.062379 -0.024879
v 0.000000 0.061728 -0.023905
v -0.003000 0.061728 -0.023905
v 0.000000 0.061728 -0.023905
v -0.003000 0.061728 -0.023905
v 0.000000 0.061500 -0.022757
v -0.003000 0.061500 -0.022757
v 0.000000 0.061500 -0.022757
v -0.003000 0.061500 -0.022757
v 0.000000 0.061500 0.022757
v -0.003000 0.061500 0.022757
v 0.000000 0.061500 0.022757
v -0.003000 0.061500 0.022757
v 0.000000 0.061728 0.023905
v -0.003000 0.061728 0.023905
v 0.000000 0.061728 0.023905
v -0.003000 0.061728 0.023905
v 0.000000 0.062379 0.024879
v -0.003000 0.062379 0.024879
v 0.000000 0.062379 0.024879
v -0.003000 0.062379 0.024879
v 0.000000 0.067207 0.029707
v -0.003000 0.067207 0.029707
v -0.003000 0.067500 0.057086
v 0.000000 0.067500 0.057086
v -0.003000 0.067500 0.030414
v 0.000000 0.067500 0.030414
v -0.003000 0.062793 0.062207
v 0.000000 0.062793 0.062207
v -0.003000 0.067207 0.057793
v 0.000000 0.067207 0.057793
v 0.000000 0.062086 0.062500
v -0.003000 0.062086 0.062500
v 0.000000 0.042475 0.062500
v -0.003000 -0.062086 0.062500
v 0.000000 -0.062086 0.062500
v -0.003000 -0.067207 0.057793
v 0.000000 -0.067207 0.057793
v -0.003000 -0.062793 0.062207
v 0.000000 -0.062793 0.062207
v -0.003000 -0.067500 0.030414
v 0.000000 -0.067500 0.030414
v -0.003000 -0.067500 0.057086
v 0.000000 -0.067500 0.057086
v -0.003000 -0.067207 0.029707
v -0.003000 -0.062379 0.024879
v 0.000000 -0.067207 0.029707
v 0.000000 -0.062379 0.024879
v 0.000000 -0.062379 0.024879
v -0.003000 -0.062379 0.024879
v 0.000000 -0.061728 0.023905
v -0.003000 -0.061728 0.023905
v 0.000000 -0.061728 0.023905
v -0.003000 -0.061728 0.023905
v 0.000000 -0.061500 0.022757
v -0.003000 -0.061500 0.022757
v -0.003000 -0.061500 0.022757
v -0.003000 -0.061500 -0.022757
v 0.000000 -0.061500 0.022757
v 0.000000 -0.061500 -0.022757
v -0.003000 -0.062379 -0.024879
v 0.000000 -0.062379 -0.024879
v -0.003000 -0.061728 -0.023905
v 0.000000 -0.061728 -0.023905
v -0.003000 -0.061728 -0.023905
v 0.000000 -0.061728 -0.023905
v -0.003000 -0.061500 -0.022757
v 0.000000 -0.061500 -0.022757
v -0.002050 0.049750 -0.052250
v 0.000000 0.051800 -0.052250
v -0.002050 0.049449 -0.051125
v 0.000000 0.051224 -0.050100
v -0.002050 0.049449 -0.051125
v 0.000000 0.051224 -0.050100
v -0.002050 0.048625 -0.050301
v 0.000000 0.049650 -0.048526
v -0.002050 0.048625 -0.050301
v 0.000000 0.049650 -0.048526
v -0.002050 0.047500 -0.050000
v 0.000000 0.047500 -0.047950
v -0.002050 0.047500 -0.050000
v 0.000000 0.047500 -0.047950
v -0.002050 0.046375 -0.050301
v 0.000000 0.045350 -0.048526
v -0.002050 0.046375 -0.050301
v 0.000000 0.045350 -0.048526
v -0.002050 0.045551 -0.051125
v 0.000000 0.043776 -0.050100
v -0.002050 0.045551 -0.051125
v 0.000000 0.043776 -0.050100
v -0.002050 0.045250 -0.052250
v 0.000000 0.043200 -0.052250
v -0.002050 -0.045250 -0.052250
v 0.000000 -0.043200 -0.052250
v -0.002050 -0.045551 -0.051125
v 0.000000 -0.043776 -0.050100
v -0.002050 -0.045551 -0.051125
v 0.000000 -0.043776 -0.050100
v -0.002050 -0.046375 -0.050301
v 0.000000 -0.045350 -0.048526
v -0.002050 -0.046375 -0.050301
v 0.000000 -0.045350 -0.048526
v -0.002050 -0.047500 -0.050000
v 0.000000 -0.047500 -0.047950
v -0.002050 -0.047500 -0.050000
v 0.000000 -0.047500 -0.047950
v -0.002050 -0.048625 -0.050301
v 0.000000 -0.049650 -0.048526
v -0.002050 -0.048625 -0.050301
v 0.000000 -0.049650 -0.048526
v -0.002050 -0.049449 -0.051125
v 0.000000 -0.051224 -0.050100
v -0.002050 -0.049449 -0.051125
v 0.000000 -0.051224 -0.050100
v -0.002050 -0.049750 -0.052250
v 0.000000 -0.051800 -0.052250
v -0.002050 0.049750 0.052250
v 0.000000 0.051800 0.052250
v -0.002050 0.049449 0.053375
v 0.000000 0.051224 0.054400
v -0.002050 0.049449 0.053375
v 0.000000 0.051224 0.054400
v -0.002050 0.048625 0.054199
v 0.000000 0.049650 0.055974
v -0.002050 0.048625 0.054199
v 0.000000 0.049650 0.055974
v -0.002050 0.047500 0.054500
v 0.000000 0.047500 0.056550
v -0.002050 0.047500 0.054500
v 0.000000 0.047500 0.056550
v -0.002050 0.046375 0.054199
v 0.000000 0.045350 0.055974
v -0.002050 0.046375 0.054199
v 0.000000 0.045350 0.055974
v -0.002050 0.045551 0.053375
v 0.000000 0.043776 0.054400
v -0.002050 0.045551 0.053375
v 0.000000 0.043776 0.054400
v -0.002050 0.045250 0.052250
v 0.000000 0.043200 0.052250
v -0.002050 -0.045250 0.052250
v 0.000000 -0.043200 0.052250
v -0.002050 -0.045551 0.053375
v 0.000000 -0.043776 0.054400
v -0.002050 -0.045551 0.053375
v 0.000000 -0.043776 0.054400
v -0.002050 -0.046375 0.054199
v 0.000000 -0.045350 0.055974
v -0.002050 -0.046375 0.054199
v 0.000000 -0.045350 0.055974
v -0.002050 -0.047500 0.054500
v 0.000000 -0.047500 0.056550
v -0.002050 -0.047500 0.054500
v 0.000000 -0.047500 0.056550
v -0.002050 -0.048625 0.054199
v 0.000000 -0.049650 0.055974
v -0.002050 -0.048625 0.054199
v 0.000000 -0.049650 0.055974
v -0.002050 -0.049449 0.053375
v 0.000000 -0.051224 0.054400
v -0.002050 -0.049449 0.053375
v 0.000000 -0.051224 0.054400
v -0.002050 -0.049750 0.052250
v 0.000000 -0.051800 0.052250
v 0.000000 -0.067207 -0.029707
v -0.003000 -0.067207 -0.029707
v -0.003000 -0.067424 -0.030032
v 0.000000 -0.067424 -0.030032
v 0.000000 -0.067424 -0.030032
v -0.003000 -0.067424 -0.030032
v -0.003000 -0.067500 -0.030414
v 0.000000 -0.067500 -0.030414
v 0.000000 -0.043776 -0.050100
v 0.000000 -0.043200 -0.052250
v 0.000000 0.042475 -0.042350
v 0.000000 -0.047500 0.047950
v 0.000000 -0.041750 -0.030000
v 0.000000 -0.045350 0.048526
v 0.000000 -0.043776 0.050100
v 0.000000 -0.045350 0.055974
v 0.000000 -0.043776 0.054400
v 0.000000 0.042475 0.062500
v 0.000000 -0.067207 0.057793
v 0.000000 -0.067424 0.057468
v 0.000000 -0.067500 0.057086
v 0.000000 -0.051800 0.052250
v 0.000000 -0.051224 0.054400
v 0.000000 -0.062793 0.062207
v 0.000000 -0.047500 0.056550
v 0.000000 -0.062086 0.062500
v 0.000000 -0.049650 0.055974
v 0.000000 0.037583 0.036236
v 0.000000 0.039773 0.034773
v 0.000000 0.041236 0.032583
v 0.000000 0.039773 -0.034773
v 0.000000 0.037583 -0.036236
v 0.000000 -0.041236 0.032583
v 0.000000 -0.039773 0.034773
v 0.000000 -0.043200 0.052250
v 0.000000 -0.062468 0.062424
v 0.000000 -0.051224 0.050100
v 0.000000 -0.067500 0.030414
v 0.000000 -0.049650 0.048526
v 0.000000 -0.067424 0.030032
v 0.000000 -0.041750 0.030000
v 0.000000 0.041750 0.030000
v 0.000000 0.041750 -0.030000
v 0.000000 0.041236 -0.032583
v 0.000000 -0.037583 0.036236
v 0.000000 -0.035000 0.036750
v 0.000000 -0.067207 0.029707
v 0.000000 -0.062379 0.024879
v 0.000000 0.035000 0.036750
v 0.000000 0.035000 -0.036750
v 0.000000 -0.035000 -0.036750
v 0.000000 -0.067500 -0.042350
v 0.000000 -0.037583 -0.036236
v 0.000000 -0.041236 -0.032583
v 0.000000 -0.062379 -0.024879
v 0.000000 -0.067207 -0.029707
v 0.000000 -0.061728 0.023905
v 0.000000 -0.061500 0.022757
v 0.000000 -0.061500 -0.022757
v 0.000000 -0.061728 -0.023905
v 0.000000 -0.039773 -0.034773
v 0.000000 -0.067500 -0.030414
v 0.000000 -0.067424 -0.030032
v 0.000000 0.047500 0.047950
v 0.000000 0.045350 0.048526
v 0.000000 0.043776 0.050100
v 0.000000 0.067500 0.057086
v 0.000000 0.051800 0.052250
v 0.000000 0.067500 0.030414
v 0.000000 0.051224 0.050100
v 0.000000 0.067424 0.030032
v 0.000000 0.049650 0.048526
v 0.000000 0.067207 0.029707
v 0.000000 0.043200 0.052250
v 0.000000 0.043776 0.054400
v 0.000000 0.067207 -0.029707
v 0.000000 0.062379 -0.024879
v 0.000000 0.061728 0.023905
v 0.000000 0.062379 0.024879
v 0.000000 0.061728 -0.023905
v 0.000000 0.061500 -0.022757
v 0.000000 0.061500 0.022757
v 0.000000 0.045350 0.055974
v 0.000000 0.047500 0.056550
v 0.000000 0.062086 0.062500
v 0.000000 0.049650 0.055974
v 0.000000 0.062468 0.062424
v 0.000000 0.051224 0.054400
v 0.000000 0.067424 0.057468
v 0.000000 0.067207 0.057793
v 0.000000 0.062793 0.062207
v 0.000000 0.067207 -0.057793
v 0.000000 0.067424 -0.057468
v 0.000000 0.067500 -0.057086
v 0.000000 0.051800 -0.052250
v 0.000000 0.051224 -0.054400
v 0.000000 0.062793 -0.062207
v 0.000000 0.067424 -0.030032
v 0.000000 0.067500 -0.030414
v 0.000000 0.067500 -0.042350
v 0.000000 0.047500 -0.047950
v 0.000000 0.051224 -0.050100
v 0.000000 0.049650 -0.048526
v 0.000000 0.047500 -0.056550
v 0.000000 0.042475 -0.062500
v 0.000000 0.049650 -0.055974
v 0.000000 0.062086 -0.062500
v 0.000000 0.062468 -0.062424
v 0.000000 0.043200 -0.052250
v 0.000000 0.043776 -0.050100
v 0.000000 0.045350 -0.048526
v 0.000000 0.045350 -0.055974
v 0.000000 0.043776 -0.054400
v 0.000000 -0.043776 -0.054400
v 0.000000 -0.067500 -0.057086
v 0.000000 -0.051800 -0.052250
v 0.000000 -0.051224 -0.050100
v 0.000000 -0.045350 -0.055974
v 0.000000 -0.047500 -0.056550
v 0.000000 -0.062086 -0.062500
v 0.000000 -0.049650 -0.055974
v 0.000000 -0.062468 -0.062424
v 0.000000 -0.051224 -0.054400
v 0.000000 -0.067424 -0.057468
v 0.000000 -0.067207 -0.057793
v 0.000000 -0.062793 -0.062207
v 0.000000 -0.049650 -0.048526
v 0.000000 -0.047500 -0.047950
v 0.000000 -0.045350 -0.048526
v -0.003000 -0.067207 -0.057793
v 0.000000 -0.067207 -0.057793
v 0.000000 -0.067424 -0.057468
v -0.003000 -0.067424 -0.057468
v -0.003000 -0.067424 -0.057468
v 0.000000 -0.067424 -0.057468
v 0.000000 -0.067500 -0.057086
v -0.003000 -0.067500 -0.057086
v 0.000000 -0.062793 -0.062207
v -0.003000 -0.062793 -0.062207
v -0.003000 -0.062468 -0.062424
v 0.000000 -0.062468 -0.062424
v 0.000000 -0.062468 -0.062424
v -0.003000 -0.062468 -0.062424
v -0.003000 -0.062086 -0.062500
v 0.000000 -0.062086 -0.062500
v -0.003000 0.062793 -0.062207
v 0.000000 0.062793 -0.062207
v 0.000000 0.062468 -0.062424
v -0.003000 0.062468 -0.062424
v -0.003000 0.062468 -0.062424
v 0.000000 0.062468 -0.062424
v 0.000000 0.062086 -0.062500
v -0.003000 0.062086 -0.062500
v 0.000000 0.067207 -0.057793
v -0.003000 0.067207 -0.057793
v -0.003000 0.067424 -0.057468
v 0.000000 0.067424 -0.057468
v 0.000000 0.067424 -0.057468
v -0.003000 0.067424 -0.057468
v -0.003000 0.067500 -0.057086
v 0.000000 0.067500 -0.057086
v -0.003000 0.067207 -0.029707
v 0.000000 0.067207 -0.029707
v 0.000000 0.067424 -0.030032
v -0.003000 0.067424 -0.030032
v -0.003000 0.067424 -0.030032
v 0.000000 0.067424 -0.030032
v 0.000000 0.067500 -0.030414
v -0.003000 0.067500 -0.030414
v -0.003000 0.067500 0.030414
v 0.000000 0.067500 0.030414
v 0.000000 0.067424 0.030032
v -0.003000 0.067424 0.030032
v -0.003000 0.067424 0.030032
v 0.000000 0.067424 0.030032
v 0.000000 0.067207 0.029707
v -0.003000 0.067207 0.029707
v -0.003000 0.067207 0.057793
v 0.000000 0.067207 0.057793
v 0.000000 0.067424 0.057468
v -0.003000 0.067424 0.057468
v -0.003000 0.067424 0.057468
v 0.000000 0.067424 0.057468
v 0.000000 0.067500 0.057086
v -0.003000 0.067500 0.057086
v 0.000000 0.062793 0.062207
v -0.003000 0.062793 0.062207
v -0.003000 0.062468 0.062424
v 0.000000 0.062468 0.062424
v 0.000000 0.062468 0.062424
v -0.003000 0.062468 0.062424
v -0.003000 0.062086 0.062500
v 0.000000 0.062086 0.062500
v -0.003000 -0.062793 0.062207
v 0.000000 -0.062793 0.062207
v 0.000000 -0.062468 0.062424
v -0.003000 -0.062468 0.062424
v -0.003000 -0.062468 0.062424
v 0.000000 -0.062468 0.062424
v 0.000000 -0.062086 0.062500
v -0.003000 -0.062086 0.062500
v 0.000000 -0.067207 0.057793
v -0.003000 -0.067207 0.057793
v -0.003000 -0.067424 0.057468
v 0.000000 -0.067424 0.057468
v 0.000000 -0.067424 0.057468
v -0.003000 -0.067424 0.057468
v -0.003000 -0.067500 0.057086
v 0.000000 -0.067500 0.057086
v 0.000000 -0.067500 0.030414
v -0.003000 -0.067500 0.030414
v -0.003000 -0.067424 0.030032
v 0.000000 -0.067424 0.030032
v 0.000000 -0.067424 0.030032
v -0.003000 -0.067424 0.030032
v -0.003000 -0.067207 0.029707
v 0.000000 -0.067207 0.029707
v -0.000300 -0.041450 -0.030000
v 0.000000 -0.041750 -0.030000
v -0.000300 -0.040959 -0.032468
v 0.000000 -0.041236 -0.032583
v -0.000300 -0.040959 -0.032468
v 0.000000 -0.041236 -0.032583
v -0.000300 -0.039561 -0.034561
v 0.000000 -0.039773 -0.034773
v -0.000300 -0.039561 -0.034561
v 0.000000 -0.039773 -0.034773
v -0.000300 -0.037468 -0.035959
v 0.000000 -0.037583 -0.036236
v -0.000300 -0.037468 -0.035959
v 0.000000 -0.037583 -0.036236
v -0.000300 -0.035000 -0.036450
v 0.000000 -0.035000 -0.036750
v 0.000000 -0.041750 0.030000
v 0.000000 -0.041750 -0.030000
v -0.000300 -0.041450 0.030000
v -0.000300 -0.041450 -0.030000
v -0.000300 -0.035000 0.036450
v 0.000000 -0.035000 0.036750
v -0.000300 -0.037468 0.035959
v 0.000000 -0.037583 0.036236
v -0.000300 -0.037468 0.035959
v 0.000000 -0.037583 0.036236
v -0.000300 -0.039561 0.034561
v 0.000000 -0.039773 0.034773
v -0.000300 -0.039561 0.034561
v 0.000000 -0.039773 0.034773
v -0.000300 -0.040959 0.032468
v 0.000000 -0.041236 0.032583
v -0.000300 -0.040959 0.032468
v 0.000000 -0.041236 0.032583
v -0.000300 -0.041450 0.030000
v 0.000000 -0.041750 0.030000
v 0.000000 0.035000 0.036750
v 0.000000 -0.035000 0.036750
v -0.000300 0.035000 0.036450
v -0.000300 -0.035000 0.036450
v -0.000300 0.041450 0.030000
v 0.000000 0.041750 0.030000
v -0.000300 0.040959 0.032468
v 0.000000 0.041236 0.032583
v -0.000300 0.040959 0.032468
v 0.000000 0.041236 0.032583
v -0.000300 0.039561 0.034561
v 0.000000 0.039773 0.034773
v -0.000300 0.039561 0.034561
v 0.000000 0.039773 0.034773
v -0.000300 0.037468 0.035959
v 0.000000 0.037583 0.036236
v -0.000300 0.037468 0.035959
v 0.000000 0.037583 0.036236
v -0.000300 0.035000 0.036450
v 0.000000 0.035000 0.036750
v -0.000300 0.041450 0.030000
v -0.000300 0.041450 -0.030000
v 0.000000 0.041750 0.030000
v 0.000000 0.041750 -0.030000
v -0.000300 0.035000 -0.036450
v 0.000000 0.035000 -0.036750
v -0.000300 0.037468 -0.035959
v 0.000000 0.037583 -0.036236
v -0.000300 0.037468 -0.035959
v 0.000000 0.037583 -0.036236
v -0.000300 0.039561 -0.034561
v 0.000000 0.039773 -0.034773
v -0.000300 0.039561 -0.034561
v 0.000000 0.039773 -0.034773
v -0.000300 0.040959 -0.032468
v 0.000000 0.041236 -0.032583
v -0.000300 0.040959 -0.032468
v 0.000000 0.041236 -0.032583
v -0.000300 0.041450 -0.030000
v 0.000000 0.041750 -0.030000
v 0.000000 -0.035000 -0.036750
v 0.000000 0.035000 -0.036750
v -0.000300 -0.035000 -0.036450
v -0.000300 0.035000 -0.036450
v -0.000300 -0.036775 -0.033074
v -0.000300 -0.037468 -0.035959
v -0.000300 -0.035000 -0.033550
v -0.000300 -0.035000 -0.036450
v -0.000300 0.035000 -0.033550
v -0.000300 0.035000 -0.036450
v -0.000300 0.036775 -0.033074
v -0.000300 0.037468 -0.035959
v -0.000300 0.038074 -0.031775
v -0.000300 0.039561 -0.034561
v -0.000300 0.040959 -0.032468
v -0.000300 0.038550 -0.030000
v -0.000300 0.041450 -0.030000
v -0.000300 0.038550 0.030000
v -0.000300 0.041450 0.030000
v -0.000300 0.038280 0.031358
v -0.000300 0.040959 0.032468
v -0.000300 0.037510 0.032510
v -0.000300 0.039561 0.034561
v -0.000300 0.036359 0.033280
v -0.000300 0.037468 0.035959
v -0.000300 0.035000 0.033550
v -0.000300 0.035000 0.036450
v -0.000300 -0.035000 0.033550
v -0.000300 -0.035000 0.036450
v -0.000300 -0.036359 0.033280
v -0.000300 -0.037468 0.035959
v -0.000300 -0.037510 0.032510
v -0.000300 -0.039561 0.034561
v -0.000300 -0.038280 0.031358
v -0.000300 -0.040959 0.032468
v -0.000300 -0.038550 0.030000
v -0.000300 -0.041450 0.030000
v -0.000300 -0.038550 -0.030000
v -0.000300 -0.041450 -0.030000
v -0.000300 -0.038074 -0.031775
v -0.000300 -0.040959 -0.032468
v -0.000300 -0.039561 -0.034561
v 0.000000 0.038250 0.030000
v -0.000300 0.038550 0.030000
v -0.000300 0.038280 0.031358
v 0.000000 0.038003 0.031244
v 0.000000 0.038003 0.031244
v -0.000300 0.038280 0.031358
v -0.000300 0.037510 0.032510
v 0.000000 0.037298 0.032298
v 0.000000 0.037298 0.032298
v -0.000300 0.037510 0.032510
v -0.000300 0.036359 0.033280
v 0.000000 0.036244 0.033003
v 0.000000 0.036244 0.033003
v -0.000300 0.036359 0.033280
v -0.000300 0.035000 0.033550
v 0.000000 0.035000 0.033250
v -0.000300 0.038550 -0.030000
v -0.000300 0.038550 0.030000
v 0.000000 0.038250 -0.030000
v 0.000000 0.038250 0.030000
v 0.000000 0.035000 -0.033250
v -0.000300 0.035000 -0.033550
v -0.000300 0.036775 -0.033074
v 0.000000 0.036625 -0.032815
v 0.000000 0.036625 -0.032815
v -0.000300 0.036775 -0.033074
v -0.000300 0.038074 -0.031775
v 0.000000 0.037815 -0.031625
v 0.000000 0.037815 -0.031625
v -0.000300 0.038074 -0.031775
v -0.000300 0.038550 -0.030000
v 0.000000 0.038250 -0.030000
v 0.000000 0.035000 -0.033250
v 0.000000 -0.035000 -0.033250
v -0.000300 0.035000 -0.033550
v -0.000300 -0.035000 -0.033550
v 0.000000 -0.038250 -0.030000
v -0.000300 -0.038550 -0.030000
v -0.000300 -0.038074 -0.031775
v 0.000000 -0.037815 -0.031625
v 0.000000 -0.037815 -0.031625
v -0.000300 -0.038074 -0.031775
v -0.000300 -0.036775 -0.033074
v 0.000000 -0.036625 -0.032815
v 0.000000 -0.036625 -0.032815
v -0.000300 -0.036775 -0.033074
v -0.000300 -0.035000 -0.033550
v 0.000000 -0.035000 -0.033250
v 0.000000 -0.038250 -0.030000
v 0.000000 -0.038250 0.030000
v -0.000300 -0.038550 -0.030000
v -0.000300 -0.038550 0.030000
v 0.000000 -0.035000 0.033250
v -0.000300 -0.035000 0.033550
v -0.000300 -0.036359 0.033280
v 0.000000 -0.036244 0.033003
v 0.000000 -0.036244 0.033003
v -0.000300 -0.036359 0.033280
v -0.000300 -0.037510 0.032510
v 0.000000 -0.037298 0.032298
v 0.000000 -0.037298 0.032298
v -0.000300 -0.037510 0.032510
v -0.000300 -0.038280 0.031358
v 0.000000 -0.038003 0.031244
v 0.000000 -0.038003 0.031244
v -0.000300 -0.038280 0.031358
v -0.000300 -0.038550 0.030000
v 0.000000 -0.038250 0.030000
v 0.000000 -0.035000 0.033250
v 0.000000 0.035000 0.033250
v -0.000300 -0.035000 0.033550
v -0.000300 0.035000 0.033550
v 0.000000 0.035000 -0.033250
v 0.000000 0.036625 -0.032815
v 0.000000 0.037815 -0.031625
v 0.000000 -0.037815 -0.031625
v 0.000000 -0.036625 -0.032815
v 0.000000 -0.038250 -0.030000
v 0.000000 -0.035000 -0.033250
v 0.000000 -0.038250 0.030000
v 0.000000 0.038250 -0.030000
v 0.000000 0.035000 0.033250
v 0.000000 -0.035000 0.033250
v 0.000000 -0.036244 0.033003
v 0.000000 -0.038003 0.031244
v 0.000000 -0.037298 0.032298
v 0.000000 0.037298 0.032298
v 0.000000 0.036244 0.033003
v 0.000000 0.038003 0.031244
v 0.000000 0.038250 0.030000
v 0.000000 0.051350 0.052250
v -0.000300 0.051350 0.052250
v -0.000300 0.051291 0.052919
v 0.000000 0.051291 0.052919
v 0.000000 0.051291 0.052919
v -0.000300 0.051291 0.052919
v -0.000300 0.051118 0.053567
v 0.000000 0.051118 0.053567
v 0.000000 0.051118 0.053567
v -0.000300 0.051118 0.053567
v -0.000300 0.050834 0.054175
v 0.000000 0.050834 0.054175
v 0.000000 0.050834 0.054175
v -0.000300 0.050834 0.054175
v -0.000300 0.050449 0.054725
v 0.000000 0.050449 0.054725
v 0.000000 0.050449 0.054725
v -0.000300 0.050449 0.054725
v -0.000300 0.049975 0.055199
v 0.000000 0.049975 0.055199
v 0.000000 0.049975 0.055199
v -0.000300 0.049975 0.055199
v -0.000300 0.049425 0.055584
v 0.000000 0.049425 0.055584
v 0.000000 0.049425 0.055584
v -0.000300 0.049425 0.055584
v -0.000300 0.048817 0.055868
v 0.000000 0.048817 0.055868
v 0.000000 0.048817 0.055868
v -0.000300 0.048817 0.055868
v -0.000300 0.048168 0.056042
v 0.000000 0.048168 0.056042
v 0.000000 0.048168 0.056042
v -0.000300 0.048168 0.056042
v -0.000300 0.047500 0.056100
v 0.000000 0.047500 0.056100
v 0.000000 0.047500 0.056100
v -0.000300 0.047500 0.056100
v -0.000300 0.046831 0.056042
v 0.000000 0.046831 0.056042
v 0.000000 0.046831 0.056042
v -0.000300 0.046831 0.056042
v -0.000300 0.046183 0.055868
v 0.000000 0.046183 0.055868
v 0.000000 0.046183 0.055868
v -0.000300 0.046183 0.055868
v -0.000300 0.045575 0.055584
v 0.000000 0.045575 0.055584
v 0.000000 0.045575 0.055584
v -0.000300 0.045575 0.055584
v -0.000300 0.045025 0.055199
v 0.000000 0.045025 0.055199
v 0.000000 0.045025 0.055199
v -0.000300 0.045025 0.055199
v -0.000300 0.044551 0.054725
v 0.000000 0.044551 0.054725
v 0.000000 0.044551 0.054725
v -0.000300 0.044551 0.054725
v -0.000300 0.044166 0.054175
v 0.000000 0.044166 0.054175
v 0.000000 0.044166 0.054175
v -0.000300 0.044166 0.054175
v -0.000300 0.043882 0.053567
v 0.000000 0.043882 0.053567
v 0.000000 0.043882 0.053567
v -0.000300 0.043882 0.053567
v -0.000300 0.043708 0.052919
v 0.000000 0.043708 0.052919
v 0.000000 0.043708 0.052919
v -0.000300 0.043708 0.052919
v -0.000300 0.043650 0.052250
v 0.000000 0.043650 0.052250
v -0.003000 0.045655 0.052705
v -0.003000 0.045629 0.052580
v -0.000300 0.043708 0.052919
v -0.000300 0.043708 0.052919
v -0.003000 0.045629 0.052580
v -0.003000 0.045600 0.052250
v -0.000300 0.043650 0.052250
v -0.003000 0.045655 0.052705
v -0.000300 0.043708 0.052919
v -0.003000 0.045715 0.052900
v -0.003000 0.045715 0.052900
v -0.000300 0.043708 0.052919
v -0.000300 0.043882 0.053567
v -0.003000 0.045715 0.052900
v -0.000300 0.043882 0.053567
v -0.003000 0.045818 0.053133
v -0.003000 0.045818 0.053133
v -0.000300 0.043882 0.053567
v -0.000300 0.044166 0.054175
v -0.003000 0.045818 0.053133
v -0.000300 0.044166 0.054175
v -0.003000 0.045855 0.053200
v -0.003000 0.045855 0.053200
v -0.000300 0.044166 0.054175
v -0.000300 0.044551 0.054725
v -0.003000 0.046044 0.053471
v -0.003000 0.047271 0.054136
v -0.003000 0.047170 0.054121
v -0.000300 0.046831 0.056042
v -0.000300 0.046831 0.056042
v -0.003000 0.047170 0.054121
v -0.003000 0.046850 0.054035
v -0.000300 0.046183 0.055868
v -0.000300 0.046183 0.055868
v -0.003000 0.046850 0.054035
v -0.003000 0.046550 0.053895
v -0.000300 0.045575 0.055584
v -0.000300 0.045575 0.055584
v -0.003000 0.046550 0.053895
v -0.003000 0.046421 0.053814
v -0.000300 0.045575 0.055584
v -0.003000 0.046421 0.053814
v -0.000300 0.045025 0.055199
v -0.000300 0.045025 0.055199
v -0.003000 0.046421 0.053814
v -0.003000 0.046279 0.053705
v -0.000300 0.045025 0.055199
v -0.003000 0.046279 0.053705
v -0.000300 0.044551 0.054725
v -0.000300 0.044551 0.054725
v -0.003000 0.046279 0.053705
v -0.003000 0.046078 0.053510
v -0.000300 0.044551 0.054725
v -0.003000 0.046078 0.053510
v -0.003000 0.046044 0.053471
v -0.003000 0.047271 0.054136
v -0.000300 0.046831 0.056042
v -0.003000 0.047500 0.054150
v -0.003000 0.047500 0.054150
v -0.000300 0.046831 0.056042
v -0.000300 0.047500 0.056100
v -0.003000 0.047500 0.054150
v -0.000300 0.047500 0.056100
v -0.003000 0.047729 0.054136
v -0.003000 0.047729 0.054136
v -0.000300 0.047500 0.056100
v -0.000300 0.048168 0.056042
v -0.003000 0.047729 0.054136
v -0.000300 0.048168 0.056042
v -0.003000 0.047830 0.054121
v -0.003000 0.047830 0.054121
v -0.000300 0.048168 0.056042
v -0.000300 0.048817 0.055868
v -0.003000 0.048150 0.054035
v -0.003000 0.048150 0.054035
v -0.000300 0.048817 0.055868
v -0.000300 0.049425 0.055584
v -0.003000 0.048450 0.053895
v -0.003000 0.049182 0.053133
v -0.003000 0.049145 0.053200
v -0.000300 0.050834 0.054175
v -0.000300 0.050834 0.054175
v -0.003000 0.049145 0.053200
v -0.003000 0.048956 0.053471
v -0.000300 0.050449 0.054725
v -0.000300 0.050449 0.054725
v -0.003000 0.048956 0.053471
v -0.003000 0.048922 0.053510
v -0.000300 0.050449 0.054725
v -0.003000 0.048922 0.053510
v -0.000300 0.049975 0.055199
v -0.000300 0.049975 0.055199
v -0.003000 0.048922 0.053510
v -0.003000 0.048721 0.053705
v -0.000300 0.049975 0.055199
v -0.003000 0.048721 0.053705
v -0.000300 0.049425 0.055584
v -0.000300 0.049425 0.055584
v -0.003000 0.048721 0.053705
v -0.003000 0.048579 0.053814
v -0.000300 0.049425 0.055584
v -0.003000 0.048579 0.053814
v -0.003000 0.048450 0.053895
v -0.003000 0.049182 0.053133
v -0.000300 0.050834 0.054175
v -0.003000 0.049285 0.052900
v -0.003000 0.049285 0.052900
v -0.000300 0.050834 0.054175
v -0.000300 0.051118 0.053567
v -0.003000 0.049285 0.052900
v -0.000300 0.051118 0.053567
v -0.003000 0.049345 0.052705
v -0.003000 0.049345 0.052705
v -0.000300 0.051118 0.053567
v -0.000300 0.051291 0.052919
v -0.003000 0.049345 0.052705
v -0.000300 0.051291 0.052919
v -0.003000 0.049371 0.052580
v -0.003000 0.049371 0.052580
v -0.000300 0.051291 0.052919
v -0.000300 0.051350 0.052250
v -0.003000 0.049400 0.052250
v -0.003000 0.049400 0.052250
v -0.007800 0.049400 0.052250
v -0.003000 0.049371 0.052580
v -0.003000 0.049371 0.052580
v -0.007800 0.049400 0.052250
v -0.007800 0.049345 0.052705
v -0.003000 0.049371 0.052580
v -0.007800 0.049345 0.052705
v -0.003000 0.049345 0.052705
v -0.003000 0.049345 0.052705
v -0.007800 0.049345 0.052705
v -0.003000 0.049285 0.052900
v -0.003000 0.049285 0.052900
v -0.007800 0.049345 0.052705
v -0.007800 0.049182 0.053133
v -0.003000 0.049285 0.052900
v -0.007800 0.049182 0.053133
v -0.003000 0.049182 0.053133
v -0.003000 0.049182 0.053133
v -0.007800 0.049182 0.053133
v -0.003000 0.049145 0.053200
v -0.003000 0.049145 0.053200
v -0.007800 0.049182 0.053133
v -0.007800 0.048922 0.053510
v -0.003000 0.048956 0.053471
v -0.007800 0.048579 0.053814
v -0.003000 0.048721 0.053705
v -0.007800 0.048922 0.053510
v -0.007800 0.048922 0.053510
v -0.003000 0.048721 0.053705
v -0.003000 0.048922 0.053510
v -0.007800 0.048922 0.053510
v -0.003000 0.048922 0.053510
v -0.003000 0.048956 0.053471
v -0.007800 0.048174 0.054026
v -0.003000 0.048450 0.053895
v -0.007800 0.048579 0.053814
v -0.007800 0.048579 0.053814
v -0.003000 0.048450 0.053895
v -0.003000 0.048579 0.053814
v -0.007800 0.048579 0.053814
v -0.003000 0.048579 0.053814
v -0.003000 0.048721 0.053705
v -0.007800 0.047729 0.054136
v -0.003000 0.047830 0.054121
v -0.007800 0.048174 0.054026
v -0.007800 0.048174 0.054026
v -0.003000 0.047830 0.054121
v -0.003000 0.048150 0.054035
v -0.007800 0.048174 0.054026
v -0.003000 0.048150 0.054035
v -0.003000 0.048450 0.053895
v -0.007800 0.047271 0.054136
v -0.003000 0.047500 0.054150
v -0.007800 0.047729 0.054136
v -0.007800 0.047729 0.054136
v -0.003000 0.047500 0.054150
v -0.003000 0.047729 0.054136
v -0.007800 0.047729 0.054136
v -0.003000 0.047729 0.054136
v -0.003000 0.047830 0.054121
v -0.007800 0.046826 0.054026
v -0.003000 0.047170 0.054121
v -0.007800 0.047271 0.054136
v -0.007800 0.047271 0.054136
v -0.003000 0.047170 0.054121
v -0.003000 0.047271 0.054136
v -0.007800 0.047271 0.054136
v -0.003000 0.047271 0.054136
v -0.003000 0.047500 0.054150
v -0.007800 0.046421 0.053814
v -0.003000 0.046550 0.053895
v -0.007800 0.046826 0.054026
v -0.007800 0.046826 0.054026
v -0.003000 0.046550 0.053895
v -0.003000 0.046850 0.054035
v -0.007800 0.046826 0.054026
v -0.003000 0.046850 0.054035
v -0.003000 0.047170 0.054121
v -0.007800 0.046078 0.053510
v -0.003000 0.046279 0.053705
v -0.007800 0.046421 0.053814
v -0.007800 0.046421 0.053814
v -0.003000 0.046279 0.053705
v -0.003000 0.046421 0.053814
v -0.007800 0.046421 0.053814
v -0.003000 0.046421 0.053814
v -0.003000 0.046550 0.053895
v -0.003000 0.045818 0.053133
v -0.003000 0.045855 0.053200
v -0.007800 0.045818 0.053133
v -0.007800 0.045818 0.053133
v -0.003000 0.045855 0.053200
v -0.003000 0.046044 0.053471
v -0.007800 0.046078 0.053510
v -0.007800 0.046078 0.053510
v -0.003000 0.046044 0.053471
v -0.003000 0.046078 0.053510
v -0.007800 0.046078 0.053510
v -0.003000 0.046078 0.053510
v -0.003000 0.046279 0.053705
v -0.003000 0.045818 0.053133
v -0.007800 0.045818 0.053133
v -0.003000 0.045715 0.052900
v -0.003000 0.045715 0.052900
v -0.007800 0.045818 0.053133
v -0.007800 0.045655 0.052705
v -0.003000 0.045715 0.052900
v -0.007800 0.045655 0.052705
v -0.003000 0.045655 0.052705
v -0.003000 0.045655 0.052705
v -0.007800 0.045655 0.052705
v -0.003000 0.045629 0.052580
v -0.003000 0.045629 0.052580
v -0.007800 0.045655 0.052705
v -0.007800 0.045600 0.052250
v -0.003000 0.045629 0.052580
v -0.007800 0.045600 0.052250
v -0.003000 0.045600 0.052250
v -0.008000 0.045800 0.052250
v -0.007800 0.045600 0.052250
v -0.007800 0.045655 0.052705
v -0.008000 0.045849 0.052657
v -0.008000 0.045849 0.052657
v -0.007800 0.045655 0.052705
v -0.007800 0.045818 0.053133
v -0.008000 0.045995 0.053040
v -0.008000 0.045995 0.053040
v -0.007800 0.045818 0.053133
v -0.007800 0.046078 0.053510
v -0.008000 0.046227 0.053377
v -0.008000 0.046227 0.053377
v -0.007800 0.046078 0.053510
v -0.007800 0.046421 0.053814
v -0.008000 0.046534 0.053649
v -0.008000 0.046534 0.053649
v -0.007800 0.046421 0.053814
v -0.007800 0.046826 0.054026
v -0.008000 0.046897 0.053840
v -0.008000 0.046897 0.053840
v -0.007800 0.046826 0.054026
v -0.007800 0.047271 0.054136
v -0.008000 0.047295 0.053938
v -0.008000 0.047295 0.053938
v -0.007800 0.047271 0.054136
v -0.007800 0.047729 0.054136
v -0.008000 0.047705 0.053938
v -0.008000 0.047705 0.053938
v -0.007800 0.047729 0.054136
v -0.007800 0.048174 0.054026
v -0.008000 0.048103 0.053840
v -0.008000 0.048103 0.053840
v -0.007800 0.048174 0.054026
v -0.007800 0.048579 0.053814
v -0.008000 0.048466 0.053649
v -0.008000 0.048466 0.053649
v -0.007800 0.048579 0.053814
v -0.007800 0.048922 0.053510
v -0.008000 0.048772 0.053377
v -0.008000 0.048772 0.053377
v -0.007800 0.048922 0.053510
v -0.007800 0.049182 0.053133
v -0.008000 0.049005 0.053040
v -0.008000 0.049005 0.053040
v -0.007800 0.049182 0.053133
v -0.007800 0.049345 0.052705
v -0.008000 0.049151 0.052657
v -0.008000 0.049151 0.052657
v -0.007800 0.049345 0.052705
v -0.007800 0.049400 0.052250
v -0.008000 0.049200 0.052250
v 0.000000 0.046183 0.055868
v 0.000000 0.045575 0.055584
v 0.000000 0.046750 0.053549
v 0.000000 0.048817 0.048632
v 0.000000 0.049425 0.048916
v 0.000000 0.048250 0.050951
v 0.000000 0.051118 0.050933
v 0.000000 0.051291 0.051581
v 0.000000 0.049000 0.052250
v 0.000000 0.051350 0.052250
v 0.000000 0.051291 0.052919
v 0.000000 0.049975 0.055199
v 0.000000 0.049425 0.055584
v 0.000000 0.048250 0.053549
v 0.000000 0.048817 0.055868
v 0.000000 0.043882 0.053567
v 0.000000 0.043708 0.052919
v 0.000000 0.046000 0.052250
v 0.000000 0.043650 0.052250
v 0.000000 0.043708 0.051581
v 0.000000 0.048168 0.056042
v 0.000000 0.047500 0.056100
v 0.000000 0.046831 0.056042
v 0.000000 0.045025 0.049301
v 0.000000 0.045575 0.048916
v 0.000000 0.046750 0.050951
v 0.000000 0.046183 0.048632
v 0.000000 0.051118 0.053567
v 0.000000 0.050834 0.054175
v 0.000000 0.050449 0.054725
v 0.000000 0.049975 0.049301
v 0.000000 0.050449 0.049775
v 0.000000 0.050834 0.050325
v 0.000000 0.046831 0.048459
v 0.000000 0.047500 0.048400
v 0.000000 0.048168 0.048459
v 0.000000 0.043882 0.050933
v 0.000000 0.044166 0.050325
v 0.000000 0.044551 0.049775
v 0.000000 0.045025 0.055199
v 0.000000 0.044551 0.054725
v 0.000000 0.044166 0.054175
v 0.000000 0.046750 0.050951
v 0.000000 0.048250 0.050951
v -0.002000 0.046750 0.050951
v -0.002000 0.048250 0.050951
v 0.000000 0.043650 0.052250
v -0.000300 0.043650 0.052250
v -0.000300 0.043708 0.051581
v 0.000000 0.043708 0.051581
v 0.000000 0.043708 0.051581
v -0.000300 0.043708 0.051581
v -0.000300 0.043882 0.050933
v 0.000000 0.043882 0.050933
v 0.000000 0.043882 0.050933
v -0.000300 0.043882 0.050933
v -0.000300 0.044166 0.050325
v 0.000000 0.044166 0.050325
v 0.000000 0.044166 0.050325
v -0.000300 0.044166 0.050325
v -0.000300 0.044551 0.049775
v 0.000000 0.044551 0.049775
v 0.000000 0.044551 0.049775
v -0.000300 0.044551 0.049775
v -0.000300 0.045025 0.049301
v 0.000000 0.045025 0.049301
v 0.000000 0.045025 0.049301
v -0.000300 0.045025 0.049301
v -0.000300 0.045575 0.048916
v 0.000000 0.045575 0.048916
v 0.000000 0.045575 0.048916
v -0.000300 0.045575 0.048916
v -0.000300 0.046183 0.048632
v 0.000000 0.046183 0.048632
v 0.000000 0.046183 0.048632
v -0.000300 0.046183 0.048632
v -0.000300 0.046831 0.048459
v 0.000000 0.046831 0.048459
v 0.000000 0.046831 0.048459
v -0.000300 0.046831 0.048459
v -0.000300 0.047500 0.048400
v 0.000000 0.047500 0.048400
v 0.000000 0.047500 0.048400
v -0.000300 0.047500 0.048400
v -0.000300 0.048168 0.048459
v 0.000000 0.048168 0.048459
v 0.000000 0.048168 0.048459
v -0.000300 0.048168 0.048459
v -0.000300 0.048817 0.048632
v 0.000000 0.048817 0.048632
v 0.000000 0.048817 0.048632
v -0.000300 0.048817 0.048632
v -0.000300 0.049425 0.048916
v 0.000000 0.049425 0.048916
v 0.000000 0.049425 0.048916
v -0.000300 0.049425 0.048916
v -0.000300 0.049975 0.049301
v 0.000000 0.049975 0.049301
v 0.000000 0.049975 0.049301
v -0.000300 0.049975 0.049301
v -0.000300 0.050449 0.049775
v 0.000000 0.050449 0.049775
v 0.000000 0.050449 0.049775
v -0.000300 0.050449 0.049775
v -0.000300 0.050834 0.050325
v 0.000000 0.050834 0.050325
v 0.000000 0.050834 0.050325
v -0.000300 0.050834 0.050325
v -0.000300 0.051118 0.050933
v 0.000000 0.051118 0.050933
v 0.000000 0.051118 0.050933
v -0.000300 0.051118 0.050933
v -0.000300 0.051291 0.051581
v 0.000000 0.051291 0.051581
v 0.000000 0.051291 0.051581
v -0.000300 0.051291 0.051581
v -0.000300 0.051350 0.052250
v 0.000000 0.051350 0.052250
v 0.000000 0.048250 0.050951
v 0.000000 0.049000 0.052250
v -0.002000 0.048250 0.050951
v -0.002000 0.049000 0.052250
v -0.002000 0.048250 0.053549
v -0.002000 0.046750 0.053549
v -0.002000 0.049000 0.052250
v -0.002000 0.046000 0.052250
v -0.002000 0.048250 0.050951
v -0.002000 0.046750 0.050951
v 0.000000 0.046000 0.052250
v 0.000000 0.046750 0.050951
v -0.002000 0.046000 0.052250
v -0.002000 0.046750 0.050951
v -0.003000 0.049345 0.051795
v -0.003000 0.049371 0.051920
v -0.000300 0.051291 0.051581
v -0.000300 0.051291 0.051581
v -0.003000 0.049371 0.051920
v -0.003000 0.049400 0.052250
v -0.000300 0.051350 0.052250
v -0.003000 0.049345 0.051795
v -0.000300 0.051291 0.051581
v -0.003000 0.049285 0.051600
v -0.003000 0.049285 0.051600
v -0.000300 0.051291 0.051581
v -0.000300 0.051118 0.050933
v -0.003000 0.049285 0.051600
v -0.000300 0.051118 0.050933
v -0.003000 0.049182 0.051367
v -0.003000 0.049182 0.051367
v -0.000300 0.051118 0.050933
v -0.000300 0.050834 0.050325
v -0.003000 0.049182 0.051367
v -0.000300 0.050834 0.050325
v -0.003000 0.049145 0.051300
v -0.003000 0.049145 0.051300
v -0.000300 0.050834 0.050325
v -0.000300 0.050449 0.049775
v -0.003000 0.048956 0.051029
v -0.003000 0.047729 0.050364
v -0.003000 0.047830 0.050379
v -0.000300 0.048168 0.048459
v -0.000300 0.048168 0.048459
v -0.003000 0.047830 0.050379
v -0.003000 0.048150 0.050465
v -0.000300 0.048817 0.048632
v -0.000300 0.048817 0.048632
v -0.003000 0.048150 0.050465
v -0.003000 0.048450 0.050605
v -0.000300 0.049425 0.048916
v -0.000300 0.049425 0.048916
v -0.003000 0.048450 0.050605
v -0.003000 0.048579 0.050686
v -0.000300 0.049425 0.048916
v -0.003000 0.048579 0.050686
v -0.000300 0.049975 0.049301
v -0.000300 0.049975 0.049301
v -0.003000 0.048579 0.050686
v -0.003000 0.048721 0.050795
v -0.000300 0.049975 0.049301
v -0.003000 0.048721 0.050795
v -0.000300 0.050449 0.049775
v -0.000300 0.050449 0.049775
v -0.003000 0.048721 0.050795
v -0.003000 0.048922 0.050990
v -0.000300 0.050449 0.049775
v -0.003000 0.048922 0.050990
v -0.003000 0.048956 0.051029
v -0.003000 0.047729 0.050364
v -0.000300 0.048168 0.048459
v -0.003000 0.047500 0.050350
v -0.003000 0.047500 0.050350
v -0.000300 0.048168 0.048459
v -0.000300 0.047500 0.048400
v -0.003000 0.047500 0.050350
v -0.000300 0.047500 0.048400
v -0.003000 0.047271 0.050364
v -0.003000 0.047271 0.050364
v -0.000300 0.047500 0.048400
v -0.000300 0.046831 0.048459
v -0.003000 0.047271 0.050364
v -0.000300 0.046831 0.048459
v -0.003000 0.047170 0.050379
v -0.003000 0.047170 0.050379
v -0.000300 0.046831 0.048459
v -0.000300 0.046183 0.048632
v -0.003000 0.046850 0.050465
v -0.003000 0.046850 0.050465
v -0.000300 0.046183 0.048632
v -0.000300 0.045575 0.048916
v -0.003000 0.046550 0.050605
v -0.003000 0.045818 0.051367
v -0.003000 0.045855 0.051300
v -0.000300 0.044166 0.050325
v -0.000300 0.044166 0.050325
v -0.003000 0.045855 0.051300
v -0.003000 0.046044 0.051029
v -0.000300 0.044551 0.049775
v -0.000300 0.044551 0.049775
v -0.003000 0.046044 0.051029
v -0.003000 0.046078 0.050990
v -0.000300 0.044551 0.049775
v -0.003000 0.046078 0.050990
v -0.000300 0.045025 0.049301
v -0.000300 0.045025 0.049301
v -0.003000 0.046078 0.050990
v -0.003000 0.046279 0.050795
v -0.000300 0.045025 0.049301
v -0.003000 0.046279 0.050795
v -0.000300 0.045575 0.048916
v -0.000300 0.045575 0.048916
v -0.003000 0.046279 0.050795
v -0.003000 0.046421 0.050686
v -0.000300 0.045575 0.048916
v -0.003000 0.046421 0.050686
v -0.003000 0.046550 0.050605
v -0.003000 0.045818 0.051367
v -0.000300 0.044166 0.050325
v -0.003000 0.045715 0.051600
v -0.003000 0.045715 0.051600
v -0.000300 0.044166 0.050325
v -0.000300 0.043882 0.050933
v -0.003000 0.045715 0.051600
v -0.000300 0.043882 0.050933
v -0.003000 0.045655 0.051795
v -0.003000 0.045655 0.051795
v -0.000300 0.043882 0.050933
v -0.000300 0.043708 0.051581
v -0.003000 0.045655 0.051795
v -0.000300 0.043708 0.051581
v -0.003000 0.045629 0.051920
v -0.003000 0.045629 0.051920
v -0.000300 0.043708 0.051581
v -0.000300 0.043650 0.052250
v -0.003000 0.045600 0.052250
v 0.000000 0.049000 0.052250
v 0.000000 0.048250 0.053549
v -0.002000 0.049000 0.052250
v -0.002000 0.048250 0.053549
v 0.000000 0.046750 0.053549
v 0.000000 0.046000 0.052250
v -0.002000 0.046750 0.053549
v -0.002000 0.046000 0.052250
v -0.003000 0.045600 0.052250
v -0.007800 0.045600 0.052250
v -0.003000 0.045629 0.051920
v -0.003000 0.045629 0.051920
v -0.007800 0.045600 0.052250
v -0.007800 0.045655 0.051795
v -0.003000 0.045629 0.051920
v -0.007800 0.045655 0.051795
v -0.003000 0.045655 0.051795
v -0.003000 0.045655 0.051795
v -0.007800 0.045655 0.051795
v -0.003000 0.045715 0.051600
v -0.003000 0.045715 0.051600
v -0.007800 0.045655 0.051795
v -0.007800 0.045818 0.051367
v -0.003000 0.045715 0.051600
v -0.007800 0.045818 0.051367
v -0.003000 0.045818 0.051367
v -0.003000 0.045818 0.051367
v -0.007800 0.045818 0.051367
v -0.003000 0.045855 0.051300
v -0.003000 0.045855 0.051300
v -0.007800 0.045818 0.051367
v -0.007800 0.046078 0.050990
v -0.003000 0.046044 0.051029
v -0.007800 0.046421 0.050686
v -0.003000 0.046279 0.050795
v -0.007800 0.046078 0.050990
v -0.007800 0.046078 0.050990
v -0.003000 0.046279 0.050795
v -0.003000 0.046078 0.050990
v -0.007800 0.046078 0.050990
v -0.003000 0.046078 0.050990
v -0.003000 0.046044 0.051029
v -0.007800 0.046826 0.050474
v -0.003000 0.046550 0.050605
v -0.007800 0.046421 0.050686
v -0.007800 0.046421 0.050686
v -0.003000 0.046550 0.050605
v -0.003000 0.046421 0.050686
v -0.007800 0.046421 0.050686
v -0.003000 0.046421 0.050686
v -0.003000 0.046279 0.050795
v -0.007800 0.047271 0.050364
v -0.003000 0.047170 0.050379
v -0.007800 0.046826 0.050474
v -0.007800 0.046826 0.050474
v -0.003000 0.047170 0.050379
v -0.003000 0.046850 0.050465
v -0.007800 0.046826 0.050474
v -0.003000 0.046850 0.050465
v -0.003000 0.046550 0.050605
v -0.007800 0.047729 0.050364
v -0.003000 0.047500 0.050350
v -0.007800 0.047271 0.050364
v -0.007800 0.047271 0.050364
v -0.003000 0.047500 0.050350
v -0.003000 0.047271 0.050364
v -0.007800 0.047271 0.050364
v -0.003000 0.047271 0.050364
v -0.003000 0.047170 0.050379
v -0.007800 0.048174 0.050474
v -0.003000 0.047830 0.050379
v -0.007800 0.047729 0.050364
v -0.007800 0.047729 0.050364
v -0.003000 0.047830 0.050379
v -0.003000 0.047729 0.050364
v -0.007800 0.047729 0.050364
v -0.003000 0.047729 0.050364
v -0.003000 0.047500 0.050350
v -0.007800 0.048579 0.050686
v -0.003000 0.048450 0.050605
v -0.007800 0.048174 0.050474
v -0.007800 0.048174 0.050474
v -0.003000 0.048450 0.050605
v -0.003000 0.048150 0.050465
v -0.007800 0.048174 0.050474
v -0.003000 0.048150 0.050465
v -0.003000 0.047830 0.050379
v -0.007800 0.048922 0.050990
v -0.003000 0.048721 0.050795
v -0.007800 0.048579 0.050686
v -0.007800 0.048579 0.050686
v -0.003000 0.048721 0.050795
v -0.003000 0.048579 0.050686
v -0.007800 0.048579 0.050686
v -0.003000 0.048579 0.050686
v -0.003000 0.048450 0.050605
v -0.003000 0.049182 0.051367
v -0.003000 0.049145 0.051300
v -0.007800 0.049182 0.051367
v -0.007800 0.049182 0.051367
v -0.003000 0.049145 0.051300
v -0.003000 0.048956 0.051029
v -0.007800 0.048922 0.050990
v -0.007800 0.048922 0.050990
v -0.003000 0.048956 0.051029
v -0.003000 0.048922 0.050990
v -0.007800 0.048922 0.050990
v -0.003000 0.048922 0.050990
v -0.003000 0.048721 0.050795
v -0.003000 0.049182 0.051367
v -0.007800 0.049182 0.051367
v -0.003000 0.049285 0.051600
v -0.003000 0.049285 0.051600
v -0.007800 0.049182 0.051367
v -0.007800 0.049345 0.051795
v -0.003000 0.049285 0.051600
v -0.007800 0.049345 0.051795
v -0.003000 0.049345 0.051795
v -0.003000 0.049345 0.051795
v -0.007800 0.049345 0.051795
v -0.003000 0.049371 0.051920
v -0.003000 0.049371 0.051920
v -0.007800 0.049345 0.051795
v -0.007800 0.049400 0.052250
v -0.003000 0.049371 0.051920
v -0.007800 0.049400 0.052250
v -0.003000 0.049400 0.052250
v 0.000000 0.048250 0.053549
v 0.000000 0.046750 0.053549
v -0.002000 0.048250 0.053549
v -0.002000 0.046750 0.053549
v -0.008000 0.049200 0.052250
v -0.007800 0.049400 0.052250
v -0.007800 0.049345 0.051795
v -0.008000 0.049151 0.051843
v -0.008000 0.049151 0.051843
v -0.007800 0.049345 0.051795
v -0.007800 0.049182 0.051367
v -0.008000 0.049005 0.051460
v -0.008000 0.049005 0.051460
v -0.007800 0.049182 0.051367
v -0.007800 0.048922 0.050990
v -0.008000 0.048772 0.051123
v -0.008000 0.048772 0.051123
v -0.007800 0.048922 0.050990
v -0.007800 0.048579 0.050686
v -0.008000 0.048466 0.050851
v -0.008000 0.048466 0.050851
v -0.007800 0.048579 0.050686
v -0.007800 0.048174 0.050474
v -0.008000 0.048103 0.050660
v -0.008000 0.048103 0.050660
v -0.007800 0.048174 0.050474
v -0.007800 0.047729 0.050364
v -0.008000 0.047705 0.050562
v -0.008000 0.047705 0.050562
v -0.007800 0.047729 0.050364
v -0.007800 0.047271 0.050364
v -0.008000 0.047295 0.050562
v -0.008000 0.047295 0.050562
v -0.007800 0.047271 0.050364
v -0.007800 0.046826 0.050474
v -0.008000 0.046897 0.050660
v -0.008000 0.046897 0.050660
v -0.007800 0.046826 0.050474
v -0.007800 0.046421 0.050686
v -0.008000 0.046534 0.050851
v -0.008000 0.046534 0.050851
v -0.007800 0.046421 0.050686
v -0.007800 0.046078 0.050990
v -0.008000 0.046227 0.051123
v -0.008000 0.046227 0.051123
v -0.007800 0.046078 0.050990
v -0.007800 0.045818 0.051367
v -0.008000 0.045995 0.051460
v -0.008000 0.045995 0.051460
v -0.007800 0.045818 0.051367
v -0.007800 0.045655 0.051795
v -0.008000 0.045849 0.051843
v -0.008000 0.045849 0.051843
v -0.007800 0.045655 0.051795
v -0.007800 0.045600 0.052250
v -0.008000 0.045800 0.052250
v -0.008000 0.049005 0.053040
v -0.008000 0.049151 0.052657
v -0.008000 0.045849 0.052657
v -0.008000 0.049200 0.052250
v -0.008000 0.049151 0.051843
v -0.008000 0.045995 0.051460
v -0.008000 0.045849 0.051843
v -0.008000 0.045800 0.052250
v -0.008000 0.048772 0.053377
v -0.008000 0.045995 0.053040
v -0.008000 0.046227 0.053377
v -0.008000 0.046534 0.053649
v -0.008000 0.046897 0.053840
v -0.008000 0.047295 0.053938
v -0.008000 0.046227 0.051123
v -0.008000 0.049005 0.051460
v -0.008000 0.048772 0.051123
v -0.008000 0.048466 0.050851
v -0.008000 0.048103 0.050660
v -0.008000 0.047705 0.050562
v -0.008000 0.047705 0.053938
v -0.008000 0.048103 0.053840
v -0.008000 0.048466 0.053649
v -0.008000 0.047295 0.050562
v -0.008000 0.046897 0.050660
v -0.008000 0.046534 0.050851
v -0.019000 -0.048525 0.016565
v -0.013200 -0.048525 0.016565
v -0.019000 -0.048388 0.016052
v -0.013200 -0.048388 0.016052
v -0.019000 -0.048388 0.016052
v -0.013200 -0.048388 0.016052
v -0.019000 -0.048012 0.015677
v -0.013200 -0.048012 0.015677
v -0.019000 -0.048012 0.015677
v -0.013200 -0.048012 0.015677
v -0.019000 -0.047500 0.015540
v -0.013200 -0.047500 0.015540
v -0.019000 -0.047500 0.015540
v -0.013200 -0.047500 0.015540
v -0.019000 -0.046988 0.015677
v -0.013200 -0.046988 0.015677
v -0.019000 -0.046988 0.015677
v -0.013200 -0.046988 0.015677
v -0.019000 -0.046612 0.016052
v -0.013200 -0.046612 0.016052
v -0.019000 -0.046612 0.016052
v -0.013200 -0.046612 0.016052
v -0.019000 -0.046475 0.016565
v -0.013200 -0.046475 0.016565
v -0.019000 -0.048525 -0.001435
v -0.013200 -0.048525 -0.001435
v -0.019000 -0.048388 -0.001948
v -0.013200 -0.048388 -0.001948
v -0.019000 -0.048388 -0.001948
v -0.013200 -0.048388 -0.001948
v -0.019000 -0.048012 -0.002323
v -0.013200 -0.048012 -0.002323
v -0.019000 -0.048012 -0.002323
v -0.013200 -0.048012 -0.002323
v -0.019000 -0.047500 -0.002460
v -0.013200 -0.047500 -0.002460
v -0.019000 -0.047500 -0.002460
v -0.013200 -0.047500 -0.002460
v -0.019000 -0.046988 -0.002323
v -0.013200 -0.046988 -0.002323
v -0.019000 -0.046988 -0.002323
v -0.013200 -0.046988 -0.002323
v -0.019000 -0.046612 -0.001948
v -0.013200 -0.046612 -0.001948
v -0.019000 -0.046612 -0.001948
v -0.013200 -0.046612 -0.001948
v -0.019000 -0.046475 -0.001435
v -0.013200 -0.046475 -0.001435
v -0.019000 0.046475 0.016565
v -0.013200 0.046475 0.016565
v -0.019000 0.046612 0.016052
v -0.013200 0.046612 0.016052
v -0.019000 0.046612 0.016052
v -0.013200 0.046612 0.016052
v -0.019000 0.046988 0.015677
v -0.013200 0.046988 0.015677
v -0.019000 0.046988 0.015677
v -0.013200 0.046988 0.015677
v -0.019000 0.047500 0.015540
v -0.013200 0.047500 0.015540
v -0.019000 0.047500 0.015540
v -0.013200 0.047500 0.015540
v -0.019000 0.048012 0.015677
v -0.013200 0.048012 0.015677
v -0.019000 0.048012 0.015677
v -0.013200 0.048012 0.015677
v -0.019000 0.048388 0.016052
v -0.013200 0.048388 0.016052
v -0.019000 0.048388 0.016052
v -0.013200 0.048388 0.016052
v -0.019000 0.048525 0.016565
v -0.013200 0.048525 0.016565
v -0.019000 -0.035500 -0.042745
v -0.013000 -0.035500 -0.042745
v -0.019000 -0.035333 -0.043370
v -0.013000 -0.035333 -0.043370
v -0.019000 -0.035333 -0.043370
v -0.013000 -0.035333 -0.043370
v -0.019000 -0.034875 -0.043828
v -0.013000 -0.034875 -0.043828
v -0.019000 -0.034875 -0.043828
v -0.013000 -0.034875 -0.043828
v -0.019000 -0.034250 -0.043995
v -0.013000 -0.034250 -0.043995
v -0.019000 -0.034250 -0.043995
v -0.013000 -0.034250 -0.043995
v -0.019000 -0.033625 -0.043828
v -0.013000 -0.033625 -0.043828
v -0.019000 -0.033625 -0.043828
v -0.013000 -0.033625 -0.043828
v -0.019000 -0.033168 -0.043370
v -0.013000 -0.033168 -0.043370
v -0.019000 -0.033168 -0.043370
v -0.013000 -0.033168 -0.043370
v -0.019000 -0.033000 -0.042745
v -0.013000 -0.033000 -0.042745
v -0.019000 -0.035500 0.042875
v -0.013000 -0.035500 0.042875
v -0.019000 -0.035333 0.042250
v -0.013000 -0.035333 0.042250
v -0.019000 -0.035333 0.042250
v -0.013000 -0.035333 0.042250
v -0.019000 -0.034875 0.041793
v -0.013000 -0.034875 0.041793
v -0.019000 -0.034875 0.041793
v -0.013000 -0.034875 0.041793
v -0.019000 -0.034250 0.041625
v -0.013000 -0.034250 0.041625
v -0.019000 -0.034250 0.041625
v -0.013000 -0.034250 0.041625
v -0.019000 -0.033625 0.041793
v -0.013000 -0.033625 0.041793
v -0.019000 -0.033625 0.041793
v -0.013000 -0.033625 0.041793
v -0.019000 -0.033168 0.042250
v -0.013000 -0.033168 0.042250
v -0.019000 -0.033168 0.042250
v -0.013000 -0.033168 0.042250
v -0.019000 -0.033000 0.042875
v -0.013000 -0.033000 0.042875
v -0.019000 -0.062000 0.042875
v -0.013000 -0.062000 0.042875
v -0.019000 -0.061832 0.042250
v -0.013000 -0.061832 0.042250
v -0.019000 -0.061832 0.042250
v -0.013000 -0.061832 0.042250
v -0.019000 -0.061375 0.041793
v -0.013000 -0.061375 0.041793
v -0.019000 -0.061375 0.041793
v -0.013000 -0.061375 0.041793
v -0.019000 -0.060750 0.041625
v -0.013000 -0.060750 0.041625
v -0.019000 -0.060750 0.041625
v -0.013000 -0.060750 0.041625
v -0.019000 -0.060125 0.041793
v -0.013000 -0.060125 0.041793
v -0.019000 -0.060125 0.041793
v -0.013000 -0.060125 0.041793
v -0.019000 -0.059668 0.042250
v -0.013000 -0.059668 0.042250
v -0.019000 -0.059668 0.042250
v -0.013000 -0.059668 0.042250
v -0.019000 -0.059500 0.042875
v -0.013000 -0.059500 0.042875
v -0.019000 -0.062000 -0.042745
v -0.013000 -0.062000 -0.042745
v -0.019000 -0.061832 -0.043370
v -0.013000 -0.061832 -0.043370
v -0.019000 -0.061832 -0.043370
v -0.013000 -0.061832 -0.043370
v -0.019000 -0.061375 -0.043828
v -0.013000 -0.061375 -0.043828
v -0.019000 -0.061375 -0.043828
v -0.013000 -0.061375 -0.043828
v -0.019000 -0.060750 -0.043995
v -0.013000 -0.060750 -0.043995
v -0.019000 -0.060750 -0.043995
v -0.013000 -0.060750 -0.043995
v -0.019000 -0.060125 -0.043828
v -0.013000 -0.060125 -0.043828
v -0.019000 -0.060125 -0.043828
v -0.013000 -0.060125 -0.043828
v -0.019000 -0.059668 -0.043370
v -0.013000 -0.059668 -0.043370
v -0.019000 -0.059668 -0.043370
v -0.013000 -0.059668 -0.043370
v -0.019000 -0.059500 -0.042745
v -0.013000 -0.059500 -0.042745
v -0.019000 0.033000 0.042875
v -0.013000 0.033000 0.042875
v -0.019000 0.033168 0.042250
v -0.013000 0.033168 0.042250
v -0.019000 0.033168 0.042250
v -0.013000 0.033168 0.042250
v -0.019000 0.033625 0.041793
v -0.013000 0.033625 0.041793
v -0.019000 0.033625 0.041793
v -0.013000 0.033625 0.041793
v -0.019000 0.034250 0.041625
v -0.013000 0.034250 0.041625
v -0.019000 0.034250 0.041625
v -0.013000 0.034250 0.041625
v -0.019000 0.034875 0.041793
v -0.013000 0.034875 0.041793
v -0.019000 0.034875 0.041793
v -0.013000 0.034875 0.041793
v -0.019000 0.035333 0.042250
v -0.013000 0.035333 0.042250
v -0.019000 0.035333 0.042250
v -0.013000 0.035333 0.042250
v -0.019000 0.035500 0.042875
v -0.013000 0.035500 0.042875
v -0.019000 0.033000 -0.042745
v -0.013000 0.033000 -0.042745
v -0.019000 0.033168 -0.043370
v -0.013000 0.033168 -0.043370
v -0.019000 0.033168 -0.043370
v -0.013000 0.033168 -0.043370
v -0.019000 0.033625 -0.043828
v -0.013000 0.033625 -0.043828
v -0.019000 0.033625 -0.043828
v -0.013000 0.033625 -0.043828
v -0.019000 0.034250 -0.043995
v -0.013000 0.034250 -0.043995
v -0.019000 0.034250 -0.043995
v -0.013000 0.034250 -0.043995
v -0.019000 0.034875 -0.043828
v -0.013000 0.034875 -0.043828
v -0.019000 0.034875 -0.043828
v -0.013000 0.034875 -0.043828
v -0.019000 0.035333 -0.043370
v -0.013000 0.035333 -0.043370
v -0.019000 0.035333 -0.043370
v -0.013000 0.035333 -0.043370
v -0.019000 0.035500 -0.042745
v -0.013000 0.035500 -0.042745
v -0.019000 0.059500 -0.042745
v -0.013000 0.059500 -0.042745
v -0.019000 0.059668 -0.043370
v -0.013000 0.059668 -0.043370
v -0.019000 0.059668 -0.043370
v -0.013000 0.059668 -0.043370
v -0.019000 0.060125 -0.043828
v -0.013000 0.060125 -0.043828
v -0.019000 0.060125 -0.043828
v -0.013000 0.060125 -0.043828
v -0.019000 0.060750 -0.043995
v -0.013000 0.060750 -0.043995
v -0.019000 0.060750 -0.043995
v -0.013000 0.060750 -0.043995
v -0.019000 0.061375 -0.043828
v -0.013000 0.061375 -0.043828
v -0.019000 0.061375 -0.043828
v -0.013000 0.061375 -0.043828
v -0.019000 0.061832 -0.043370
v -0.013000 0.061832 -0.043370
v -0.019000 0.061832 -0.043370
v -0.013000 0.061832 -0.043370
v -0.019000 0.062000 -0.042745
v -0.013000 0.062000 -0.042745
v -0.019000 0.059500 0.042875
v -0.013000 0.059500 0.042875
v -0.019000 0.059668 0.042250
v -0.013000 0.059668 0.042250
v -0.019000 0.059668 0.042250
v -0.013000 0.059668 0.042250
v -0.019000 0.060125 0.041793
v -0.013000 0.060125 0.041793
v -0.019000 0.060125 0.041793
v -0.013000 0.060125 0.041793
v -0.019000 0.060750 0.041625
v -0.013000 0.060750 0.041625
v -0.019000 0.060750 0.041625
v -0.013000 0.060750 0.041625
v -0.019000 0.061375 0.041793
v -0.013000 0.061375 0.041793
v -0.019000 0.061375 0.041793
v -0.013000 0.061375 0.041793
v -0.019000 0.061832 0.042250
v -0.013000 0.061832 0.042250
v -0.019000 0.061832 0.042250
v -0.013000 0.061832 0.042250
v -0.019000 0.062000 0.042875
v -0.013000 0.062000 0.042875
v -0.016500 -0.063150 0.025565
v -0.019000 -0.063063 0.025565
v -0.016500 -0.063451 0.024440
v -0.019000 -0.063376 0.024396
v -0.016500 -0.063451 0.024440
v -0.019000 -0.063376 0.024396
v -0.016500 -0.064275 0.023616
v -0.019000 -0.064231 0.023541
v -0.016500 -0.064275 0.023616
v -0.019000 -0.064231 0.023541
v -0.016500 -0.065400 0.023315
v -0.019000 -0.065400 0.023228
v -0.016500 -0.065400 0.023315
v -0.019000 -0.065400 0.023228
v -0.016500 -0.066525 0.023616
v -0.019000 -0.066569 0.023541
v -0.016500 -0.066525 0.023616
v -0.019000 -0.066569 0.023541
v -0.016500 -0.067349 0.024440
v -0.019000 -0.067424 0.024396
v -0.016500 -0.067349 0.024440
v -0.019000 -0.067424 0.024396
v -0.016500 -0.067650 0.025565
v -0.019000 -0.067737 0.025565
v -0.016500 0.067650 0.025565
v -0.019000 0.067737 0.025565
v -0.016500 0.067349 0.024440
v -0.019000 0.067424 0.024396
v -0.016500 0.067349 0.024440
v -0.019000 0.067424 0.024396
v -0.016500 0.066525 0.023616
v -0.019000 0.066569 0.023541
v -0.016500 0.066525 0.023616
v -0.019000 0.066569 0.023541
v -0.016500 0.065400 0.023315
v -0.019000 0.065400 0.023228
v -0.016500 0.065400 0.023315
v -0.019000 0.065400 0.023228
v -0.016500 0.064275 0.023616
v -0.019000 0.064231 0.023541
v -0.016500 0.064275 0.023616
v -0.019000 0.064231 0.023541
v -0.016500 0.063451 0.024440
v -0.019000 0.063376 0.024396
v -0.016500 0.063451 0.024440
v -0.019000 0.063376 0.024396
v -0.016500 0.063150 0.025565
v -0.019000 0.063063 0.025565
v -0.016500 0.067650 -0.025435
v -0.019000 0.067737 -0.025435
v -0.016500 0.067349 -0.026560
v -0.019000 0.067424 -0.026604
v -0.016500 0.067349 -0.026560
v -0.019000 0.067424 -0.026604
v -0.016500 0.066525 -0.027384
v -0.019000 0.066569 -0.027459
v -0.016500 0.066525 -0.027384
v -0.019000 0.066569 -0.027459
v -0.016500 0.065400 -0.027685
v -0.019000 0.065400 -0.027772
v -0.016500 0.065400 -0.027685
v -0.019000 0.065400 -0.027772
v -0.016500 0.064275 -0.027384
v -0.019000 0.064231 -0.027459
v -0.016500 0.064275 -0.027384
v -0.019000 0.064231 -0.027459
v -0.016500 0.063451 -0.026560
v -0.019000 0.063376 -0.026604
v -0.016500 0.063451 -0.026560
v -0.019000 0.063376 -0.026604
v -0.016500 0.063150 -0.025435
v -0.019000 0.063063 -0.025435
v -0.016500 -0.063150 -0.025435
v -0.019000 -0.063063 -0.025435
v -0.016500 -0.063451 -0.026560
v -0.019000 -0.063376 -0.026604
v -0.016500 -0.063451 -0.026560
v -0.019000 -0.063376 -0.026604
v -0.016500 -0.064275 -0.027384
v -0.019000 -0.064231 -0.027459
v -0.016500 -0.064275 -0.027384
v -0.019000 -0.064231 -0.027459
v -0.016500 -0.065400 -0.027685
v -0.019000 -0.065400 -0.027772
v -0.016500 -0.065400 -0.027685
v -0.019000 -0.065400 -0.027772
v -0.016500 -0.066525 -0.027384
v -0.019000 -0.066569 -0.027459
v -0.016500 -0.066525 -0.027384
v -0.019000 -0.066569 -0.027459
v -0.016500 -0.067349 -0.026560
v -0.019000 -0.067424 -0.026604
v -0.016500 -0.067349 -0.026560
v -0.019000 -0.067424 -0.026604
v -0.016500 -0.067650 -0.025435
v -0.019000 -0.067737 -0.025435
v -0.019000 0.046475 -0.001435
v -0.013200 0.046475 -0.001435
v -0.019000 0.046612 -0.001948
v -0.013200 0.046612 -0.001948
v -0.019000 0.046612 -0.001948
v -0.013200 0.046612 -0.001948
v -0.019000 0.046988 -0.002323
v -0.013200 0.046988 -0.002323
v -0.019000 0.046988 -0.002323
v -0.013200 0.046988 -0.002323
v -0.019000 0.047500 -0.002460
v -0.013200 0.047500 -0.002460
v -0.019000 0.047500 -0.002460
v -0.013200 0.047500 -0.002460
v -0.019000 0.048012 -0.002323
v -0.013200 0.048012 -0.002323
v -0.019000 0.048012 -0.002323
v -0.013200 0.048012 -0.002323
v -0.019000 0.048388 -0.001948
v -0.013200 0.048388 -0.001948
v -0.019000 0.048388 -0.001948
v -0.013200 0.048388 -0.001948
v -0.019000 0.048525 -0.001435
v -0.013200 0.048525 -0.001435
v -0.013200 -0.042500 0.015315
v -0.011700 -0.042448 0.015315
v -0.011700 -0.042394 0.015628
v -0.013200 -0.042444 0.015645
v -0.013200 -0.042444 0.015645
v -0.011700 -0.042394 0.015628
v -0.011700 -0.042139 0.016014
v -0.013200 -0.042175 0.016053
v -0.013200 -0.042175 0.016053
v -0.011700 -0.042139 0.016014
v -0.011700 -0.041731 0.016234
v -0.013200 -0.041744 0.016285
v -0.013200 -0.041744 0.016285
v -0.011700 -0.041731 0.016234
v -0.011700 -0.041269 0.016234
v -0.013200 -0.041256 0.016285
v -0.013200 -0.041256 0.016285
v -0.011700 -0.041269 0.016234
v -0.011700 -0.040861 0.016014
v -0.013200 -0.040825 0.016053
v -0.013200 -0.040825 0.016053
v -0.011700 -0.040861 0.016014
v -0.011700 -0.040606 0.015628
v -0.013200 -0.040556 0.015645
v -0.013200 -0.040556 0.015645
v -0.011700 -0.040606 0.015628
v -0.011700 -0.040552 0.015315
v -0.013200 -0.040500 0.015315
v -0.013200 -0.054500 0.015315
v -0.011700 -0.054448 0.015315
v -0.011700 -0.054394 0.015628
v -0.013200 -0.054444 0.015645
v -0.013200 -0.054444 0.015645
v -0.011700 -0.054394 0.015628
v -0.011700 -0.054139 0.016014
v -0.013200 -0.054175 0.016053
v -0.013200 -0.054175 0.016053
v -0.011700 -0.054139 0.016014
v -0.011700 -0.053732 0.016234
v -0.013200 -0.053744 0.016285
v -0.013200 -0.053744 0.016285
v -0.011700 -0.053732 0.016234
v -0.011700 -0.053268 0.016234
v -0.013200 -0.053256 0.016285
v -0.013200 -0.053256 0.016285
v -0.011700 -0.053268 0.016234
v -0.011700 -0.052861 0.016014
v -0.013200 -0.052825 0.016053
v -0.013200 -0.052825 0.016053
v -0.011700 -0.052861 0.016014
v -0.011700 -0.052606 0.015628
v -0.013200 -0.052556 0.015645
v -0.013200 -0.052556 0.015645
v -0.011700 -0.052606 0.015628
v -0.011700 -0.052552 0.015315
v -0.013200 -0.052500 0.015315
v -0.013200 0.052500 0.015315
v -0.011700 0.052552 0.015315
v -0.011700 0.052606 0.015628
v -0.013200 0.052556 0.015645
v -0.013200 0.052556 0.015645
v -0.011700 0.052606 0.015628
v -0.011700 0.052861 0.016014
v -0.013200 0.052825 0.016053
v -0.013200 0.052825 0.016053
v -0.011700 0.052861 0.016014
v -0.011700 0.053268 0.016234
v -0.013200 0.053256 0.016285
v -0.013200 0.053256 0.016285
v -0.011700 0.053268 0.016234
v -0.011700 0.053732 0.016234
v -0.013200 0.053744 0.016285
v -0.013200 0.053744 0.016285
v -0.011700 0.053732 0.016234
v -0.011700 0.054139 0.016014
v -0.013200 0.054175 0.016053
v -0.013200 0.054175 0.016053
v -0.011700 0.054139 0.016014
v -0.011700 0.054394 0.015628
v -0.013200 0.054444 0.015645
v -0.013200 0.054444 0.015645
v -0.011700 0.054394 0.015628
v -0.011700 0.054448 0.015315
v -0.013200 0.054500 0.015315
v -0.013200 0.040500 0.015315
v -0.011700 0.040552 0.015315
v -0.011700 0.040606 0.015628
v -0.013200 0.040556 0.015645
v -0.013200 0.040556 0.015645
v -0.011700 0.040606 0.015628
v -0.011700 0.040861 0.016014
v -0.013200 0.040825 0.016053
v -0.013200 0.040825 0.016053
v -0.011700 0.040861 0.016014
v -0.011700 0.041269 0.016234
v -0.013200 0.041256 0.016285
v -0.013200 0.041256 0.016285
v -0.011700 0.041269 0.016234
v -0.011700 0.041731 0.016234
v -0.013200 0.041744 0.016285
v -0.013200 0.041744 0.016285
v -0.011700 0.041731 0.016234
v -0.011700 0.042139 0.016014
v -0.013200 0.042175 0.016053
v -0.013200 0.042175 0.016053
v -0.011700 0.042139 0.016014
v -0.011700 0.042394 0.015628
v -0.013200 0.042444 0.015645
v -0.013200 0.042444 0.015645
v -0.011700 0.042394 0.015628
v -0.011700 0.042448 0.015315
v -0.013200 0.042500 0.015315
v -0.017500 -0.059290 0.040544
v -0.017500 -0.058618 0.041138
v -0.013000 -0.058618 0.041138
v -0.013000 -0.059290 0.040544
v -0.017500 -0.059290 0.040544
v -0.013000 -0.059290 0.040544
v -0.013000 -0.060451 0.040141
v -0.017500 -0.060451 0.040141
v -0.017500 -0.060451 0.040141
v -0.013000 -0.060451 0.040141
v -0.013000 -0.061672 0.040284
v -0.017500 -0.061672 0.040284
v -0.017500 -0.061672 0.040284
v -0.013000 -0.061672 0.040284
v -0.013000 -0.062708 0.040944
v -0.017500 -0.062708 0.040944
v -0.017500 -0.062708 0.040944
v -0.013000 -0.062708 0.040944
v -0.013000 -0.063354 0.041990
v -0.017500 -0.063354 0.041990
v -0.017500 -0.063354 0.041990
v -0.013000 -0.063354 0.041990
v -0.013000 -0.063500 0.042875
v -0.017500 -0.063500 0.042875
v -0.017500 -0.063234 -0.043925
v -0.017500 -0.062487 -0.044877
v -0.013000 -0.062487 -0.044877
v -0.013000 -0.063234 -0.043925
v -0.017500 -0.063234 -0.043925
v -0.013000 -0.063234 -0.043925
v -0.013000 -0.063500 -0.042745
v -0.017500 -0.063500 -0.042745
v -0.017500 0.035710 0.040544
v -0.017500 0.036382 0.041138
v -0.013000 0.036382 0.041138
v -0.016000 0.033328 0.040284
v -0.016000 0.034250 0.040125
v -0.013000 0.034549 0.040141
v -0.013000 0.034549 0.040141
v -0.013000 0.033328 0.040284
v -0.016000 0.033328 0.040284
v -0.016000 0.033328 0.040284
v -0.013000 0.033328 0.040284
v -0.013000 0.032292 0.040944
v -0.016000 0.032292 0.040944
v -0.016000 0.032292 0.040944
v -0.013000 0.032292 0.040944
v -0.013000 0.031646 0.041990
v -0.016000 0.031646 0.041990
v -0.016000 0.031646 0.041990
v -0.013000 0.031646 0.041990
v -0.013000 0.031500 0.042875
v -0.016000 0.031500 0.042875
v -0.013000 0.035710 0.040544
v -0.017500 0.035710 0.040544
v -0.013000 0.035710 0.040544
v -0.013000 0.034549 0.040141
v -0.017500 0.034549 0.040141
v -0.017500 0.034549 0.040141
v -0.013000 0.034549 0.040141
v -0.016000 0.034250 0.040125
v -0.017500 0.034250 0.040125
v -0.016000 0.031766 -0.043925
v -0.016000 0.032513 -0.044877
v -0.013000 0.032513 -0.044877
v -0.013000 0.031766 -0.043925
v -0.016000 0.031766 -0.043925
v -0.013000 0.031766 -0.043925
v -0.013000 0.031500 -0.042745
v -0.016000 0.031500 -0.042745
v -0.014700 -0.063900 0.025565
v -0.016500 -0.063900 0.025565
v -0.014700 -0.063984 0.025070
v -0.016500 -0.063984 0.025070
v -0.014700 -0.063984 0.025070
v -0.016500 -0.063984 0.025070
v -0.014700 -0.064388 0.024458
v -0.016500 -0.064388 0.024458
v -0.014700 -0.064388 0.024458
v -0.016500 -0.064388 0.024458
v -0.014700 -0.065034 0.024110
v -0.016500 -0.065034 0.024110
v -0.014700 -0.065034 0.024110
v -0.016500 -0.065034 0.024110
v -0.014700 -0.065400 0.024065
v -0.016500 -0.065400 0.024065
v -0.014700 -0.065400 0.024065
v -0.016500 -0.065400 0.024065
v -0.014700 -0.065766 0.024110
v -0.016500 -0.065766 0.024110
v -0.014700 -0.065766 0.024110
v -0.016500 -0.065766 0.024110
v -0.014700 -0.066412 0.024458
v -0.016500 -0.066412 0.024458
v -0.014700 -0.066412 0.024458
v -0.016500 -0.066412 0.024458
v -0.014700 -0.066816 0.025070
v -0.016500 -0.066816 0.025070
v -0.014700 -0.066816 0.025070
v -0.016500 -0.066816 0.025070
v -0.014700 -0.066900 0.025565
v -0.016500 -0.066900 0.025565
v -0.014700 0.066900 0.025565
v -0.016500 0.066900 0.025565
v -0.014700 0.066816 0.025070
v -0.016500 0.066816 0.025070
v -0.014700 0.066816 0.025070
v -0.016500 0.066816 0.025070
v -0.014700 0.066412 0.024458
v -0.016500 0.066412 0.024458
v -0.014700 0.066412 0.024458
v -0.016500 0.066412 0.024458
v -0.014700 0.065766 0.024110
v -0.016500 0.065766 0.024110
v -0.014700 0.065766 0.024110
v -0.016500 0.065766 0.024110
v -0.014700 0.065400 0.024065
v -0.016500 0.065400 0.024065
v -0.014700 0.065400 0.024065
v -0.016500 0.065400 0.024065
v -0.014700 0.065034 0.024110
v -0.016500 0.065034 0.024110
v -0.014700 0.065034 0.024110
v -0.016500 0.065034 0.024110
v -0.014700 0.064388 0.024458
v -0.016500 0.064388 0.024458
v -0.014700 0.064388 0.024458
v -0.016500 0.064388 0.024458
v -0.014700 0.063984 0.025070
v -0.016500 0.063984 0.025070
v -0.014700 0.063984 0.025070
v -0.016500 0.063984 0.025070
v -0.014700 0.063900 0.025565
v -0.016500 0.063900 0.025565
v -0.014700 0.066900 -0.025435
v -0.016500 0.066900 -0.025435
v -0.014700 0.066816 -0.025930
v -0.016500 0.066816 -0.025930
v -0.014700 0.066816 -0.025930
v -0.016500 0.066816 -0.025930
v -0.014700 0.066412 -0.026542
v -0.016500 0.066412 -0.026542
v -0.014700 0.066412 -0.026542
v -0.016500 0.066412 -0.026542
v -0.014700 0.065766 -0.026889
v -0.016500 0.065766 -0.026889
v -0.014700 0.065766 -0.026889
v -0.016500 0.065766 -0.026889
v -0.014700 0.065400 -0.026935
v -0.016500 0.065400 -0.026935
v -0.014700 0.065400 -0.026935
v -0.016500 0.065400 -0.026935
v -0.014700 0.065034 -0.026889
v -0.016500 0.065034 -0.026889
v -0.014700 0.065034 -0.026889
v -0.016500 0.065034 -0.026889
v -0.014700 0.064388 -0.026542
v -0.016500 0.064388 -0.026542
v -0.014700 0.064388 -0.026542
v -0.016500 0.064388 -0.026542
v -0.014700 0.063984 -0.025930
v -0.016500 0.063984 -0.025930
v -0.014700 0.063984 -0.025930
v -0.016500 0.063984 -0.025930
v -0.014700 0.063900 -0.025435
v -0.016500 0.063900 -0.025435
v -0.014700 -0.063900 -0.025435
v -0.016500 -0.063900 -0.025435
v -0.014700 -0.063984 -0.025930
v -0.016500 -0.063984 -0.025930
v -0.014700 -0.063984 -0.025930
v -0.016500 -0.063984 -0.025930
v -0.014700 -0.064388 -0.026542
v -0.016500 -0.064388 -0.026542
v -0.014700 -0.064388 -0.026542
v -0.016500 -0.064388 -0.026542
v -0.014700 -0.065034 -0.026889
v -0.016500 -0.065034 -0.026889
v -0.014700 -0.065034 -0.026889
v -0.016500 -0.065034 -0.026889
v -0.014700 -0.065400 -0.026935
v -0.016500 -0.065400 -0.026935
v -0.014700 -0.065400 -0.026935
v -0.016500 -0.065400 -0.026935
v -0.014700 -0.065766 -0.026889
v -0.016500 -0.065766 -0.026889
v -0.014700 -0.065766 -0.026889
v -0.016500 -0.065766 -0.026889
v -0.014700 -0.066412 -0.026542
v -0.016500 -0.066412 -0.026542
v -0.014700 -0.066412 -0.026542
v -0.016500 -0.066412 -0.026542
v -0.014700 -0.066816 -0.025930
v -0.016500 -0.066816 -0.025930
v -0.014700 -0.066816 -0.025930
v -0.016500 -0.066816 -0.025930
v -0.014700 -0.066900 -0.025435
v -0.016500 -0.066900 -0.025435
v -0.017500 -0.064500 -0.012435
v -0.012500 -0.064500 -0.012435
v -0.012500 -0.064416 -0.011940
v -0.017500 -0.064416 -0.011940
v -0.017500 -0.064416 -0.011940
v -0.012500 -0.064416 -0.011940
v -0.012500 -0.064012 -0.011328
v -0.017500 -0.064012 -0.011328
v -0.017500 -0.064012 -0.011328
v -0.012500 -0.064012 -0.011328
v -0.012500 -0.063367 -0.010980
v -0.017500 -0.063367 -0.010980
v -0.017500 -0.063367 -0.010980
v -0.012500 -0.063367 -0.010980
v -0.012500 -0.062633 -0.010980
v -0.017500 -0.062633 -0.010980
v -0.017500 -0.062633 -0.010980
v -0.012500 -0.062633 -0.010980
v -0.012500 -0.061988 -0.011328
v -0.017500 -0.061988 -0.011328
v -0.017500 -0.061988 -0.011328
v -0.012500 -0.061988 -0.011328
v -0.012500 -0.061584 -0.011940
v -0.017500 -0.061584 -0.011940
v -0.017500 -0.061584 -0.011940
v -0.012500 -0.061584 -0.011940
v -0.012500 -0.061500 -0.012435
v -0.017500 -0.061500 -0.012435
v -0.017500 -0.064500 0.012565
v -0.012500 -0.064500 0.012565
v -0.012500 -0.064416 0.013060
v -0.017500 -0.064416 0.013060
v -0.017500 -0.064416 0.013060
v -0.012500 -0.064416 0.013060
v -0.012500 -0.064012 0.013672
v -0.017500 -0.064012 0.013672
v -0.017500 -0.064012 0.013672
v -0.012500 -0.064012 0.013672
v -0.012500 -0.063367 0.014020
v -0.017500 -0.063367 0.014020
v -0.017500 -0.063367 0.014020
v -0.012500 -0.063367 0.014020
v -0.012500 -0.062633 0.014020
v -0.017500 -0.062633 0.014020
v -0.017500 -0.062633 0.014020
v -0.012500 -0.062633 0.014020
v -0.012500 -0.061988 0.013672
v -0.017500 -0.061988 0.013672
v -0.017500 -0.061988 0.013672
v -0.012500 -0.061988 0.013672
v -0.012500 -0.061584 0.013060
v -0.017500 -0.061584 0.013060
v -0.017500 -0.061584 0.013060
v -0.012500 -0.061584 0.013060
v -0.012500 -0.061500 0.012565
v -0.017500 -0.061500 0.012565
v -0.017500 0.061500 -0.012435
v -0.012500 0.061500 -0.012435
v -0.012500 0.061584 -0.011940
v -0.017500 0.061584 -0.011940
v -0.017500 0.061584 -0.011940
v -0.012500 0.061584 -0.011940
v -0.012500 0.061988 -0.011328
v -0.017500 0.061988 -0.011328
v -0.017500 0.061988 -0.011328
v -0.012500 0.061988 -0.011328
v -0.012500 0.062633 -0.010980
v -0.017500 0.062633 -0.010980
v -0.017500 0.062633 -0.010980
v -0.012500 0.062633 -0.010980
v -0.012500 0.063367 -0.010980
v -0.017500 0.063367 -0.010980
v -0.017500 0.063367 -0.010980
v -0.012500 0.063367 -0.010980
v -0.012500 0.064012 -0.011328
v -0.017500 0.064012 -0.011328
v -0.017500 0.064012 -0.011328
v -0.012500 0.064012 -0.011328
v -0.012500 0.064416 -0.011940
v -0.017500 0.064416 -0.011940
v -0.017500 0.064416 -0.011940
v -0.012500 0.064416 -0.011940
v -0.012500 0.064500 -0.012435
v -0.017500 0.064500 -0.012435
v -0.017500 0.061500 0.012565
v -0.012500 0.061500 0.012565
v -0.012500 0.061584 0.013060
v -0.017500 0.061584 0.013060
v -0.017500 0.061584 0.013060
v -0.012500 0.061584 0.013060
v -0.012500 0.061988 0.013672
v -0.017500 0.061988 0.013672
v -0.017500 0.061988 0.013672
v -0.012500 0.061988 0.013672
v -0.012500 0.062633 0.014020
v -0.017500 0.062633 0.014020
v -0.017500 0.062633 0.014020
v -0.012500 0.062633 0.014020
v -0.012500 0.063367 0.014020
v -0.017500 0.063367 0.014020
v -0.017500 0.063367 0.014020
v -0.012500 0.063367 0.014020
v -0.012500 0.064012 0.013672
v -0.017500 0.064012 0.013672
v -0.017500 0.064012 0.013672
v -0.012500 0.064012 0.013672
v -0.012500 0.064416 0.013060
v -0.017500 0.064416 0.013060
v -0.017500 0.064416 0.013060
v -0.012500 0.064416 0.013060
v -0.012500 0.064500 0.012565
v -0.017500 0.064500 0.012565
v -0.017500 0.066200 0.021565
v -0.017500 0.067000 0.021565
v -0.017386 0.067000 0.022030
v -0.016500 0.067000 0.022565
v -0.016500 0.065400 0.022565
v -0.016679 0.067000 0.022549
v -0.016679 0.067000 0.022549
v -0.016500 0.065400 0.022565
v -0.016977 0.065400 0.022444
v -0.017210 0.067000 0.022269
v -0.017069 0.067000 0.022387
v -0.016977 0.065400 0.022444
v -0.017069 0.067000 0.022387
v -0.017065 0.067000 0.022390
v -0.016977 0.065400 0.022444
v -0.016977 0.065400 0.022444
v -0.017065 0.067000 0.022390
v -0.016848 0.067000 0.022503
v -0.016977 0.065400 0.022444
v -0.016848 0.067000 0.022503
v -0.016679 0.067000 0.022549
v -0.016977 0.065400 0.022444
v -0.017210 0.065400 0.022269
v -0.017210 0.067000 0.022269
v -0.017210 0.067000 0.022269
v -0.017210 0.065400 0.022269
v -0.017330 0.065400 0.022123
v -0.017210 0.067000 0.022269
v -0.017330 0.065400 0.022123
v -0.017386 0.067000 0.022030
v -0.017386 0.067000 0.022030
v -0.017330 0.065400 0.022123
v -0.017441 0.065400 0.021904
v -0.017386 0.067000 0.022030
v -0.017441 0.065400 0.021904
v -0.017500 0.066200 0.021565
v -0.017500 0.066200 0.021565
v -0.017441 0.065400 0.021904
v -0.017493 0.065400 0.021684
v -0.017500 0.066200 0.021565
v -0.017493 0.065400 0.021684
v -0.017500 0.065400 0.021565
v -0.013689 -0.046955 0.067357
v -0.013778 -0.047500 0.067381
v -0.015471 -0.047500 0.061065
v -0.012240 -0.046751 0.061065
v -0.012054 -0.047500 0.061065
v -0.010591 -0.047500 0.066527
v -0.012574 -0.045900 0.067059
v -0.013435 -0.045880 0.061065
v -0.011795 -0.045900 0.066850
v -0.011795 -0.045900 0.066850
v -0.013435 -0.045880 0.061065
v -0.012684 -0.046220 0.061065
v -0.011795 -0.045900 0.066850
v -0.012684 -0.046220 0.061065
v -0.011109 -0.046282 0.066666
v -0.011109 -0.046282 0.066666
v -0.012684 -0.046220 0.061065
v -0.012240 -0.046751 0.061065
v -0.011109 -0.046282 0.066666
v -0.012240 -0.046751 0.061065
v -0.010680 -0.046955 0.066551
v -0.010680 -0.046955 0.066551
v -0.012240 -0.046751 0.061065
v -0.010591 -0.047500 0.066527
v -0.015471 -0.047500 0.061065
v -0.015351 -0.046893 0.061065
v -0.013689 -0.046955 0.067357
v -0.013689 -0.046955 0.067357
v -0.015351 -0.046893 0.061065
v -0.014970 -0.046333 0.061065
v -0.013260 -0.046282 0.067242
v -0.013260 -0.046282 0.067242
v -0.014970 -0.046333 0.061065
v -0.014284 -0.045929 0.061065
v -0.013260 -0.046282 0.067242
v -0.014284 -0.045929 0.061065
v -0.012574 -0.045900 0.067059
v -0.012574 -0.045900 0.067059
v -0.014284 -0.045929 0.061065
v -0.014179 -0.045900 0.061065
v -0.012574 -0.045900 0.067059
v -0.014179 -0.045900 0.061065
v -0.013435 -0.045880 0.061065
v -0.013689 0.048045 0.067357
v -0.013778 0.047500 0.067381
v -0.015471 0.047500 0.061065
v -0.012240 0.048249 0.061065
v -0.012054 0.047500 0.061065
v -0.010591 0.047500 0.066527
v -0.012574 0.049100 0.067059
v -0.013435 0.049120 0.061065
v -0.011795 0.049100 0.066850
v -0.011795 0.049100 0.066850
v -0.013435 0.049120 0.061065
v -0.012684 0.048780 0.061065
v -0.011795 0.049100 0.066850
v -0.012684 0.048780 0.061065
v -0.011109 0.048718 0.066666
v -0.011109 0.048718 0.066666
v -0.012684 0.048780 0.061065
v -0.012240 0.048249 0.061065
v -0.011109 0.048718 0.066666
v -0.012240 0.048249 0.061065
v -0.010680 0.048045 0.066551
v -0.010680 0.048045 0.066551
v -0.012240 0.048249 0.061065
v -0.010591 0.047500 0.066527
v -0.015471 0.047500 0.061065
v -0.015351 0.048107 0.061065
v -0.013689 0.048045 0.067357
v -0.013689 0.048045 0.067357
v -0.015351 0.048107 0.061065
v -0.014970 0.048667 0.061065
v -0.013260 0.048718 0.067242
v -0.013260 0.048718 0.067242
v -0.014970 0.048667 0.061065
v -0.014284 0.049071 0.061065
v -0.013260 0.048718 0.067242
v -0.014284 0.049071 0.061065
v -0.012574 0.049100 0.067059
v -0.012574 0.049100 0.067059
v -0.014284 0.049071 0.061065
v -0.014179 0.049100 0.061065
v -0.012574 0.049100 0.067059
v -0.014179 0.049100 0.061065
v -0.013435 0.049120 0.061065
v -0.016500 0.063333 -0.027609
v -0.016500 0.064560 -0.028315
v -0.014700 0.064560 -0.028315
v -0.014700 0.062646 -0.026624
v -0.014700 0.062400 -0.025435
v -0.016500 0.062400 -0.025435
v -0.016500 0.062400 -0.025435
v -0.016500 0.062566 -0.026420
v -0.014700 0.062646 -0.026624
v -0.014700 0.062646 -0.026624
v -0.016500 0.062566 -0.026420
v -0.016500 0.063333 -0.027609
v -0.014700 0.062646 -0.026624
v -0.016500 0.063333 -0.027609
v -0.014700 0.063487 -0.027746
v -0.014700 0.063487 -0.027746
v -0.016500 0.063333 -0.027609
v -0.014700 0.064560 -0.028315
v -0.016500 0.065400 0.022565
v -0.014700 0.065400 0.022565
v -0.016500 0.064025 0.022899
v -0.016500 0.064025 0.022899
v -0.014700 0.065400 0.022565
v -0.014700 0.064362 0.022750
v -0.016500 0.064025 0.022899
v -0.014700 0.064362 0.022750
v -0.014700 0.063279 0.023444
v -0.014700 0.062400 0.025565
v -0.016500 0.062400 0.025565
v -0.016500 0.062430 0.025141
v -0.014700 0.062400 0.025565
v -0.016500 0.062430 0.025141
v -0.014700 0.062585 0.024527
v -0.016500 0.062430 0.025141
v -0.016500 0.062585 0.024527
v -0.014700 0.062585 0.024527
v -0.014700 0.062585 0.024527
v -0.016500 0.062585 0.024527
v -0.016500 0.062955 0.023826
v -0.014700 0.062585 0.024527
v -0.016500 0.062955 0.023826
v -0.014700 0.063279 0.023444
v -0.014700 0.063279 0.023444
v -0.016500 0.062955 0.023826
v -0.016500 0.063279 0.023444
v -0.014700 0.063279 0.023444
v -0.016500 0.063279 0.023444
v -0.016500 0.064025 0.022899
v -0.017500 -0.063625 -0.012435
v -0.012500 -0.063625 -0.012435
v -0.017500 -0.063590 -0.012641
v -0.012500 -0.063590 -0.012641
v -0.017500 -0.063590 -0.012641
v -0.012500 -0.063590 -0.012641
v -0.017500 -0.063422 -0.012896
v -0.012500 -0.063422 -0.012896
v -0.017500 -0.063422 -0.012896
v -0.012500 -0.063422 -0.012896
v -0.017500 -0.063153 -0.013041
v -0.012500 -0.063153 -0.013041
v -0.017500 -0.063153 -0.013041
v -0.012500 -0.063153 -0.013041
v -0.017500 -0.062847 -0.013041
v -0.012500 -0.062847 -0.013041
v -0.017500 -0.062847 -0.013041
v -0.012500 -0.062847 -0.013041
v -0.017500 -0.062578 -0.012896
v -0.012500 -0.062578 -0.012896
v -0.017500 -0.062578 -0.012896
v -0.012500 -0.062578 -0.012896
v -0.017500 -0.062410 -0.012641
v -0.012500 -0.062410 -0.012641
v -0.017500 -0.062410 -0.012641
v -0.012500 -0.062410 -0.012641
v -0.017500 -0.062375 -0.012435
v -0.012500 -0.062375 -0.012435
v -0.017500 -0.063625 0.012565
v -0.012500 -0.063625 0.012565
v -0.017500 -0.063590 0.012359
v -0.012500 -0.063590 0.012359
v -0.017500 -0.063590 0.012359
v -0.012500 -0.063590 0.012359
v -0.017500 -0.063422 0.012104
v -0.012500 -0.063422 0.012104
v -0.017500 -0.063422 0.012104
v -0.012500 -0.063422 0.012104
v -0.017500 -0.063153 0.011959
v -0.012500 -0.063153 0.011959
v -0.017500 -0.063153 0.011959
v -0.012500 -0.063153 0.011959
v -0.017500 -0.062847 0.011959
v -0.012500 -0.062847 0.011959
v -0.017500 -0.062847 0.011959
v -0.012500 -0.062847 0.011959
v -0.017500 -0.062578 0.012104
v -0.012500 -0.062578 0.012104
v -0.017500 -0.062578 0.012104
v -0.012500 -0.062578 0.012104
v -0.017500 -0.062410 0.012359
v -0.012500 -0.062410 0.012359
v -0.017500 -0.062410 0.012359
v -0.012500 -0.062410 0.012359
v -0.017500 -0.062375 0.012565
v -0.012500 -0.062375 0.012565
v -0.017500 0.062375 -0.012435
v -0.012500 0.062375 -0.012435
v -0.017500 0.062410 -0.012641
v -0.012500 0.062410 -0.012641
v -0.017500 0.062410 -0.012641
v -0.012500 0.062410 -0.012641
v -0.017500 0.062578 -0.012896
v -0.012500 0.062578 -0.012896
v -0.017500 0.062578 -0.012896
v -0.012500 0.062578 -0.012896
v -0.017500 0.062847 -0.013041
v -0.012500 0.062847 -0.013041
v -0.017500 0.062847 -0.013041
v -0.012500 0.062847 -0.013041
v -0.017500 0.063153 -0.013041
v -0.012500 0.063153 -0.013041
v -0.017500 0.063153 -0.013041
v -0.012500 0.063153 -0.013041
v -0.017500 0.063422 -0.012896
v -0.012500 0.063422 -0.012896
v -0.017500 0.063422 -0.012896
v -0.012500 0.063422 -0.012896
v -0.017500 0.063590 -0.012641
v -0.012500 0.063590 -0.012641
v -0.017500 0.063590 -0.012641
v -0.012500 0.063590 -0.012641
v -0.017500 0.063625 -0.012435
v -0.012500 0.063625 -0.012435
v -0.017500 0.062375 0.012565
v -0.012500 0.062375 0.012565
v -0.017500 0.062410 0.012359
v -0.012500 0.062410 0.012359
v -0.017500 0.062410 0.012359
v -0.012500 0.062410 0.012359
v -0.017500 0.062578 0.012104
v -0.012500 0.062578 0.012104
v -0.017500 0.062578 0.012104
v -0.012500 0.062578 0.012104
v -0.017500 0.062847 0.011959
v -0.012500 0.062847 0.011959
v -0.017500 0.062847 0.011959
v -0.012500 0.062847 0.011959
v -0.017500 0.063153 0.011959
v -0.012500 0.063153 0.011959
v -0.017500 0.063153 0.011959
v -0.012500 0.063153 0.011959
v -0.017500 0.063422 0.012104
v -0.012500 0.063422 0.012104
v -0.017500 0.063422 0.012104
v -0.012500 0.063422 0.012104
v -0.017500 0.063590 0.012359
v -0.012500 0.063590 0.012359
v -0.017500 0.063590 0.012359
v -0.012500 0.063590 0.012359
v -0.017500 0.063625 0.012565
v -0.012500 0.063625 0.012565
v -0.019000 0.046612 -0.000923
v -0.019000 0.046475 -0.001435
v -0.019000 0.042737 -0.000172
v -0.019000 0.066561 0.057797
v -0.019000 0.066886 0.057311
v -0.019000 0.067000 0.056737
v -0.019000 -0.042000 0.015065
v -0.019000 -0.042737 0.015065
v -0.019000 -0.042737 0.015302
v -0.019000 -0.040100 -0.043245
v -0.019000 -0.042737 -0.043245
v -0.019000 -0.042737 -0.042370
v -0.019000 0.060125 -0.043828
v -0.019000 0.060750 -0.043995
v -0.019000 0.062531 -0.048220
v -0.019000 0.052262 -0.042370
v -0.019000 0.059668 -0.042120
v -0.019000 0.059500 -0.042745
v -0.019000 0.061375 -0.043828
v -0.019000 0.061832 -0.043370
v -0.019000 0.062531 -0.042370
v -0.019000 0.062000 -0.042745
v -0.019000 0.055853 -0.043795
v -0.019000 0.056000 -0.044345
v -0.019000 0.059668 -0.043370
v -0.019000 0.056000 -0.048220
v -0.019000 0.052262 -0.043245
v -0.019000 0.054900 -0.043245
v -0.019000 0.055450 -0.043392
v -0.019000 0.061832 -0.042120
v -0.019000 0.061375 -0.041662
v -0.019000 0.062531 -0.034634
v -0.019000 0.060125 -0.041662
v -0.019000 0.052262 -0.034634
v -0.019000 0.060750 -0.041495
v -0.019000 0.033625 -0.041662
v -0.019000 0.033168 -0.042120
v -0.019000 -0.000000 -0.042370
v -0.019000 0.033000 -0.042745
v -0.019000 0.033168 -0.043370
v -0.019000 -0.000000 -0.048220
v -0.019000 0.033625 -0.043828
v -0.019000 0.039000 -0.048220
v -0.019000 0.042737 -0.042370
v -0.019000 0.042737 -0.043245
v -0.019000 0.040100 -0.043245
v -0.019000 0.034250 -0.043995
v -0.019000 0.034875 -0.043828
v -0.019000 0.039000 -0.044345
v -0.019000 0.035333 -0.043370
v -0.019000 0.039147 -0.043795
v -0.019000 0.035500 -0.042745
v -0.019000 0.039550 -0.043392
v -0.019000 0.034875 -0.041662
v -0.019000 0.042737 -0.034634
v -0.019000 0.035333 -0.042120
v -0.019000 -0.057750 -0.042370
v -0.019000 -0.057750 -0.048220
v -0.019000 -0.059668 -0.043370
v -0.019000 -0.061832 -0.043370
v -0.019000 -0.062531 -0.048220
v -0.019000 -0.062000 -0.042745
v -0.019000 -0.062531 -0.042370
v -0.019000 -0.061375 -0.043828
v -0.019000 -0.060750 -0.043995
v -0.019000 -0.060125 -0.043828
v -0.019000 -0.059500 -0.042745
v -0.019000 -0.059668 -0.042120
v -0.019000 -0.057750 -0.034634
v -0.019000 -0.060125 -0.041662
v -0.019000 -0.060750 -0.041495
v -0.019000 -0.062531 -0.034634
v -0.019000 -0.061375 -0.041662
v -0.019000 -0.061832 -0.042120
v -0.019000 -0.035500 -0.042745
v -0.019000 -0.035333 -0.043370
v -0.019000 -0.037250 -0.048220
v -0.019000 -0.033168 -0.043370
v -0.019000 -0.033000 -0.042745
v -0.019000 -0.034875 -0.043828
v -0.019000 -0.034250 -0.043995
v -0.019000 -0.033625 -0.043828
v -0.019000 -0.033168 -0.042120
v -0.019000 -0.000000 -0.034634
v -0.019000 0.034250 -0.041495
v -0.019000 -0.033625 -0.041662
v -0.019000 -0.034250 -0.041495
v -0.019000 -0.037250 -0.034634
v -0.019000 -0.034875 -0.041662
v -0.019000 -0.037250 -0.042370
v -0.019000 -0.035333 -0.042120
v -0.019000 0.056000 -0.051345
v -0.019000 0.055853 -0.051895
v -0.019000 0.039000 -0.051345
v -0.019000 -0.000000 -0.061935
v -0.019000 0.039147 -0.051895
v -0.019000 0.039550 -0.052298
v -0.019000 0.042737 -0.061935
v -0.019000 0.040100 -0.052445
v -0.019000 -0.039000 -0.044345
v -0.019000 -0.039147 -0.043795
v -0.019000 -0.039550 -0.043392
v -0.019000 -0.039000 -0.048220
v -0.019000 -0.040100 -0.052445
v -0.019000 -0.039550 -0.052298
v -0.019000 -0.037250 -0.061935
v -0.019000 -0.039147 -0.051895
v -0.019000 -0.039000 -0.051345
v -0.019000 -0.042737 -0.052445
v -0.019000 -0.042737 -0.061935
v -0.019000 -0.052262 -0.061935
v -0.019000 -0.055916 -0.051766
v -0.019000 -0.055678 -0.052123
v -0.019000 -0.057750 -0.061935
v -0.019000 -0.056000 -0.051345
v -0.019000 -0.055321 -0.052361
v -0.019000 -0.054900 -0.052445
v -0.019000 -0.052262 -0.052445
v -0.019000 -0.055000 -0.043245
v -0.019000 -0.055500 -0.043379
v -0.019000 -0.056000 -0.048220
v -0.019000 -0.056000 -0.044245
v -0.019000 -0.055866 -0.043745
v -0.019000 -0.054148 0.014837
v -0.019000 -0.055121 0.014186
v -0.019000 -0.057750 0.015302
v -0.019000 -0.052262 0.015302
v -0.019000 -0.052262 0.015065
v -0.019000 -0.053000 0.015065
v -0.019000 -0.054148 0.000293
v -0.019000 -0.057750 -0.000172
v -0.019000 -0.055121 0.000944
v -0.019000 -0.055772 0.001917
v -0.019000 -0.055772 0.013213
v -0.019000 -0.056000 0.012065
v -0.019000 -0.056000 0.003065
v -0.019000 -0.040852 0.000293
v -0.019000 -0.039879 0.000944
v -0.019000 -0.037250 -0.000172
v -0.019000 -0.042000 0.000065
v -0.019000 -0.039228 0.013213
v -0.019000 -0.039879 0.014186
v -0.019000 -0.037250 0.015302
v -0.019000 -0.040852 0.014837
v -0.019000 -0.039228 0.001917
v -0.019000 -0.039000 0.003065
v -0.019000 -0.039000 0.012065
v -0.019000 -0.053000 0.000065
v -0.019000 -0.052262 0.000065
v -0.019000 -0.052262 -0.000172
v -0.019000 -0.042737 0.000065
v -0.019000 -0.042737 -0.000172
v -0.019000 0.054155 0.000296
v -0.019000 0.055131 0.000954
v -0.019000 0.062531 -0.000172
v -0.019000 0.053000 0.000065
v -0.019000 0.055121 0.014186
v -0.019000 0.054148 0.014837
v -0.019000 0.062531 0.015302
v -0.019000 0.055772 0.013213
v -0.019000 0.055780 0.001937
v -0.019000 0.056000 0.003065
v -0.019000 0.056000 0.012065
v -0.019000 0.042000 0.000065
v -0.019000 0.042737 0.000065
v -0.019000 0.052262 0.000065
v -0.019000 0.052262 -0.000172
v -0.019000 0.040852 0.014837
v -0.019000 0.039879 0.014186
v -0.019000 -0.000000 0.015302
v -0.019000 0.039220 0.001937
v -0.019000 0.039869 0.000954
v -0.019000 -0.000000 -0.000172
v -0.019000 0.040845 0.000296
v -0.019000 0.042000 0.015065
v -0.019000 0.039228 0.013213
v -0.019000 0.039000 0.012065
v -0.019000 0.039000 0.003065
v -0.019000 0.053000 0.015065
v -0.019000 0.052262 0.015065
v -0.019000 0.052262 0.015302
v -0.019000 0.042737 0.015065
v -0.019000 0.042737 0.015302
v -0.019000 0.033168 0.043500
v -0.019000 0.033000 0.042875
v -0.019000 -0.000000 0.034764
v -0.019000 0.033168 0.042250
v -0.019000 0.034250 0.041625
v -0.019000 0.034875 0.041793
v -0.019000 0.042737 0.034764
v -0.019000 0.040500 0.063565
v -0.019000 0.040500 0.064465
v -0.019000 0.042737 0.064465
v -0.019000 0.033625 0.043958
v -0.019000 -0.000000 0.062065
v -0.019000 0.034250 0.044125
v -0.019000 0.039000 0.062065
v -0.019000 0.034875 0.043958
v -0.019000 0.033625 0.041793
v -0.019000 0.035333 0.042250
v -0.019000 0.035500 0.042875
v -0.019000 0.035333 0.043500
v -0.019000 0.039704 0.062240
v -0.019000 0.040237 0.062716
v -0.019000 0.040488 0.063372
v -0.019000 -0.034875 0.041793
v -0.019000 -0.037250 0.034764
v -0.019000 -0.035333 0.042250
v -0.019000 -0.035500 0.042875
v -0.019000 -0.034875 0.043958
v -0.019000 -0.035333 0.043500
v -0.019000 -0.037250 0.062065
v -0.019000 -0.034250 0.041625
v -0.019000 -0.033625 0.041793
v -0.019000 -0.033168 0.042250
v -0.019000 -0.033000 0.042875
v -0.019000 -0.033168 0.043500
v -0.019000 -0.033625 0.043958
v -0.019000 -0.034250 0.044125
v -0.019000 -0.040386 0.062991
v -0.019000 -0.042737 0.064465
v -0.019000 -0.040500 0.063565
v -0.019000 -0.040500 0.064465
v -0.019000 -0.040325 0.062861
v -0.019000 -0.042737 0.034764
v -0.019000 -0.040061 0.062504
v -0.019000 -0.039849 0.062328
v -0.019000 -0.039574 0.062179
v -0.019000 -0.039000 0.062065
v -0.019000 -0.039193 0.062077
v -0.019000 -0.051283 0.062382
v -0.019000 -0.043717 0.062382
v -0.019000 -0.043717 0.064465
v -0.019000 -0.056000 0.062065
v -0.019000 -0.055426 0.062179
v -0.019000 -0.052262 0.034764
v -0.019000 -0.055296 0.062240
v -0.019000 -0.054614 0.062991
v -0.019000 -0.052262 0.064465
v -0.019000 -0.054763 0.062716
v -0.019000 -0.054939 0.062504
v -0.019000 -0.054512 0.063372
v -0.019000 -0.054500 0.063565
v -0.019000 -0.054500 0.064465
v -0.019000 -0.061375 0.041793
v -0.019000 -0.062531 0.034764
v -0.019000 -0.061832 0.042250
v -0.019000 -0.062000 0.042875
v -0.019000 -0.060750 0.041625
v -0.019000 -0.060125 0.041793
v -0.019000 -0.057750 0.034764
v -0.019000 -0.059668 0.042250
v -0.019000 -0.059500 0.042875
v -0.019000 -0.059668 0.043500
v -0.019000 -0.060125 0.043958
v -0.019000 -0.061672 0.062065
v -0.019000 -0.060750 0.044125
v -0.019000 -0.062246 0.061951
v -0.019000 -0.061375 0.043958
v -0.019000 -0.062732 0.061626
v -0.019000 -0.061832 0.043500
v -0.019000 -0.067000 0.056737
v -0.019000 -0.066886 0.057311
v -0.019000 -0.066561 0.057797
v -0.019000 -0.067737 0.025565
v -0.019000 -0.067424 0.024396
v -0.019000 -0.070000 0.020409
v -0.019000 -0.065400 0.023228
v -0.019000 -0.064231 0.023541
v -0.019000 -0.062531 0.020409
v -0.019000 -0.066569 0.023541
v -0.019000 -0.063376 0.024396
v -0.019000 -0.063063 0.025565
v -0.019000 -0.063376 0.026734
v -0.019000 -0.064231 0.027589
v -0.019000 -0.065400 0.027902
v -0.019000 -0.067000 0.030893
v -0.019000 -0.070000 0.026237
v -0.019000 -0.069886 0.026811
v -0.019000 -0.067424 0.026734
v -0.019000 -0.069561 0.027297
v -0.019000 -0.066569 0.027589
v -0.019000 -0.067732 0.029126
v -0.019000 -0.067190 0.029937
v -0.019000 -0.065400 -0.027772
v -0.019000 -0.064231 -0.027459
v -0.019000 -0.063376 -0.026604
v -0.019000 -0.063063 -0.025435
v -0.019000 -0.062531 -0.012779
v -0.019000 -0.063376 -0.024266
v -0.019000 -0.064231 -0.023411
v -0.019000 -0.067424 -0.026604
v -0.019000 -0.066569 -0.027459
v -0.019000 -0.067732 -0.028996
v -0.019000 -0.067190 -0.029807
v -0.019000 -0.067000 -0.030763
v -0.019000 -0.069561 -0.027167
v -0.019000 -0.069886 -0.026681
v -0.019000 -0.067737 -0.025435
v -0.019000 -0.070000 -0.026107
v -0.019000 -0.067424 -0.024266
v -0.019000 -0.070000 -0.012779
v -0.019000 -0.066569 -0.023411
v -0.019000 -0.065400 -0.023098
v -0.019000 -0.066561 -0.057667
v -0.019000 -0.066886 -0.057181
v -0.019000 -0.067000 -0.056607
v -0.019000 -0.067000 -0.034634
v -0.019000 -0.067000 -0.042370
v -0.019000 -0.067000 -0.048220
v -0.019000 -0.062732 -0.061496
v -0.019000 -0.062246 -0.061821
v -0.019000 -0.061672 -0.061935
v -0.019000 0.067000 -0.048220
v -0.019000 0.067000 -0.056607
v -0.019000 0.042737 -0.052445
v -0.019000 0.052262 -0.052445
v -0.019000 0.052262 -0.061935
v -0.019000 0.054900 -0.052445
v -0.019000 0.061672 -0.061935
v -0.019000 0.055450 -0.052298
v -0.019000 0.062246 -0.061821
v -0.019000 0.062732 -0.061496
v -0.019000 0.066561 -0.057667
v -0.019000 0.066886 -0.057181
v -0.019000 0.067000 -0.042370
v -0.019000 0.067000 -0.034634
v -0.019000 0.067000 -0.030763
v -0.019000 0.065400 -0.027772
v -0.019000 0.067424 -0.024266
v -0.019000 0.068869 -0.012779
v -0.019000 0.067737 -0.025435
v -0.019000 0.069561 -0.027167
v -0.019000 0.067424 -0.026604
v -0.019000 0.065400 -0.023098
v -0.019000 0.064231 -0.023411
v -0.019000 0.062531 -0.012779
v -0.019000 0.064231 -0.027459
v -0.019000 0.066569 -0.027459
v -0.019000 0.067732 -0.028996
v -0.019000 0.067190 -0.029807
v -0.019000 0.066569 -0.023411
v -0.019000 0.063376 -0.024266
v -0.019000 0.063063 -0.025435
v -0.019000 0.063376 -0.026604
v -0.019000 0.069561 0.027297
v -0.019000 0.069886 0.026811
v -0.019000 0.070000 0.026237
v -0.019000 0.065400 0.023228
v -0.019000 0.066569 0.023541
v -0.019000 0.068869 0.020409
v -0.019000 0.067424 0.024396
v -0.019000 0.065400 0.027902
v -0.019000 0.064231 0.027589
v -0.019000 0.062531 0.034764
v -0.019000 0.063376 0.026734
v -0.019000 0.063063 0.025565
v -0.019000 0.062531 0.020409
v -0.019000 0.063376 0.024396
v -0.019000 0.064231 0.023541
v -0.019000 0.067737 0.025565
v -0.019000 0.067424 0.026734
v -0.019000 0.067732 0.029126
v -0.019000 0.066569 0.027589
v -0.019000 0.067190 0.029937
v -0.019000 0.062732 0.061626
v -0.019000 0.067000 0.030893
v -0.019000 0.059668 0.043500
v -0.019000 0.059500 0.042875
v -0.019000 0.052262 0.034764
v -0.019000 0.059668 0.042250
v -0.019000 0.060750 0.041625
v -0.019000 0.061375 0.041793
v -0.019000 0.052262 0.064465
v -0.019000 0.060125 0.043958
v -0.019000 0.060125 0.041793
v -0.019000 0.061375 0.043958
v -0.019000 0.062246 0.061951
v -0.019000 0.060750 0.044125
v -0.019000 0.061832 0.042250
v -0.019000 0.062000 0.042875
v -0.019000 0.061832 0.043500
v -0.019000 0.055151 0.062328
v -0.019000 0.054675 0.062861
v -0.019000 0.054500 0.063565
v -0.019000 0.054500 0.064465
v -0.019000 0.055807 0.062077
v -0.019000 0.056000 0.062065
v -0.019000 0.061672 0.062065
v -0.019000 0.043717 0.062382
v -0.019000 0.051283 0.062382
v -0.019000 0.051283 0.064465
v -0.019000 -0.057750 0.020409
v -0.019000 -0.052262 0.020409
v -0.019000 -0.047500 0.017590
v -0.019000 -0.048012 0.017453
v -0.019000 -0.047500 0.015540
v -0.019000 -0.046988 0.015677
v -0.019000 -0.048388 0.017078
v -0.019000 -0.048525 0.016565
v -0.019000 -0.048388 0.016052
v -0.019000 -0.048012 0.015677
v -0.019000 -0.046612 0.016052
v -0.019000 -0.046475 0.016565
v -0.019000 -0.042737 0.020409
v -0.019000 -0.046612 0.017078
v -0.019000 -0.046988 0.017453
v -0.019000 -0.051283 0.064465
v -0.019000 -0.037250 0.020409
v -0.019000 -0.000000 0.020409
v -0.019000 0.042737 0.020409
v -0.019000 0.047500 0.017590
v -0.019000 0.046988 0.017453
v -0.019000 0.046612 0.017078
v -0.019000 0.046475 0.016565
v -0.019000 0.046612 0.016052
v -0.019000 0.048012 0.015677
v -0.019000 0.047500 0.015540
v -0.019000 0.046988 0.015677
v -0.019000 0.048388 0.016052
v -0.019000 0.048525 0.016565
v -0.019000 0.052262 0.020409
v -0.019000 0.048388 0.017078
v -0.019000 0.048012 0.017453
v -0.019000 0.043717 0.064465
v -0.019000 -0.070000 0.015302
v -0.019000 -0.062531 0.015302
v -0.019000 -0.070000 -0.000172
v -0.019000 -0.062531 -0.000172
v -0.019000 -0.048012 -0.000547
v -0.019000 -0.047500 -0.000410
v -0.019000 -0.046988 -0.000547
v -0.019000 -0.046612 -0.000923
v -0.019000 -0.048388 -0.000923
v -0.019000 -0.048525 -0.001435
v -0.019000 -0.052262 -0.012779
v -0.019000 -0.048388 -0.001948
v -0.019000 -0.048012 -0.002323
v -0.019000 -0.047500 -0.002460
v -0.019000 -0.042737 -0.012779
v -0.019000 -0.046988 -0.002323
v -0.019000 -0.046612 -0.001948
v -0.019000 -0.046475 -0.001435
v -0.019000 0.042737 -0.012779
v -0.019000 0.046612 -0.001948
v -0.019000 0.046988 -0.002323
v -0.019000 0.047500 -0.002460
v -0.019000 0.048012 -0.002323
v -0.019000 0.052262 -0.012779
v -0.019000 0.048388 -0.001948
v -0.019000 0.048525 -0.001435
v -0.019000 0.048388 -0.000923
v -0.019000 0.048012 -0.000547
v -0.019000 0.047500 -0.000410
v -0.019000 0.046988 -0.000547
v -0.019000 0.068869 0.015302
v -0.019000 0.068869 -0.000172
v -0.019000 0.070000 0.020409
v -0.019000 0.070000 0.015302
v -0.019000 0.070000 -0.000172
v -0.019000 0.070000 -0.012779
v -0.019000 0.070000 -0.026107
v -0.019000 0.069886 -0.026681
v -0.019000 -0.057750 -0.012779
v -0.019000 -0.037250 -0.012779
v -0.019000 -0.000000 -0.012779
v -0.019000 -0.052262 -0.034634
v -0.019000 -0.052262 -0.042370
v -0.019000 -0.052262 -0.043245
v -0.019000 -0.042737 -0.034634
v -0.019000 -0.046475 0.016565
v -0.013200 -0.046475 0.016565
v -0.019000 -0.046612 0.017078
v -0.013200 -0.046612 0.017078
v -0.019000 -0.046612 0.017078
v -0.013200 -0.046612 0.017078
v -0.019000 -0.046988 0.017453
v -0.013200 -0.046988 0.017453
v -0.019000 -0.046988 0.017453
v -0.013200 -0.046988 0.017453
v -0.019000 -0.047500 0.017590
v -0.013200 -0.047500 0.017590
v -0.019000 -0.047500 0.017590
v -0.013200 -0.047500 0.017590
v -0.019000 -0.048012 0.017453
v -0.013200 -0.048012 0.017453
v -0.019000 -0.048012 0.017453
v -0.013200 -0.048012 0.017453
v -0.019000 -0.048388 0.017078
v -0.013200 -0.048388 0.017078
v -0.019000 -0.048388 0.017078
v -0.013200 -0.048388 0.017078
v -0.019000 -0.048525 0.016565
v -0.013200 -0.048525 0.016565
v -0.018000 0.040000 0.012065
v -0.019000 0.039000 0.012065
v -0.018000 0.040152 0.012830
v -0.019000 0.039228 0.013213
v -0.018000 0.040152 0.012830
v -0.019000 0.039228 0.013213
v -0.018000 0.040586 0.013479
v -0.019000 0.039879 0.014186
v -0.018000 0.040586 0.013479
v -0.019000 0.039879 0.014186
v -0.018000 0.041235 0.013913
v -0.019000 0.040852 0.014837
v -0.018000 0.041235 0.013913
v -0.019000 0.040852 0.014837
v -0.018000 0.042000 0.014065
v -0.019000 0.042000 0.015065
v -0.019000 0.053000 0.015065
v -0.018000 0.053000 0.014065
v -0.019000 0.052262 0.015065
v -0.018000 0.042000 0.014065
v -0.019000 0.042737 0.015065
v -0.019000 0.042000 0.015065
v -0.018000 0.053000 0.014065
v -0.019000 0.053000 0.015065
v -0.018000 0.053765 0.013913
v -0.019000 0.054148 0.014837
v -0.018000 0.053765 0.013913
v -0.019000 0.054148 0.014837
v -0.018000 0.054414 0.013479
v -0.019000 0.055121 0.014186
v -0.018000 0.054414 0.013479
v -0.019000 0.055121 0.014186
v -0.018000 0.054848 0.012830
v -0.019000 0.055772 0.013213
v -0.018000 0.054848 0.012830
v -0.019000 0.055772 0.013213
v -0.018000 0.055000 0.012065
v -0.019000 0.056000 0.012065
v -0.019000 0.056000 0.003065
v -0.018000 0.055000 0.003065
v -0.019000 0.056000 0.012065
v -0.018000 0.055000 0.012065
v -0.018000 0.055000 0.003065
v -0.019000 0.056000 0.003065
v -0.018000 0.054853 0.002313
v -0.019000 0.055780 0.001937
v -0.018000 0.054853 0.002313
v -0.019000 0.055780 0.001937
v -0.018000 0.054421 0.001657
v -0.019000 0.055131 0.000954
v -0.018000 0.054421 0.001657
v -0.019000 0.055131 0.000954
v -0.018000 0.053770 0.001219
v -0.019000 0.054155 0.000296
v -0.018000 0.053770 0.001219
v -0.019000 0.054155 0.000296
v -0.018000 0.053000 0.001065
v -0.019000 0.053000 0.000065
v -0.019000 0.042737 0.000065
v -0.019000 0.042000 0.000065
v -0.018000 0.042000 0.001065
v -0.019000 0.052262 0.000065
v -0.018000 0.053000 0.001065
v -0.019000 0.053000 0.000065
v -0.018000 0.042000 0.001065
v -0.019000 0.042000 0.000065
v -0.018000 0.041230 0.001219
v -0.019000 0.040845 0.000296
v -0.018000 0.041230 0.001219
v -0.019000 0.040845 0.000296
v -0.018000 0.040579 0.001657
v -0.019000 0.039869 0.000954
v -0.018000 0.040579 0.001657
v -0.019000 0.039869 0.000954
v -0.018000 0.040147 0.002313
v -0.019000 0.039220 0.001937
v -0.018000 0.040147 0.002313
v -0.019000 0.039220 0.001937
v -0.018000 0.040000 0.003065
v -0.019000 0.039000 0.003065
v -0.019000 0.039000 0.012065
v -0.018000 0.040000 0.012065
v -0.019000 0.039000 0.003065
v -0.018000 0.040000 0.003065
v -0.018000 -0.053000 0.001065
v -0.019000 -0.053000 0.000065
v -0.018000 -0.053765 0.001217
v -0.019000 -0.054148 0.000293
v -0.018000 -0.053765 0.001217
v -0.019000 -0.054148 0.000293
v -0.018000 -0.054414 0.001651
v -0.019000 -0.055121 0.000944
v -0.018000 -0.054414 0.001651
v -0.019000 -0.055121 0.000944
v -0.018000 -0.054848 0.002300
v -0.019000 -0.055772 0.001917
v -0.018000 -0.054848 0.002300
v -0.019000 -0.055772 0.001917
v -0.018000 -0.055000 0.003065
v -0.019000 -0.056000 0.003065
v -0.019000 -0.056000 0.012065
v -0.018000 -0.055000 0.012065
v -0.019000 -0.056000 0.003065
v -0.018000 -0.055000 0.003065
v -0.018000 -0.055000 0.012065
v -0.019000 -0.056000 0.012065
v -0.018000 -0.054848 0.012830
v -0.019000 -0.055772 0.013213
v -0.018000 -0.054848 0.012830
v -0.019000 -0.055772 0.013213
v -0.018000 -0.054414 0.013479
v -0.019000 -0.055121 0.014186
v -0.018000 -0.054414 0.013479
v -0.019000 -0.055121 0.014186
v -0.018000 -0.053765 0.013913
v -0.019000 -0.054148 0.014837
v -0.018000 -0.053765 0.013913
v -0.019000 -0.054148 0.014837
v -0.018000 -0.053000 0.014065
v -0.019000 -0.053000 0.015065
v -0.019000 -0.042737 0.015065
v -0.019000 -0.042000 0.015065
v -0.018000 -0.042000 0.014065
v -0.019000 -0.052262 0.015065
v -0.018000 -0.053000 0.014065
v -0.019000 -0.053000 0.015065
v -0.018000 -0.042000 0.014065
v -0.019000 -0.042000 0.015065
v -0.018000 -0.041235 0.013913
v -0.019000 -0.040852 0.014837
v -0.018000 -0.041235 0.013913
v -0.019000 -0.040852 0.014837
v -0.018000 -0.040586 0.013479
v -0.019000 -0.039879 0.014186
v -0.018000 -0.040586 0.013479
v -0.019000 -0.039879 0.014186
v -0.018000 -0.040152 0.012830
v -0.019000 -0.039228 0.013213
v -0.018000 -0.040152 0.012830
v -0.019000 -0.039228 0.013213
v -0.018000 -0.040000 0.012065
v -0.019000 -0.039000 0.012065
v -0.019000 -0.039000 0.003065
v -0.018000 -0.040000 0.003065
v -0.019000 -0.039000 0.012065
v -0.018000 -0.040000 0.012065
v -0.018000 -0.040000 0.003065
v -0.019000 -0.039000 0.003065
v -0.018000 -0.040152 0.002300
v -0.019000 -0.039228 0.001917
v -0.018000 -0.040152 0.002300
v -0.019000 -0.039228 0.001917
v -0.018000 -0.040586 0.001651
v -0.019000 -0.039879 0.000944
v -0.018000 -0.040586 0.001651
v -0.019000 -0.039879 0.000944
v -0.018000 -0.041235 0.001217
v -0.019000 -0.040852 0.000293
v -0.018000 -0.041235 0.001217
v -0.019000 -0.040852 0.000293
v -0.018000 -0.042000 0.001065
v -0.019000 -0.042000 0.000065
v -0.019000 -0.052262 0.000065
v -0.019000 -0.053000 0.000065
v -0.018000 -0.053000 0.001065
v -0.019000 -0.042737 0.000065
v -0.018000 -0.042000 0.001065
v -0.019000 -0.042000 0.000065
v -0.019000 -0.055000 -0.043245
v -0.018500 -0.055000 -0.043745
v -0.019000 -0.055500 -0.043379
v -0.018500 -0.055250 -0.043812
v -0.019000 -0.055500 -0.043379
v -0.018500 -0.055250 -0.043812
v -0.019000 -0.055866 -0.043745
v -0.018500 -0.055500 -0.044245
v -0.019000 -0.056000 -0.044245
v -0.018500 -0.055433 -0.043995
v -0.019000 -0.055866 -0.043745
v -0.018500 -0.055433 -0.043995
v -0.019000 -0.055866 -0.043745
v -0.018500 -0.055354 -0.043891
v -0.018500 -0.055354 -0.043891
v -0.019000 -0.055866 -0.043745
v -0.018500 -0.055250 -0.043812
v -0.019000 -0.042737 -0.043245
v -0.019000 -0.040100 -0.043245
v -0.018500 -0.040100 -0.043745
v -0.019000 -0.052262 -0.043245
v -0.018500 -0.055000 -0.043745
v -0.019000 -0.055000 -0.043245
v -0.019000 -0.039000 -0.044345
v -0.018500 -0.039500 -0.044345
v -0.019000 -0.039147 -0.043795
v -0.018500 -0.039580 -0.044045
v -0.019000 -0.039147 -0.043795
v -0.018500 -0.039580 -0.044045
v -0.019000 -0.039550 -0.043392
v -0.018500 -0.040100 -0.043745
v -0.019000 -0.040100 -0.043245
v -0.018500 -0.039800 -0.043825
v -0.019000 -0.039550 -0.043392
v -0.018500 -0.039800 -0.043825
v -0.019000 -0.039550 -0.043392
v -0.018500 -0.039676 -0.043921
v -0.018500 -0.039676 -0.043921
v -0.019000 -0.039550 -0.043392
v -0.018500 -0.039580 -0.044045
v -0.019000 -0.039000 -0.051345
v -0.018500 -0.039500 -0.051345
v -0.019000 -0.039000 -0.048220
v -0.018500 -0.039500 -0.044345
v -0.019000 -0.039000 -0.044345
v -0.019000 -0.039550 -0.052298
v -0.019000 -0.040100 -0.052445
v -0.018500 -0.040100 -0.051945
v -0.018500 -0.039500 -0.051345
v -0.019000 -0.039000 -0.051345
v -0.018500 -0.039580 -0.051645
v -0.019000 -0.039147 -0.051895
v -0.018500 -0.039580 -0.051645
v -0.019000 -0.039147 -0.051895
v -0.018500 -0.039676 -0.051769
v -0.018500 -0.039676 -0.051769
v -0.019000 -0.039147 -0.051895
v -0.019000 -0.039550 -0.052298
v -0.018500 -0.039676 -0.051769
v -0.019000 -0.039550 -0.052298
v -0.018500 -0.039800 -0.051865
v -0.018500 -0.039800 -0.051865
v -0.019000 -0.052262 -0.052445
v -0.019000 -0.054900 -0.052445
v -0.018500 -0.054900 -0.051945
v -0.019000 -0.042737 -0.052445
v -0.018500 -0.040100 -0.051945
v -0.019000 -0.040100 -0.052445
v -0.018500 -0.054900 -0.051945
v -0.019000 -0.054900 -0.052445
v -0.018500 -0.055130 -0.051899
v -0.019000 -0.055321 -0.052361
v -0.018500 -0.055130 -0.051899
v -0.019000 -0.055321 -0.052361
v -0.018500 -0.055324 -0.051769
v -0.019000 -0.055678 -0.052123
v -0.018500 -0.055324 -0.051769
v -0.019000 -0.055678 -0.052123
v -0.018500 -0.055454 -0.051575
v -0.019000 -0.055916 -0.051766
v -0.018500 -0.055454 -0.051575
v -0.019000 -0.055916 -0.051766
v -0.018500 -0.055500 -0.051345
v -0.019000 -0.056000 -0.051345
v -0.019000 -0.056000 -0.044245
v -0.018500 -0.055500 -0.044245
v -0.019000 -0.056000 -0.048220
v -0.018500 -0.055500 -0.051345
v -0.019000 -0.056000 -0.051345
v -0.019000 0.039550 -0.043392
v -0.019000 0.040100 -0.043245
v -0.018500 0.040100 -0.043745
v -0.018500 0.039500 -0.044345
v -0.019000 0.039000 -0.044345
v -0.018500 0.039580 -0.044045
v -0.019000 0.039147 -0.043795
v -0.018500 0.039580 -0.044045
v -0.019000 0.039147 -0.043795
v -0.018500 0.039676 -0.043921
v -0.018500 0.039676 -0.043921
v -0.019000 0.039147 -0.043795
v -0.019000 0.039550 -0.043392
v -0.018500 0.039676 -0.043921
v -0.019000 0.039550 -0.043392
v -0.018500 0.039800 -0.043825
v -0.018500 0.039800 -0.043825
v -0.019000 0.052262 -0.043245
v -0.019000 0.054900 -0.043245
v -0.018500 0.054900 -0.043745
v -0.019000 0.042737 -0.043245
v -0.018500 0.040100 -0.043745
v -0.019000 0.040100 -0.043245
v -0.019000 0.055853 -0.043795
v -0.019000 0.056000 -0.044345
v -0.018500 0.055500 -0.044345
v -0.018500 0.054900 -0.043745
v -0.019000 0.054900 -0.043245
v -0.018500 0.055200 -0.043825
v -0.019000 0.055450 -0.043392
v -0.018500 0.055200 -0.043825
v -0.019000 0.055450 -0.043392
v -0.018500 0.055324 -0.043921
v -0.018500 0.055324 -0.043921
v -0.019000 0.055450 -0.043392
v -0.019000 0.055853 -0.043795
v -0.018500 0.055324 -0.043921
v -0.019000 0.055853 -0.043795
v -0.018500 0.055420 -0.044045
v -0.018500 0.055420 -0.044045
v -0.019000 0.056000 -0.051345
v -0.018500 0.055500 -0.051345
v -0.019000 0.056000 -0.048220
v -0.018500 0.055500 -0.044345
v -0.019000 0.056000 -0.044345
v -0.019000 0.055450 -0.052298
v -0.019000 0.054900 -0.052445
v -0.018500 0.054900 -0.051945
v -0.018500 0.055500 -0.051345
v -0.019000 0.056000 -0.051345
v -0.018500 0.055420 -0.051645
v -0.019000 0.055853 -0.051895
v -0.018500 0.055420 -0.051645
v -0.019000 0.055853 -0.051895
v -0.018500 0.055324 -0.051769
v -0.018500 0.055324 -0.051769
v -0.019000 0.055853 -0.051895
v -0.019000 0.055450 -0.052298
v -0.018500 0.055324 -0.051769
v -0.019000 0.055450 -0.052298
v -0.018500 0.055200 -0.051865
v -0.018500 0.055200 -0.051865
v -0.019000 0.042737 -0.052445
v -0.019000 0.040100 -0.052445
v -0.018500 0.040100 -0.051945
v -0.019000 0.052262 -0.052445
v -0.018500 0.054900 -0.051945
v -0.019000 0.054900 -0.052445
v -0.019000 0.039147 -0.051895
v -0.019000 0.039000 -0.051345
v -0.018500 0.039500 -0.051345
v -0.018500 0.040100 -0.051945
v -0.019000 0.040100 -0.052445
v -0.018500 0.039800 -0.051865
v -0.019000 0.039550 -0.052298
v -0.018500 0.039800 -0.051865
v -0.019000 0.039550 -0.052298
v -0.018500 0.039676 -0.051769
v -0.018500 0.039676 -0.051769
v -0.019000 0.039550 -0.052298
v -0.019000 0.039147 -0.051895
v -0.018500 0.039676 -0.051769
v -0.019000 0.039147 -0.051895
v -0.018500 0.039580 -0.051645
v -0.018500 0.039580 -0.051645
v -0.019000 0.039000 -0.044345
v -0.018500 0.039500 -0.044345
v -0.019000 0.039000 -0.048220
v -0.018500 0.039500 -0.051345
v -0.019000 0.039000 -0.051345
v -0.019000 -0.046475 -0.001435
v -0.013200 -0.046475 -0.001435
v -0.019000 -0.046612 -0.000923
v -0.013200 -0.046612 -0.000923
v -0.019000 -0.046612 -0.000923
v -0.013200 -0.046612 -0.000923
v -0.019000 -0.046988 -0.000547
v -0.013200 -0.046988 -0.000547
v -0.019000 -0.046988 -0.000547
v -0.013200 -0.046988 -0.000547
v -0.019000 -0.047500 -0.000410
v -0.013200 -0.047500 -0.000410
v -0.019000 -0.047500 -0.000410
v -0.013200 -0.047500 -0.000410
v -0.019000 -0.048012 -0.000547
v -0.013200 -0.048012 -0.000547
v -0.019000 -0.048012 -0.000547
v -0.013200 -0.048012 -0.000547
v -0.019000 -0.048388 -0.000923
v -0.013200 -0.048388 -0.000923
v -0.019000 -0.048388 -0.000923
v -0.013200 -0.048388 -0.000923
v -0.019000 -0.048525 -0.001435
v -0.013200 -0.048525 -0.001435
v -0.019000 0.048525 0.016565
v -0.013200 0.048525 0.016565
v -0.019000 0.048388 0.017078
v -0.013200 0.048388 0.017078
v -0.019000 0.048388 0.017078
v -0.013200 0.048388 0.017078
v -0.019000 0.048012 0.017453
v -0.013200 0.048012 0.017453
v -0.019000 0.048012 0.017453
v -0.013200 0.048012 0.017453
v -0.019000 0.047500 0.017590
v -0.013200 0.047500 0.017590
v -0.019000 0.047500 0.017590
v -0.013200 0.047500 0.017590
v -0.019000 0.046988 0.017453
v -0.013200 0.046988 0.017453
v -0.019000 0.046988 0.017453
v -0.013200 0.046988 0.017453
v -0.019000 0.046612 0.017078
v -0.013200 0.046612 0.017078
v -0.019000 0.046612 0.017078
v -0.013200 0.046612 0.017078
v -0.019000 0.046475 0.016565
v -0.013200 0.046475 0.016565
v -0.019000 -0.033000 -0.042745
v -0.013000 -0.033000 -0.042745
v -0.019000 -0.033168 -0.042120
v -0.013000 -0.033168 -0.042120
v -0.019000 -0.033168 -0.042120
v -0.013000 -0.033168 -0.042120
v -0.019000 -0.033625 -0.041662
v -0.013000 -0.033625 -0.041662
v -0.019000 -0.033625 -0.041662
v -0.013000 -0.033625 -0.041662
v -0.019000 -0.034250 -0.041495
v -0.013000 -0.034250 -0.041495
v -0.019000 -0.034250 -0.041495
v -0.013000 -0.034250 -0.041495
v -0.019000 -0.034875 -0.041662
v -0.013000 -0.034875 -0.041662
v -0.019000 -0.034875 -0.041662
v -0.013000 -0.034875 -0.041662
v -0.019000 -0.035333 -0.042120
v -0.013000 -0.035333 -0.042120
v -0.019000 -0.035333 -0.042120
v -0.013000 -0.035333 -0.042120
v -0.019000 -0.035500 -0.042745
v -0.013000 -0.035500 -0.042745
v -0.019000 -0.033000 0.042875
v -0.013000 -0.033000 0.042875
v -0.019000 -0.033168 0.043500
v -0.013000 -0.033168 0.043500
v -0.019000 -0.033168 0.043500
v -0.013000 -0.033168 0.043500
v -0.019000 -0.033625 0.043958
v -0.013000 -0.033625 0.043958
v -0.019000 -0.033625 0.043958
v -0.013000 -0.033625 0.043958
v -0.019000 -0.034250 0.044125
v -0.013000 -0.034250 0.044125
v -0.019000 -0.034250 0.044125
v -0.013000 -0.034250 0.044125
v -0.019000 -0.034875 0.043958
v -0.013000 -0.034875 0.043958
v -0.019000 -0.034875 0.043958
v -0.013000 -0.034875 0.043958
v -0.019000 -0.035333 0.043500
v -0.013000 -0.035333 0.043500
v -0.019000 -0.035333 0.043500
v -0.013000 -0.035333 0.043500
v -0.019000 -0.035500 0.042875
v -0.013000 -0.035500 0.042875
v -0.019000 -0.059500 0.042875
v -0.013000 -0.059500 0.042875
v -0.019000 -0.059668 0.043500
v -0.013000 -0.059668 0.043500
v -0.019000 -0.059668 0.043500
v -0.013000 -0.059668 0.043500
v -0.019000 -0.060125 0.043958
v -0.013000 -0.060125 0.043958
v -0.019000 -0.060125 0.043958
v -0.013000 -0.060125 0.043958
v -0.019000 -0.060750 0.044125
v -0.013000 -0.060750 0.044125
v -0.019000 -0.060750 0.044125
v -0.013000 -0.060750 0.044125
v -0.019000 -0.061375 0.043958
v -0.013000 -0.061375 0.043958
v -0.019000 -0.061375 0.043958
v -0.013000 -0.061375 0.043958
v -0.019000 -0.061832 0.043500
v -0.013000 -0.061832 0.043500
v -0.019000 -0.061832 0.043500
v -0.013000 -0.061832 0.043500
v -0.019000 -0.062000 0.042875
v -0.013000 -0.062000 0.042875
v -0.019000 -0.059500 -0.042745
v -0.013000 -0.059500 -0.042745
v -0.019000 -0.059668 -0.042120
v -0.013000 -0.059668 -0.042120
v -0.019000 -0.059668 -0.042120
v -0.013000 -0.059668 -0.042120
v -0.019000 -0.060125 -0.041662
v -0.013000 -0.060125 -0.041662
v -0.019000 -0.060125 -0.041662
v -0.013000 -0.060125 -0.041662
v -0.019000 -0.060750 -0.041495
v -0.013000 -0.060750 -0.041495
v -0.019000 -0.060750 -0.041495
v -0.013000 -0.060750 -0.041495
v -0.019000 -0.061375 -0.041662
v -0.013000 -0.061375 -0.041662
v -0.019000 -0.061375 -0.041662
v -0.013000 -0.061375 -0.041662
v -0.019000 -0.061832 -0.042120
v -0.013000 -0.061832 -0.042120
v -0.019000 -0.061832 -0.042120
v -0.013000 -0.061832 -0.042120
v -0.019000 -0.062000 -0.042745
v -0.013000 -0.062000 -0.042745
v -0.019000 0.035500 0.042875
v -0.013000 0.035500 0.042875
v -0.019000 0.035333 0.043500
v -0.013000 0.035333 0.043500
v -0.019000 0.035333 0.043500
v -0.013000 0.035333 0.043500
v -0.019000 0.034875 0.043958
v -0.013000 0.034875 0.043958
v -0.019000 0.034875 0.043958
v -0.013000 0.034875 0.043958
v -0.019000 0.034250 0.044125
v -0.013000 0.034250 0.044125
v -0.019000 0.034250 0.044125
v -0.013000 0.034250 0.044125
v -0.019000 0.033625 0.043958
v -0.013000 0.033625 0.043958
v -0.019000 0.033625 0.043958
v -0.013000 0.033625 0.043958
v -0.019000 0.033168 0.043500
v -0.013000 0.033168 0.043500
v -0.019000 0.033168 0.043500
v -0.013000 0.033168 0.043500
v -0.019000 0.033000 0.042875
v -0.013000 0.033000 0.042875
v -0.019000 0.035500 -0.042745
v -0.013000 0.035500 -0.042745
v -0.019000 0.035333 -0.042120
v -0.013000 0.035333 -0.042120
v -0.019000 0.035333 -0.042120
v -0.013000 0.035333 -0.042120
v -0.019000 0.034875 -0.041662
v -0.013000 0.034875 -0.041662
v -0.019000 0.034875 -0.041662
v -0.013000 0.034875 -0.041662
v -0.019000 0.034250 -0.041495
v -0.013000 0.034250 -0.041495
v -0.019000 0.034250 -0.041495
v -0.013000 0.034250 -0.041495
v -0.019000 0.033625 -0.041662
v -0.013000 0.033625 -0.041662
v -0.019000 0.033625 -0.041662
v -0.013000 0.033625 -0.041662
v -0.019000 0.033168 -0.042120
v -0.013000 0.033168 -0.042120
v -0.019000 0.033168 -0.042120
v -0.013000 0.033168 -0.042120
v -0.019000 0.033000 -0.042745
v -0.013000 0.033000 -0.042745
v -0.019000 0.062000 -0.042745
v -0.013000 0.062000 -0.042745
v -0.019000 0.061832 -0.042120
v -0.013000 0.061832 -0.042120
v -0.019000 0.061832 -0.042120
v -0.013000 0.061832 -0.042120
v -0.019000 0.061375 -0.041662
v -0.013000 0.061375 -0.041662
v -0.019000 0.061375 -0.041662
v -0.013000 0.061375 -0.041662
v -0.019000 0.060750 -0.041495
v -0.013000 0.060750 -0.041495
v -0.019000 0.060750 -0.041495
v -0.013000 0.060750 -0.041495
v -0.019000 0.060125 -0.041662
v -0.013000 0.060125 -0.041662
v -0.019000 0.060125 -0.041662
v -0.013000 0.060125 -0.041662
v -0.019000 0.059668 -0.042120
v -0.013000 0.059668 -0.042120
v -0.019000 0.059668 -0.042120
v -0.013000 0.059668 -0.042120
v -0.019000 0.059500 -0.042745
v -0.013000 0.059500 -0.042745
v -0.019000 0.062000 0.042875
v -0.013000 0.062000 0.042875
v -0.019000 0.061832 0.043500
v -0.013000 0.061832 0.043500
v -0.019000 0.061832 0.043500
v -0.013000 0.061832 0.043500
v -0.019000 0.061375 0.043958
v -0.013000 0.061375 0.043958
v -0.019000 0.061375 0.043958
v -0.013000 0.061375 0.043958
v -0.019000 0.060750 0.044125
v -0.013000 0.060750 0.044125
v -0.019000 0.060750 0.044125
v -0.013000 0.060750 0.044125
v -0.019000 0.060125 0.043958
v -0.013000 0.060125 0.043958
v -0.019000 0.060125 0.043958
v -0.013000 0.060125 0.043958
v -0.019000 0.059668 0.043500
v -0.013000 0.059668 0.043500
v -0.019000 0.059668 0.043500
v -0.013000 0.059668 0.043500
v -0.019000 0.059500 0.042875
v -0.013000 0.059500 0.042875
v -0.016500 -0.067650 0.025565
v -0.019000 -0.067737 0.025565
v -0.016500 -0.067349 0.026690
v -0.019000 -0.067424 0.026734
v -0.016500 -0.067349 0.026690
v -0.019000 -0.067424 0.026734
v -0.016500 -0.066525 0.027514
v -0.019000 -0.066569 0.027589
v -0.016500 -0.066525 0.027514
v -0.019000 -0.066569 0.027589
v -0.016500 -0.065400 0.027815
v -0.019000 -0.065400 0.027902
v -0.016500 -0.065400 0.027815
v -0.019000 -0.065400 0.027902
v -0.016500 -0.064275 0.027514
v -0.019000 -0.064231 0.027589
v -0.016500 -0.064275 0.027514
v -0.019000 -0.064231 0.027589
v -0.016500 -0.063451 0.026690
v -0.019000 -0.063376 0.026734
v -0.016500 -0.063451 0.026690
v -0.019000 -0.063376 0.026734
v -0.016500 -0.063150 0.025565
v -0.019000 -0.063063 0.025565
v -0.016500 0.063150 0.025565
v -0.019000 0.063063 0.025565
v -0.016500 0.063451 0.026690
v -0.019000 0.063376 0.026734
v -0.016500 0.063451 0.026690
v -0.019000 0.063376 0.026734
v -0.016500 0.064275 0.027514
v -0.019000 0.064231 0.027589
v -0.016500 0.064275 0.027514
v -0.019000 0.064231 0.027589
v -0.016500 0.065400 0.027815
v -0.019000 0.065400 0.027902
v -0.016500 0.065400 0.027815
v -0.019000 0.065400 0.027902
v -0.016500 0.066525 0.027514
v -0.019000 0.066569 0.027589
v -0.016500 0.066525 0.027514
v -0.019000 0.066569 0.027589
v -0.016500 0.067349 0.026690
v -0.019000 0.067424 0.026734
v -0.016500 0.067349 0.026690
v -0.019000 0.067424 0.026734
v -0.016500 0.067650 0.025565
v -0.019000 0.067737 0.025565
v -0.016500 0.063150 -0.025435
v -0.019000 0.063063 -0.025435
v -0.016500 0.063451 -0.024310
v -0.019000 0.063376 -0.024266
v -0.016500 0.063451 -0.024310
v -0.019000 0.063376 -0.024266
v -0.016500 0.064275 -0.023486
v -0.019000 0.064231 -0.023411
v -0.016500 0.064275 -0.023486
v -0.019000 0.064231 -0.023411
v -0.016500 0.065400 -0.023185
v -0.019000 0.065400 -0.023098
v -0.016500 0.065400 -0.023185
v -0.019000 0.065400 -0.023098
v -0.016500 0.066525 -0.023486
v -0.019000 0.066569 -0.023411
v -0.016500 0.066525 -0.023486
v -0.019000 0.066569 -0.023411
v -0.016500 0.067349 -0.024310
v -0.019000 0.067424 -0.024266
v -0.016500 0.067349 -0.024310
v -0.019000 0.067424 -0.024266
v -0.016500 0.067650 -0.025435
v -0.019000 0.067737 -0.025435
v -0.016500 -0.067650 -0.025435
v -0.019000 -0.067737 -0.025435
v -0.016500 -0.067349 -0.024310
v -0.019000 -0.067424 -0.024266
v -0.016500 -0.067349 -0.024310
v -0.019000 -0.067424 -0.024266
v -0.016500 -0.066525 -0.023486
v -0.019000 -0.066569 -0.023411
v -0.016500 -0.066525 -0.023486
v -0.019000 -0.066569 -0.023411
v -0.016500 -0.065400 -0.023185
v -0.019000 -0.065400 -0.023098
v -0.016500 -0.065400 -0.023185
v -0.019000 -0.065400 -0.023098
v -0.016500 -0.064275 -0.023486
v -0.019000 -0.064231 -0.023411
v -0.016500 -0.064275 -0.023486
v -0.019000 -0.064231 -0.023411
v -0.016500 -0.063451 -0.024310
v -0.019000 -0.063376 -0.024266
v -0.016500 -0.063451 -0.024310
v -0.019000 -0.063376 -0.024266
v -0.016500 -0.063150 -0.025435
v -0.019000 -0.063063 -0.025435
v -0.019000 0.048525 -0.001435
v -0.013200 0.048525 -0.001435
v -0.019000 0.048388 -0.000923
v -0.013200 0.048388 -0.000923
v -0.019000 0.048388 -0.000923
v -0.013200 0.048388 -0.000923
v -0.019000 0.048012 -0.000547
v -0.013200 0.048012 -0.000547
v -0.019000 0.048012 -0.000547
v -0.013200 0.048012 -0.000547
v -0.019000 0.047500 -0.000410
v -0.013200 0.047500 -0.000410
v -0.019000 0.047500 -0.000410
v -0.013200 0.047500 -0.000410
v -0.019000 0.046988 -0.000547
v -0.013200 0.046988 -0.000547
v -0.019000 0.046988 -0.000547
v -0.013200 0.046988 -0.000547
v -0.019000 0.046612 -0.000923
v -0.013200 0.046612 -0.000923
v -0.019000 0.046612 -0.000923
v -0.013200 0.046612 -0.000923
v -0.019000 0.046475 -0.001435
v -0.013200 0.046475 -0.001435
v -0.018500 0.040000 0.063565
v -0.018500 0.040000 0.064465
v -0.018561 0.040004 0.064465
v -0.018500 0.040000 0.063565
v -0.018561 0.040004 0.064465
v -0.018737 0.040060 0.063565
v -0.018737 0.040060 0.063565
v -0.018561 0.040004 0.064465
v -0.018750 0.040067 0.064465
v -0.018737 0.040060 0.063565
v -0.018750 0.040067 0.064465
v -0.018750 0.040067 0.063565
v -0.018750 0.040067 0.063565
v -0.018750 0.040067 0.064465
v -0.018780 0.040086 0.064465
v -0.018750 0.040067 0.063565
v -0.018780 0.040086 0.064465
v -0.018914 0.040220 0.063565
v -0.018914 0.040220 0.063565
v -0.018780 0.040086 0.064465
v -0.018933 0.040250 0.064465
v -0.018914 0.040220 0.063565
v -0.018933 0.040250 0.064465
v -0.018933 0.040250 0.063565
v -0.018933 0.040250 0.063565
v -0.018933 0.040250 0.064465
v -0.018940 0.040263 0.064465
v -0.018933 0.040250 0.063565
v -0.018940 0.040263 0.064465
v -0.018996 0.040439 0.063565
v -0.018996 0.040439 0.063565
v -0.018940 0.040263 0.064465
v -0.019000 0.040500 0.064465
v -0.018996 0.040439 0.063565
v -0.019000 0.040500 0.064465
v -0.019000 0.040500 0.063565
v -0.018750 0.040067 0.063565
v -0.018914 0.040220 0.063565
v -0.018914 0.040127 0.063098
v -0.018750 0.039000 0.062498
v -0.018737 0.039000 0.062505
v -0.018737 0.039406 0.062586
v -0.018996 0.040329 0.063014
v -0.018996 0.040439 0.063565
v -0.019000 0.040500 0.063565
v -0.019000 0.040500 0.063565
v -0.019000 0.040488 0.063372
v -0.018996 0.040329 0.063014
v -0.018996 0.040329 0.063014
v -0.019000 0.040488 0.063372
v -0.019000 0.040237 0.062716
v -0.018996 0.040329 0.063014
v -0.019000 0.040237 0.062716
v -0.018996 0.040018 0.062547
v -0.018996 0.040018 0.062547
v -0.019000 0.040237 0.062716
v -0.019000 0.039704 0.062240
v -0.018996 0.040018 0.062547
v -0.019000 0.039704 0.062240
v -0.018996 0.039551 0.062236
v -0.018996 0.039551 0.062236
v -0.019000 0.039704 0.062240
v -0.019000 0.039000 0.062065
v -0.018996 0.039551 0.062236
v -0.019000 0.039000 0.062065
v -0.018996 0.039000 0.062126
v -0.018996 0.039000 0.062126
v -0.018933 0.039000 0.062315
v -0.018996 0.039551 0.062236
v -0.018996 0.039551 0.062236
v -0.018933 0.039000 0.062315
v -0.018914 0.039467 0.062438
v -0.018996 0.039551 0.062236
v -0.018914 0.039467 0.062438
v -0.018996 0.040018 0.062547
v -0.018914 0.039863 0.062702
v -0.018996 0.040018 0.062547
v -0.018914 0.039863 0.062702
v -0.018996 0.040329 0.063014
v -0.018914 0.040127 0.063098
v -0.018914 0.040127 0.063098
v -0.018914 0.040220 0.063565
v -0.018996 0.040329 0.063014
v -0.018996 0.040329 0.063014
v -0.018914 0.040220 0.063565
v -0.018933 0.040250 0.063565
v -0.018996 0.040329 0.063014
v -0.018933 0.040250 0.063565
v -0.018996 0.040439 0.063565
v -0.018750 0.039000 0.062498
v -0.018737 0.039406 0.062586
v -0.018914 0.039000 0.062345
v -0.018737 0.040060 0.063565
v -0.018750 0.040067 0.063565
v -0.018737 0.039979 0.063160
v -0.018737 0.039979 0.063160
v -0.018750 0.040067 0.063565
v -0.018914 0.040127 0.063098
v -0.018737 0.039979 0.063160
v -0.018914 0.040127 0.063098
v -0.018737 0.039749 0.062816
v -0.018914 0.039863 0.062702
v -0.018737 0.039749 0.062816
v -0.018914 0.039863 0.062702
v -0.018737 0.039406 0.062586
v -0.018914 0.039467 0.062438
v -0.018737 0.039406 0.062586
v -0.018914 0.039467 0.062438
v -0.018914 0.039000 0.062345
v -0.018914 0.039000 0.062345
v -0.018914 0.039467 0.062438
v -0.018933 0.039000 0.062315
v -0.018500 0.040000 0.063565
v -0.018737 0.040060 0.063565
v -0.018500 0.039924 0.063182
v -0.018737 0.039979 0.063160
v -0.018500 0.039924 0.063182
v -0.018737 0.039979 0.063160
v -0.018500 0.039707 0.062858
v -0.018737 0.039749 0.062816
v -0.018500 0.039707 0.062858
v -0.018737 0.039749 0.062816
v -0.018500 0.039383 0.062641
v -0.018737 0.039406 0.062586
v -0.018500 0.039383 0.062641
v -0.018737 0.039406 0.062586
v -0.018500 0.039000 0.062565
v -0.018737 0.039000 0.062505
v -0.019000 -0.039000 0.062065
v -0.019000 -0.039000 0.062079
v -0.019000 -0.037250 0.062065
v -0.019000 -0.037250 0.062065
v -0.019000 -0.039000 0.062079
v -0.018937 -0.039000 0.062307
v -0.019000 -0.037250 0.062065
v -0.018937 -0.039000 0.062307
v -0.019000 -0.000000 0.062065
v -0.018500 -0.039000 0.062565
v -0.018500 0.039000 0.062565
v -0.018556 -0.039000 0.062562
v -0.018556 -0.039000 0.062562
v -0.018500 0.039000 0.062565
v -0.018737 0.039000 0.062505
v -0.018556 -0.039000 0.062562
v -0.018737 0.039000 0.062505
v -0.018750 -0.039000 0.062498
v -0.018750 -0.039000 0.062498
v -0.018737 0.039000 0.062505
v -0.018750 0.039000 0.062498
v -0.018750 -0.039000 0.062498
v -0.018750 0.039000 0.062498
v -0.018775 -0.039000 0.062482
v -0.018775 -0.039000 0.062482
v -0.018750 0.039000 0.062498
v -0.018914 0.039000 0.062345
v -0.018775 -0.039000 0.062482
v -0.018914 0.039000 0.062345
v -0.018937 -0.039000 0.062307
v -0.018937 -0.039000 0.062307
v -0.018914 0.039000 0.062345
v -0.018933 0.039000 0.062315
v -0.018933 0.039000 0.062315
v -0.019000 -0.000000 0.062065
v -0.018933 0.039000 0.062315
v -0.018996 0.039000 0.062126
v -0.019000 -0.000000 0.062065
v -0.018996 0.039000 0.062126
v -0.019000 0.039000 0.062065
v -0.019000 -0.039193 0.062077
v -0.018500 -0.039383 0.062641
v -0.018500 -0.039000 0.062565
v -0.018556 -0.039000 0.062562
v -0.018500 -0.040000 0.063565
v -0.018500 -0.039924 0.063182
v -0.018556 -0.039927 0.063181
v -0.018750 -0.039000 0.062498
v -0.018775 -0.039414 0.062565
v -0.018556 -0.039000 0.062562
v -0.018556 -0.039000 0.062562
v -0.018775 -0.039414 0.062565
v -0.018556 -0.039384 0.062638
v -0.018556 -0.039000 0.062562
v -0.018556 -0.039384 0.062638
v -0.018500 -0.039383 0.062641
v -0.018750 -0.039000 0.062498
v -0.018775 -0.039000 0.062482
v -0.018775 -0.039414 0.062565
v -0.018775 -0.039414 0.062565
v -0.018775 -0.039000 0.062482
v -0.018937 -0.039000 0.062307
v -0.018937 -0.039481 0.062403
v -0.018937 -0.039481 0.062403
v -0.018937 -0.039000 0.062307
v -0.019000 -0.039000 0.062079
v -0.018937 -0.039481 0.062403
v -0.019000 -0.039000 0.062079
v -0.019000 -0.039574 0.062179
v -0.019000 -0.039000 0.062079
v -0.019000 -0.039574 0.062179
v -0.019000 -0.040061 0.062504
v -0.018937 -0.039889 0.062676
v -0.018937 -0.039481 0.062403
v -0.018937 -0.039481 0.062403
v -0.018937 -0.039889 0.062676
v -0.018775 -0.039765 0.062799
v -0.018775 -0.039414 0.062565
v -0.018775 -0.039414 0.062565
v -0.018775 -0.039765 0.062799
v -0.018556 -0.039709 0.062856
v -0.018556 -0.039384 0.062638
v -0.018556 -0.039384 0.062638
v -0.018556 -0.039709 0.062856
v -0.018500 -0.039707 0.062858
v -0.018500 -0.039383 0.062641
v -0.019000 -0.040061 0.062504
v -0.019000 -0.040386 0.062991
v -0.018937 -0.040162 0.063084
v -0.018937 -0.039889 0.062676
v -0.018937 -0.039889 0.062676
v -0.018937 -0.040162 0.063084
v -0.018775 -0.040000 0.063151
v -0.018775 -0.039765 0.062799
v -0.018775 -0.039765 0.062799
v -0.018775 -0.040000 0.063151
v -0.018556 -0.039927 0.063181
v -0.018556 -0.039709 0.062856
v -0.018556 -0.039709 0.062856
v -0.018556 -0.039927 0.063181
v -0.018500 -0.039924 0.063182
v -0.018556 -0.039709 0.062856
v -0.018500 -0.039924 0.063182
v -0.018500 -0.039707 0.062858
v -0.019000 -0.040500 0.063565
v -0.019000 -0.040486 0.063565
v -0.019000 -0.040386 0.062991
v -0.019000 -0.040386 0.062991
v -0.019000 -0.040486 0.063565
v -0.018937 -0.040258 0.063565
v -0.019000 -0.040386 0.062991
v -0.018937 -0.040258 0.063565
v -0.018937 -0.040162 0.063084
v -0.018937 -0.040162 0.063084
v -0.018937 -0.040258 0.063565
v -0.018775 -0.040082 0.063565
v -0.018775 -0.040000 0.063151
v -0.018775 -0.040000 0.063151
v -0.018775 -0.040082 0.063565
v -0.018750 -0.040067 0.063565
v -0.018775 -0.040000 0.063151
v -0.018750 -0.040067 0.063565
v -0.018556 -0.039927 0.063181
v -0.018556 -0.039927 0.063181
v -0.018750 -0.040067 0.063565
v -0.018556 -0.040003 0.063565
v -0.018556 -0.039927 0.063181
v -0.018556 -0.040003 0.063565
v -0.018500 -0.040000 0.063565
v -0.019000 -0.040500 0.064465
v -0.019000 -0.040486 0.063565
v -0.019000 -0.040500 0.064465
v -0.018996 -0.040436 0.064465
v -0.019000 -0.040486 0.063565
v -0.018996 -0.040436 0.064465
v -0.018937 -0.040258 0.063565
v -0.018996 -0.040436 0.064465
v -0.018933 -0.040250 0.064465
v -0.018937 -0.040258 0.063565
v -0.018937 -0.040258 0.063565
v -0.018933 -0.040250 0.064465
v -0.018912 -0.040217 0.064465
v -0.018937 -0.040258 0.063565
v -0.018912 -0.040217 0.064465
v -0.018775 -0.040082 0.063565
v -0.018775 -0.040082 0.063565
v -0.018912 -0.040217 0.064465
v -0.018750 -0.040067 0.064465
v -0.018775 -0.040082 0.063565
v -0.018750 -0.040067 0.064465
v -0.018750 -0.040067 0.063565
v -0.018750 -0.040067 0.063565
v -0.018750 -0.040067 0.064465
v -0.018734 -0.040058 0.064465
v -0.018750 -0.040067 0.063565
v -0.018734 -0.040058 0.064465
v -0.018556 -0.040003 0.063565
v -0.018556 -0.040003 0.063565
v -0.018734 -0.040058 0.064465
v -0.018500 -0.040000 0.064465
v -0.018556 -0.040003 0.063565
v -0.018500 -0.040000 0.064465
v -0.018500 -0.040000 0.063565
v -0.019000 -0.042737 0.064465
v -0.019000 -0.043717 0.064465
v -0.018842 -0.043723 0.065427
v -0.016525 -0.043819 0.067419
v -0.016000 -0.043895 0.067465
v -0.016000 -0.040500 0.067465
v -0.016525 -0.043819 0.067419
v -0.016000 -0.040500 0.067465
v -0.017510 -0.043778 0.067057
v -0.016000 -0.040500 0.067465
v -0.017148 -0.040500 0.067237
v -0.017510 -0.043778 0.067057
v -0.017510 -0.043778 0.067057
v -0.017148 -0.040500 0.067237
v -0.018121 -0.040500 0.066586
v -0.017510 -0.043778 0.067057
v -0.018121 -0.040500 0.066586
v -0.018300 -0.043745 0.066391
v -0.018300 -0.043745 0.066391
v -0.018121 -0.040500 0.066586
v -0.018772 -0.040500 0.065613
v -0.018300 -0.043745 0.066391
v -0.018772 -0.040500 0.065613
v -0.018842 -0.043723 0.065427
v -0.018842 -0.043723 0.065427
v -0.018772 -0.040500 0.065613
v -0.019000 -0.040500 0.064465
v -0.019000 -0.040500 0.064465
v -0.019000 -0.043717 0.062382
v -0.018401 -0.044348 0.062413
v -0.019000 -0.043717 0.064465
v -0.018401 -0.044348 0.064465
v -0.016448 -0.044450 0.062515
v -0.018401 -0.044348 0.062413
v -0.018401 -0.050652 0.062413
v -0.019000 -0.043717 0.062382
v -0.019000 -0.051283 0.062382
v -0.015505 -0.049654 0.062565
v -0.015500 -0.049551 0.062565
v -0.015500 -0.045449 0.062565
v -0.016245 -0.044482 0.062526
v -0.015997 -0.050415 0.062539
v -0.015775 -0.050239 0.062551
v -0.016448 -0.050550 0.062515
v -0.015653 -0.050083 0.062557
v -0.015557 -0.049886 0.062562
v -0.015582 -0.045052 0.062561
v -0.015775 -0.044761 0.062551
v -0.015876 -0.044667 0.062545
v -0.015558 -0.045114 0.062562
v -0.016116 -0.044525 0.062533
v -0.018401 -0.050652 0.062413
v -0.019000 -0.051283 0.062382
v -0.018401 -0.050652 0.064465
v -0.019000 -0.051283 0.064465
v -0.019000 -0.052262 0.064465
v -0.019000 -0.054500 0.064465
v -0.018772 -0.054500 0.065613
v -0.018817 -0.051276 0.065497
v -0.019000 -0.051283 0.064465
v -0.019000 -0.052262 0.064465
v -0.019000 -0.052262 0.064465
v -0.018772 -0.054500 0.065613
v -0.018817 -0.051276 0.065497
v -0.018817 -0.051276 0.065497
v -0.018772 -0.054500 0.065613
v -0.018121 -0.054500 0.066586
v -0.018817 -0.051276 0.065497
v -0.018121 -0.054500 0.066586
v -0.018300 -0.051254 0.066391
v -0.018300 -0.051254 0.066391
v -0.018121 -0.054500 0.066586
v -0.017148 -0.054500 0.067237
v -0.018300 -0.051254 0.066391
v -0.017148 -0.054500 0.067237
v -0.017445 -0.051219 0.067094
v -0.017445 -0.051219 0.067094
v -0.017148 -0.054500 0.067237
v -0.016525 -0.051181 0.067419
v -0.016525 -0.051181 0.067419
v -0.017148 -0.054500 0.067237
v -0.016000 -0.054500 0.067465
v -0.016525 -0.051181 0.067419
v -0.016000 -0.054500 0.067465
v -0.016000 -0.051105 0.067465
v -0.018937 -0.054742 0.063565
v -0.018940 -0.054737 0.064465
v -0.019000 -0.054514 0.063565
v -0.019000 -0.054514 0.063565
v -0.018940 -0.054737 0.064465
v -0.019000 -0.054500 0.064465
v -0.019000 -0.054514 0.063565
v -0.019000 -0.054500 0.064465
v -0.019000 -0.054500 0.063565
v -0.018500 -0.055000 0.063565
v -0.018500 -0.055000 0.064465
v -0.018556 -0.054997 0.063565
v -0.018561 -0.054996 0.064465
v -0.018556 -0.054997 0.063565
v -0.018561 -0.054996 0.064465
v -0.018750 -0.054933 0.063565
v -0.018750 -0.054933 0.063565
v -0.018561 -0.054996 0.064465
v -0.018750 -0.054933 0.064465
v -0.018750 -0.054933 0.063565
v -0.018750 -0.054933 0.064465
v -0.018775 -0.054917 0.063565
v -0.018780 -0.054914 0.064465
v -0.018775 -0.054917 0.063565
v -0.018780 -0.054914 0.064465
v -0.018937 -0.054742 0.063565
v -0.018933 -0.054750 0.064465
v -0.018937 -0.054742 0.063565
v -0.018933 -0.054750 0.064465
v -0.018940 -0.054737 0.064465
v -0.019000 -0.054512 0.063372
v -0.018500 -0.055076 0.063182
v -0.018500 -0.055000 0.063565
v -0.018556 -0.054997 0.063565
v -0.018556 -0.055616 0.062638
v -0.018500 -0.055617 0.062641
v -0.018500 -0.055500 0.062699
v -0.018500 -0.055617 0.062641
v -0.018556 -0.055616 0.062638
v -0.018500 -0.056000 0.062565
v -0.018500 -0.055134 0.063065
v -0.018500 -0.055076 0.063182
v -0.018556 -0.055073 0.063181
v -0.018556 -0.055073 0.063181
v -0.018556 -0.055073 0.063181
v -0.018556 -0.054997 0.063565
v -0.018775 -0.055000 0.063151
v -0.018775 -0.055000 0.063151
v -0.018556 -0.054997 0.063565
v -0.018750 -0.054933 0.063565
v -0.018750 -0.054933 0.063565
v -0.018775 -0.054917 0.063565
v -0.018775 -0.055000 0.063151
v -0.018775 -0.055000 0.063151
v -0.018775 -0.054917 0.063565
v -0.018937 -0.054742 0.063565
v -0.018937 -0.054838 0.063084
v -0.018937 -0.054838 0.063084
v -0.018937 -0.054742 0.063565
v -0.019000 -0.054514 0.063565
v -0.018937 -0.054838 0.063084
v -0.019000 -0.054514 0.063565
v -0.019000 -0.054614 0.062991
v -0.019000 -0.054514 0.063565
v -0.019000 -0.054614 0.062991
v -0.019000 -0.054939 0.062504
v -0.018937 -0.055111 0.062676
v -0.018937 -0.054838 0.063084
v -0.018937 -0.054838 0.063084
v -0.018937 -0.055111 0.062676
v -0.018775 -0.055234 0.062799
v -0.018775 -0.055000 0.063151
v -0.018775 -0.055000 0.063151
v -0.018775 -0.055234 0.062799
v -0.018556 -0.055291 0.062856
v -0.018556 -0.055073 0.063181
v -0.018556 -0.055073 0.063181
v -0.018556 -0.055291 0.062856
v -0.018500 -0.055293 0.062858
v -0.018556 -0.055073 0.063181
v -0.018500 -0.055293 0.062858
v -0.018500 -0.055134 0.063065
v -0.019000 -0.054939 0.062504
v -0.019000 -0.055426 0.062179
v -0.018937 -0.055519 0.062403
v -0.018937 -0.055111 0.062676
v -0.018937 -0.055111 0.062676
v -0.018937 -0.055519 0.062403
v -0.018775 -0.055586 0.062565
v -0.018775 -0.055234 0.062799
v -0.018775 -0.055234 0.062799
v -0.018775 -0.055586 0.062565
v -0.018556 -0.055616 0.062638
v -0.018556 -0.055291 0.062856
v -0.018556 -0.055291 0.062856
v -0.018556 -0.055616 0.062638
v -0.018500 -0.055500 0.062699
v -0.018556 -0.055291 0.062856
v -0.018500 -0.055500 0.062699
v -0.018500 -0.055293 0.062858
v -0.019000 -0.056000 0.062065
v -0.019000 -0.056000 0.062079
v -0.019000 -0.055426 0.062179
v -0.019000 -0.055426 0.062179
v -0.019000 -0.056000 0.062079
v -0.018937 -0.056000 0.062307
v -0.019000 -0.055426 0.062179
v -0.018937 -0.056000 0.062307
v -0.018937 -0.055519 0.062403
v -0.018937 -0.055519 0.062403
v -0.018937 -0.056000 0.062307
v -0.018775 -0.056000 0.062482
v -0.018775 -0.055586 0.062565
v -0.018775 -0.055586 0.062565
v -0.018775 -0.056000 0.062482
v -0.018750 -0.056000 0.062498
v -0.018775 -0.055586 0.062565
v -0.018750 -0.056000 0.062498
v -0.018556 -0.055616 0.062638
v -0.018556 -0.055616 0.062638
v -0.018750 -0.056000 0.062498
v -0.018556 -0.056000 0.062562
v -0.018556 -0.055616 0.062638
v -0.018556 -0.056000 0.062562
v -0.018500 -0.056000 0.062565
v -0.019000 -0.061672 0.062065
v -0.019000 -0.061672 0.062078
v -0.019000 -0.056000 0.062079
v -0.019000 -0.061672 0.062078
v -0.018937 -0.056000 0.062307
v -0.018500 -0.061672 0.062565
v -0.018500 -0.056000 0.062565
v -0.018556 -0.061672 0.062562
v -0.018556 -0.056000 0.062562
v -0.018556 -0.061672 0.062562
v -0.018556 -0.056000 0.062562
v -0.018750 -0.061672 0.062498
v -0.018750 -0.056000 0.062498
v -0.018750 -0.061672 0.062498
v -0.018750 -0.056000 0.062498
v -0.018776 -0.061672 0.062482
v -0.018775 -0.056000 0.062482
v -0.018776 -0.061672 0.062482
v -0.018775 -0.056000 0.062482
v -0.018933 -0.061672 0.062315
v -0.018933 -0.061672 0.062315
v -0.018775 -0.056000 0.062482
v -0.018937 -0.056000 0.062307
v -0.018933 -0.061672 0.062315
v -0.018937 -0.056000 0.062307
v -0.018938 -0.061672 0.062307
v -0.018938 -0.061672 0.062307
v -0.018691 -0.063059 0.061952
v -0.018556 -0.063083 0.061977
v -0.018556 -0.062436 0.062410
v -0.019000 -0.062246 0.061951
v -0.018556 -0.063083 0.061977
v -0.018500 -0.063086 0.061979
v -0.018556 -0.062436 0.062410
v -0.018500 -0.062437 0.062413
v -0.018556 -0.062436 0.062410
v -0.018500 -0.062437 0.062413
v -0.018556 -0.061672 0.062562
v -0.018500 -0.061672 0.062565
v -0.018556 -0.061672 0.062562
v -0.018750 -0.061672 0.062498
v -0.018556 -0.062436 0.062410
v -0.018556 -0.062436 0.062410
v -0.018750 -0.061672 0.062498
v -0.018776 -0.062405 0.062336
v -0.018556 -0.062436 0.062410
v -0.018776 -0.062405 0.062336
v -0.018691 -0.063059 0.061952
v -0.018750 -0.061672 0.062498
v -0.018776 -0.061672 0.062482
v -0.018776 -0.062405 0.062336
v -0.018776 -0.062405 0.062336
v -0.018776 -0.061672 0.062482
v -0.018933 -0.061672 0.062315
v -0.018776 -0.062405 0.062336
v -0.018933 -0.061672 0.062315
v -0.018938 -0.062338 0.062174
v -0.018933 -0.061672 0.062315
v -0.018938 -0.061672 0.062307
v -0.018938 -0.062338 0.062174
v -0.018938 -0.062338 0.062174
v -0.018938 -0.061672 0.062307
v -0.019000 -0.061672 0.062078
v -0.019000 -0.062251 0.061963
v -0.019000 -0.062251 0.061963
v -0.019000 -0.062251 0.061963
v -0.019000 -0.062246 0.061951
v -0.019000 -0.062732 0.061626
v -0.019000 -0.062742 0.061635
v -0.019000 -0.062251 0.061963
v -0.019000 -0.062742 0.061635
v -0.018938 -0.062903 0.061797
v -0.018938 -0.062338 0.062174
v -0.018938 -0.062338 0.062174
v -0.018938 -0.062903 0.061797
v -0.018854 -0.062982 0.061876
v -0.018938 -0.062338 0.062174
v -0.018854 -0.062982 0.061876
v -0.018776 -0.062405 0.062336
v -0.018776 -0.062405 0.062336
v -0.018854 -0.062982 0.061876
v -0.018776 -0.063027 0.061921
v -0.018776 -0.062405 0.062336
v -0.018776 -0.063027 0.061921
v -0.018691 -0.063059 0.061952
v -0.018500 -0.066914 0.058151
v -0.018500 -0.063086 0.061979
v -0.018556 -0.063083 0.061977
v -0.018500 -0.066914 0.058151
v -0.018556 -0.063083 0.061977
v -0.018737 -0.066872 0.058109
v -0.018556 -0.063083 0.061977
v -0.018691 -0.063059 0.061952
v -0.018737 -0.066872 0.058109
v -0.018737 -0.066872 0.058109
v -0.018691 -0.063059 0.061952
v -0.018776 -0.063027 0.061921
v -0.018737 -0.066872 0.058109
v -0.018776 -0.063027 0.061921
v -0.018854 -0.066811 0.058047
v -0.018854 -0.066811 0.058047
v -0.018776 -0.063027 0.061921
v -0.018854 -0.062982 0.061876
v -0.018854 -0.066811 0.058047
v -0.018854 -0.062982 0.061876
v -0.018914 -0.066759 0.057995
v -0.018914 -0.066759 0.057995
v -0.018854 -0.062982 0.061876
v -0.018938 -0.062903 0.061797
v -0.019000 -0.066561 0.057797
v -0.019000 -0.062742 0.061635
v -0.019000 -0.066561 0.057797
v -0.018996 -0.066604 0.057840
v -0.019000 -0.062742 0.061635
v -0.018996 -0.066604 0.057840
v -0.018938 -0.062903 0.061797
v -0.018938 -0.062903 0.061797
v -0.018996 -0.066604 0.057840
v -0.018962 -0.066696 0.057932
v -0.018938 -0.062903 0.061797
v -0.018962 -0.066696 0.057932
v -0.018914 -0.066759 0.057995
v -0.018500 -0.067500 0.056737
v -0.018500 -0.067348 0.057502
v -0.018737 -0.067292 0.057479
v -0.018996 -0.066942 0.057334
v -0.019000 -0.066886 0.057311
v -0.019000 -0.067000 0.056737
v -0.018996 -0.067061 0.056737
v -0.018996 -0.066942 0.057334
v -0.018996 -0.067061 0.056737
v -0.018933 -0.067250 0.056737
v -0.018996 -0.066942 0.057334
v -0.018933 -0.067250 0.056737
v -0.018914 -0.067144 0.057418
v -0.019000 -0.066561 0.057797
v -0.019000 -0.066886 0.057311
v -0.018996 -0.066604 0.057840
v -0.018996 -0.066942 0.057334
v -0.018996 -0.066604 0.057840
v -0.018996 -0.066942 0.057334
v -0.018962 -0.066696 0.057932
v -0.018962 -0.066696 0.057932
v -0.018996 -0.066942 0.057334
v -0.018914 -0.067144 0.057418
v -0.018962 -0.066696 0.057932
v -0.018914 -0.067144 0.057418
v -0.018914 -0.066759 0.057995
v -0.018933 -0.067250 0.056737
v -0.018914 -0.067280 0.056737
v -0.018914 -0.067144 0.057418
v -0.018914 -0.067144 0.057418
v -0.018914 -0.067280 0.056737
v -0.018750 -0.067433 0.056737
v -0.018914 -0.067144 0.057418
v -0.018750 -0.067433 0.056737
v -0.018737 -0.067292 0.057479
v -0.018737 -0.067292 0.057479
v -0.018750 -0.067433 0.056737
v -0.018737 -0.067440 0.056737
v -0.018737 -0.067440 0.056737
v -0.018914 -0.066759 0.057995
v -0.018914 -0.067144 0.057418
v -0.018854 -0.066811 0.058047
v -0.018854 -0.066811 0.058047
v -0.018914 -0.067144 0.057418
v -0.018737 -0.067292 0.057479
v -0.018854 -0.066811 0.058047
v -0.018737 -0.067292 0.057479
v -0.018737 -0.066872 0.058109
v -0.018737 -0.066872 0.058109
v -0.018737 -0.067292 0.057479
v -0.018500 -0.067348 0.057502
v -0.018500 -0.066914 0.058151
v -0.018500 -0.067500 0.030893
v -0.018500 -0.067500 0.056737
v -0.018737 -0.067440 0.030893
v -0.018737 -0.067440 0.056737
v -0.018737 -0.067440 0.030893
v -0.018737 -0.067440 0.056737
v -0.018750 -0.067433 0.030893
v -0.018750 -0.067433 0.056737
v -0.018750 -0.067433 0.030893
v -0.018750 -0.067433 0.056737
v -0.018914 -0.067280 0.030893
v -0.018914 -0.067280 0.056737
v -0.018914 -0.067280 0.030893
v -0.018914 -0.067280 0.056737
v -0.018933 -0.067250 0.030893
v -0.018933 -0.067250 0.056737
v -0.018933 -0.067250 0.030893
v -0.018933 -0.067250 0.056737
v -0.018996 -0.067061 0.030893
v -0.018996 -0.067061 0.056737
v -0.018996 -0.067061 0.030893
v -0.018996 -0.067061 0.056737
v -0.019000 -0.067000 0.030893
v -0.019000 -0.067000 0.056737
v -0.018996 -0.067247 0.029960
v -0.019000 -0.067190 0.029937
v -0.019000 -0.067732 0.029126
v -0.019000 -0.067000 0.030893
v -0.019000 -0.067190 0.029937
v -0.018996 -0.067061 0.030893
v -0.018996 -0.067247 0.029960
v -0.018996 -0.067061 0.030893
v -0.018996 -0.067247 0.029960
v -0.018933 -0.067250 0.030893
v -0.018996 -0.067775 0.029169
v -0.018996 -0.067247 0.029960
v -0.018996 -0.067775 0.029169
v -0.018962 -0.067868 0.029261
v -0.018996 -0.067247 0.029960
v -0.018962 -0.067868 0.029261
v -0.018914 -0.067449 0.030044
v -0.018962 -0.067868 0.029261
v -0.018914 -0.067930 0.029324
v -0.018914 -0.067449 0.030044
v -0.018914 -0.067449 0.030044
v -0.018914 -0.067930 0.029324
v -0.018854 -0.067982 0.029376
v -0.018914 -0.067449 0.030044
v -0.018854 -0.067982 0.029376
v -0.018737 -0.067597 0.030105
v -0.018500 -0.068086 0.029479
v -0.018500 -0.067652 0.030128
v -0.018691 -0.068059 0.029452
v -0.018691 -0.068059 0.029452
v -0.018500 -0.067652 0.030128
v -0.018737 -0.067597 0.030105
v -0.018691 -0.068059 0.029452
v -0.018737 -0.067597 0.030105
v -0.018737 -0.068044 0.029437
v -0.018737 -0.068044 0.029437
v -0.018737 -0.067597 0.030105
v -0.018854 -0.067982 0.029376
v -0.018933 -0.067250 0.030893
v -0.018996 -0.067247 0.029960
v -0.018914 -0.067280 0.030893
v -0.018914 -0.067280 0.030893
v -0.018996 -0.067247 0.029960
v -0.018914 -0.067449 0.030044
v -0.018914 -0.067280 0.030893
v -0.018914 -0.067449 0.030044
v -0.018750 -0.067433 0.030893
v -0.018750 -0.067433 0.030893
v -0.018914 -0.067449 0.030044
v -0.018737 -0.067597 0.030105
v -0.018750 -0.067433 0.030893
v -0.018737 -0.067597 0.030105
v -0.018737 -0.067440 0.030893
v -0.018737 -0.067440 0.030893
v -0.018737 -0.067597 0.030105
v -0.018500 -0.067652 0.030128
v -0.018500 -0.067500 0.030893
v -0.018500 -0.069914 0.027651
v -0.018500 -0.068086 0.029479
v -0.018691 -0.068059 0.029452
v -0.019000 -0.067732 0.029126
v -0.019000 -0.069561 0.027297
v -0.018996 -0.067775 0.029169
v -0.018996 -0.069604 0.027340
v -0.018996 -0.067775 0.029169
v -0.018996 -0.069604 0.027340
v -0.018962 -0.067868 0.029261
v -0.018962 -0.069696 0.027432
v -0.018962 -0.067868 0.029261
v -0.018962 -0.069696 0.027432
v -0.018914 -0.067930 0.029324
v -0.018914 -0.069759 0.027495
v -0.018914 -0.067930 0.029324
v -0.018914 -0.069759 0.027495
v -0.018854 -0.067982 0.029376
v -0.018854 -0.069811 0.027547
v -0.018854 -0.067982 0.029376
v -0.018854 -0.069811 0.027547
v -0.018737 -0.068044 0.029437
v -0.018737 -0.069872 0.027609
v -0.018737 -0.068044 0.029437
v -0.018737 -0.069872 0.027609
v -0.018691 -0.068059 0.029452
v -0.018691 -0.069887 0.027624
v -0.018691 -0.069887 0.027624
v -0.018996 -0.069942 0.026834
v -0.019000 -0.069886 0.026811
v -0.019000 -0.070000 0.026237
v -0.018996 -0.070061 0.026237
v -0.018996 -0.069942 0.026834
v -0.018996 -0.070061 0.026237
v -0.018933 -0.070250 0.026237
v -0.018996 -0.069942 0.026834
v -0.018933 -0.070250 0.026237
v -0.018914 -0.070144 0.026918
v -0.019000 -0.069561 0.027297
v -0.019000 -0.069886 0.026811
v -0.018996 -0.069604 0.027340
v -0.018996 -0.069942 0.026834
v -0.018996 -0.069604 0.027340
v -0.018996 -0.069942 0.026834
v -0.018962 -0.069696 0.027432
v -0.018962 -0.069696 0.027432
v -0.018996 -0.069942 0.026834
v -0.018914 -0.070144 0.026918
v -0.018737 -0.070440 0.026237
v -0.018737 -0.070293 0.026979
v -0.018750 -0.070433 0.026237
v -0.018750 -0.070433 0.026237
v -0.018737 -0.070293 0.026979
v -0.018914 -0.070144 0.026918
v -0.018750 -0.070433 0.026237
v -0.018914 -0.070144 0.026918
v -0.018914 -0.070280 0.026237
v -0.018914 -0.070280 0.026237
v -0.018914 -0.070144 0.026918
v -0.018933 -0.070250 0.026237
v -0.018691 -0.069887 0.027624
v -0.018737 -0.069872 0.027609
v -0.018737 -0.070293 0.026979
v -0.018737 -0.070293 0.026979
v -0.018737 -0.069872 0.027609
v -0.018854 -0.069811 0.027547
v -0.018737 -0.070293 0.026979
v -0.018854 -0.069811 0.027547
v -0.018914 -0.070144 0.026918
v -0.018914 -0.070144 0.026918
v -0.018854 -0.069811 0.027547
v -0.018914 -0.069759 0.027495
v -0.018914 -0.070144 0.026918
v -0.018914 -0.069759 0.027495
v -0.018962 -0.069696 0.027432
v -0.018500 -0.069914 0.027651
v -0.018691 -0.069887 0.027624
v -0.018500 -0.070348 0.027002
v -0.018500 -0.070348 0.027002
v -0.018691 -0.069887 0.027624
v -0.018737 -0.070293 0.026979
v -0.018500 -0.070348 0.027002
v -0.018737 -0.070293 0.026979
v -0.018500 -0.070500 0.026237
v -0.018737 -0.070440 0.026237
v -0.019000 -0.070000 0.015302
v -0.018996 -0.070061 0.026237
v -0.019000 -0.070000 0.020409
v -0.019000 -0.070000 0.026237
v -0.019000 -0.070000 -0.026107
v -0.018996 -0.070061 -0.026107
v -0.019000 -0.070000 -0.012779
v -0.019000 -0.070000 -0.000172
v -0.018500 -0.070500 -0.026107
v -0.018500 -0.070500 0.026237
v -0.018737 -0.070440 -0.026107
v -0.018737 -0.070440 0.026237
v -0.018737 -0.070440 -0.026107
v -0.018737 -0.070440 0.026237
v -0.018750 -0.070433 -0.026107
v -0.018750 -0.070433 0.026237
v -0.018750 -0.070433 -0.026107
v -0.018750 -0.070433 0.026237
v -0.018914 -0.070280 -0.026107
v -0.018914 -0.070280 0.026237
v -0.018914 -0.070280 -0.026107
v -0.018914 -0.070280 0.026237
v -0.018933 -0.070250 -0.026107
v -0.018933 -0.070250 0.026237
v -0.018933 -0.070250 -0.026107
v -0.018933 -0.070250 0.026237
v -0.018996 -0.070061 -0.026107
v -0.018996 -0.070061 0.026237
v -0.018996 -0.069942 -0.026704
v -0.019000 -0.069886 -0.026681
v -0.019000 -0.069561 -0.027167
v -0.018996 -0.069604 -0.027210
v -0.018996 -0.069942 -0.026704
v -0.018996 -0.069604 -0.027210
v -0.018962 -0.069696 -0.027302
v -0.018996 -0.069942 -0.026704
v -0.018962 -0.069696 -0.027302
v -0.018914 -0.070144 -0.026788
v -0.019000 -0.070000 -0.026107
v -0.019000 -0.069886 -0.026681
v -0.018996 -0.070061 -0.026107
v -0.018996 -0.069942 -0.026704
v -0.018996 -0.070061 -0.026107
v -0.018996 -0.069942 -0.026704
v -0.018933 -0.070250 -0.026107
v -0.018933 -0.070250 -0.026107
v -0.018996 -0.069942 -0.026704
v -0.018914 -0.070144 -0.026788
v -0.018933 -0.070250 -0.026107
v -0.018914 -0.070144 -0.026788
v -0.018914 -0.070280 -0.026107
v -0.018962 -0.069696 -0.027302
v -0.018914 -0.069759 -0.027365
v -0.018914 -0.070144 -0.026788
v -0.018914 -0.070144 -0.026788
v -0.018914 -0.069759 -0.027365
v -0.018854 -0.069811 -0.027417
v -0.018914 -0.070144 -0.026788
v -0.018854 -0.069811 -0.027417
v -0.018737 -0.070293 -0.026849
v -0.018500 -0.069914 -0.027521
v -0.018500 -0.070348 -0.026872
v -0.018691 -0.069887 -0.027494
v -0.018691 -0.069887 -0.027494
v -0.018500 -0.070348 -0.026872
v -0.018737 -0.070293 -0.026849
v -0.018691 -0.069887 -0.027494
v -0.018737 -0.070293 -0.026849
v -0.018737 -0.069872 -0.027478
v -0.018737 -0.069872 -0.027478
v -0.018737 -0.070293 -0.026849
v -0.018854 -0.069811 -0.027417
v -0.018914 -0.070280 -0.026107
v -0.018914 -0.070144 -0.026788
v -0.018750 -0.070433 -0.026107
v -0.018750 -0.070433 -0.026107
v -0.018914 -0.070144 -0.026788
v -0.018737 -0.070293 -0.026849
v -0.018750 -0.070433 -0.026107
v -0.018737 -0.070293 -0.026849
v -0.018737 -0.070440 -0.026107
v -0.018737 -0.070440 -0.026107
v -0.018737 -0.070293 -0.026849
v -0.018500 -0.070348 -0.026872
v -0.018500 -0.070500 -0.026107
v -0.018500 -0.068086 -0.029349
v -0.018500 -0.069914 -0.027521
v -0.018691 -0.069887 -0.027494
v -0.019000 -0.069561 -0.027167
v -0.019000 -0.067732 -0.028996
v -0.018996 -0.069604 -0.027210
v -0.018996 -0.067775 -0.029039
v -0.018996 -0.069604 -0.027210
v -0.018996 -0.067775 -0.029039
v -0.018962 -0.069696 -0.027302
v -0.018962 -0.067868 -0.029131
v -0.018962 -0.069696 -0.027302
v -0.018962 -0.067868 -0.029131
v -0.018914 -0.069759 -0.027365
v -0.018914 -0.067930 -0.029194
v -0.018914 -0.069759 -0.027365
v -0.018914 -0.067930 -0.029194
v -0.018854 -0.069811 -0.027417
v -0.018854 -0.067982 -0.029246
v -0.018854 -0.069811 -0.027417
v -0.018854 -0.067982 -0.029246
v -0.018737 -0.069872 -0.027478
v -0.018737 -0.068044 -0.029307
v -0.018737 -0.069872 -0.027478
v -0.018737 -0.068044 -0.029307
v -0.018691 -0.069887 -0.027494
v -0.018691 -0.068059 -0.029322
v -0.018691 -0.068059 -0.029322
v -0.018996 -0.067247 -0.029830
v -0.019000 -0.067190 -0.029807
v -0.019000 -0.067000 -0.030763
v -0.018996 -0.067247 -0.029830
v -0.018914 -0.067449 -0.029914
v -0.018914 -0.067930 -0.029194
v -0.019000 -0.067732 -0.028996
v -0.019000 -0.067190 -0.029807
v -0.018996 -0.067775 -0.029039
v -0.018996 -0.067247 -0.029830
v -0.018996 -0.067775 -0.029039
v -0.018996 -0.067247 -0.029830
v -0.018962 -0.067868 -0.029131
v -0.018962 -0.067868 -0.029131
v -0.018996 -0.067247 -0.029830
v -0.018914 -0.067930 -0.029194
v -0.018996 -0.067061 -0.030763
v -0.018996 -0.067247 -0.029830
v -0.018996 -0.067061 -0.030763
v -0.018933 -0.067250 -0.030763
v -0.018996 -0.067247 -0.029830
v -0.018933 -0.067250 -0.030763
v -0.018914 -0.067449 -0.029914
v -0.018914 -0.067449 -0.029914
v -0.018933 -0.067250 -0.030763
v -0.018914 -0.067280 -0.030763
v -0.018914 -0.067449 -0.029914
v -0.018914 -0.067280 -0.030763
v -0.018737 -0.067597 -0.029975
v -0.018737 -0.067597 -0.029975
v -0.018914 -0.067280 -0.030763
v -0.018750 -0.067433 -0.030763
v -0.018737 -0.067597 -0.029975
v -0.018750 -0.067433 -0.030763
v -0.018737 -0.067440 -0.030763
v -0.018737 -0.067440 -0.030763
v -0.018500 -0.067500 -0.030763
v -0.018737 -0.067597 -0.029975
v -0.018500 -0.067652 -0.029998
v -0.018737 -0.067597 -0.029975
v -0.018500 -0.067652 -0.029998
v -0.018500 -0.068086 -0.029349
v -0.018500 -0.068086 -0.029349
v -0.018691 -0.068059 -0.029322
v -0.018737 -0.067597 -0.029975
v -0.018737 -0.067597 -0.029975
v -0.018691 -0.068059 -0.029322
v -0.018737 -0.068044 -0.029307
v -0.018737 -0.067597 -0.029975
v -0.018737 -0.068044 -0.029307
v -0.018914 -0.067449 -0.029914
v -0.018914 -0.067449 -0.029914
v -0.018737 -0.068044 -0.029307
v -0.018854 -0.067982 -0.029246
v -0.018914 -0.067449 -0.029914
v -0.018854 -0.067982 -0.029246
v -0.018914 -0.067930 -0.029194
v -0.019000 -0.067000 -0.048220
v -0.019000 -0.067000 -0.056607
v -0.018996 -0.067061 -0.056607
v -0.018996 -0.067061 -0.030763
v -0.019000 -0.067000 -0.030763
v -0.019000 -0.067000 -0.034634
v -0.019000 -0.067000 -0.042370
v -0.018500 -0.067500 -0.056607
v -0.018500 -0.067500 -0.030763
v -0.018737 -0.067440 -0.056607
v -0.018737 -0.067440 -0.030763
v -0.018737 -0.067440 -0.056607
v -0.018737 -0.067440 -0.030763
v -0.018750 -0.067433 -0.056607
v -0.018750 -0.067433 -0.030763
v -0.018750 -0.067433 -0.056607
v -0.018750 -0.067433 -0.030763
v -0.018914 -0.067280 -0.056607
v -0.018914 -0.067280 -0.030763
v -0.018914 -0.067280 -0.056607
v -0.018914 -0.067280 -0.030763
v -0.018933 -0.067250 -0.056607
v -0.018933 -0.067250 -0.030763
v -0.018933 -0.067250 -0.056607
v -0.018933 -0.067250 -0.030763
v -0.018996 -0.067061 -0.056607
v -0.018996 -0.067061 -0.030763
v -0.018996 -0.066942 -0.057204
v -0.019000 -0.066886 -0.057181
v -0.019000 -0.066561 -0.057667
v -0.018996 -0.066604 -0.057710
v -0.018996 -0.066942 -0.057204
v -0.018996 -0.066604 -0.057710
v -0.018962 -0.066696 -0.057802
v -0.018996 -0.066942 -0.057204
v -0.018962 -0.066696 -0.057802
v -0.018914 -0.067144 -0.057288
v -0.019000 -0.067000 -0.056607
v -0.019000 -0.066886 -0.057181
v -0.018996 -0.067061 -0.056607
v -0.018996 -0.066942 -0.057204
v -0.018996 -0.067061 -0.056607
v -0.018996 -0.066942 -0.057204
v -0.018933 -0.067250 -0.056607
v -0.018933 -0.067250 -0.056607
v -0.018996 -0.066942 -0.057204
v -0.018914 -0.067144 -0.057288
v -0.018933 -0.067250 -0.056607
v -0.018914 -0.067144 -0.057288
v -0.018914 -0.067280 -0.056607
v -0.018962 -0.066696 -0.057802
v -0.018914 -0.066759 -0.057865
v -0.018914 -0.067144 -0.057288
v -0.018914 -0.067144 -0.057288
v -0.018914 -0.066759 -0.057865
v -0.018854 -0.066811 -0.057917
v -0.018914 -0.067144 -0.057288
v -0.018854 -0.066811 -0.057917
v -0.018737 -0.067292 -0.057349
v -0.018500 -0.066914 -0.058021
v -0.018500 -0.067348 -0.057372
v -0.018691 -0.066887 -0.057994
v -0.018691 -0.066887 -0.057994
v -0.018500 -0.067348 -0.057372
v -0.018737 -0.067292 -0.057349
v -0.018691 -0.066887 -0.057994
v -0.018737 -0.067292 -0.057349
v -0.018737 -0.066872 -0.057978
v -0.018737 -0.066872 -0.057978
v -0.018737 -0.067292 -0.057349
v -0.018854 -0.066811 -0.057917
v -0.018914 -0.067280 -0.056607
v -0.018914 -0.067144 -0.057288
v -0.018750 -0.067433 -0.056607
v -0.018750 -0.067433 -0.056607
v -0.018914 -0.067144 -0.057288
v -0.018737 -0.067292 -0.057349
v -0.018750 -0.067433 -0.056607
v -0.018737 -0.067292 -0.057349
v -0.018737 -0.067440 -0.056607
v -0.018737 -0.067440 -0.056607
v -0.018737 -0.067292 -0.057349
v -0.018500 -0.067348 -0.057372
v -0.018500 -0.067500 -0.056607
v -0.018500 -0.063086 -0.061849
v -0.018500 -0.066914 -0.058021
v -0.018691 -0.066887 -0.057994
v -0.019000 -0.066561 -0.057667
v -0.019000 -0.062732 -0.061496
v -0.018996 -0.066604 -0.057710
v -0.018996 -0.062775 -0.061539
v -0.018996 -0.066604 -0.057710
v -0.018996 -0.062775 -0.061539
v -0.018962 -0.066696 -0.057802
v -0.018962 -0.062867 -0.061631
v -0.018962 -0.066696 -0.057802
v -0.018962 -0.062867 -0.061631
v -0.018914 -0.066759 -0.057865
v -0.018914 -0.062930 -0.061694
v -0.018914 -0.066759 -0.057865
v -0.018914 -0.062930 -0.061694
v -0.018854 -0.066811 -0.057917
v -0.018854 -0.062982 -0.061746
v -0.018854 -0.066811 -0.057917
v -0.018854 -0.062982 -0.061746
v -0.018737 -0.066872 -0.057978
v -0.018737 -0.063043 -0.061807
v -0.018737 -0.066872 -0.057978
v -0.018737 -0.063043 -0.061807
v -0.018691 -0.066887 -0.057994
v -0.018691 -0.063059 -0.061822
v -0.018691 -0.063059 -0.061822
v -0.018996 -0.062269 -0.061877
v -0.019000 -0.062246 -0.061821
v -0.019000 -0.061672 -0.061935
v -0.018996 -0.061672 -0.061996
v -0.018996 -0.062269 -0.061877
v -0.018996 -0.061672 -0.061996
v -0.018933 -0.061672 -0.062185
v -0.018996 -0.062269 -0.061877
v -0.018933 -0.061672 -0.062185
v -0.018914 -0.062353 -0.062080
v -0.019000 -0.062732 -0.061496
v -0.019000 -0.062246 -0.061821
v -0.018996 -0.062775 -0.061539
v -0.018996 -0.062269 -0.061877
v -0.018996 -0.062775 -0.061539
v -0.018996 -0.062269 -0.061877
v -0.018962 -0.062867 -0.061631
v -0.018962 -0.062867 -0.061631
v -0.018996 -0.062269 -0.061877
v -0.018914 -0.062353 -0.062080
v -0.018737 -0.061672 -0.062375
v -0.018737 -0.062414 -0.062227
v -0.018750 -0.061672 -0.062368
v -0.018750 -0.061672 -0.062368
v -0.018737 -0.062414 -0.062227
v -0.018914 -0.062353 -0.062080
v -0.018750 -0.061672 -0.062368
v -0.018914 -0.062353 -0.062080
v -0.018914 -0.061672 -0.062215
v -0.018914 -0.061672 -0.062215
v -0.018914 -0.062353 -0.062080
v -0.018933 -0.061672 -0.062185
v -0.018691 -0.063059 -0.061822
v -0.018737 -0.063043 -0.061807
v -0.018737 -0.062414 -0.062227
v -0.018737 -0.062414 -0.062227
v -0.018737 -0.063043 -0.061807
v -0.018854 -0.062982 -0.061746
v -0.018737 -0.062414 -0.062227
v -0.018854 -0.062982 -0.061746
v -0.018914 -0.062353 -0.062080
v -0.018914 -0.062353 -0.062080
v -0.018854 -0.062982 -0.061746
v -0.018914 -0.062930 -0.061694
v -0.018914 -0.062353 -0.062080
v -0.018914 -0.062930 -0.061694
v -0.018962 -0.062867 -0.061631
v -0.018500 -0.063086 -0.061849
v -0.018691 -0.063059 -0.061822
v -0.018500 -0.062437 -0.062283
v -0.018500 -0.062437 -0.062283
v -0.018691 -0.063059 -0.061822
v -0.018737 -0.062414 -0.062227
v -0.018500 -0.062437 -0.062283
v -0.018737 -0.062414 -0.062227
v -0.018500 -0.061672 -0.062435
v -0.018737 -0.061672 -0.062375
v -0.018996 -0.061672 -0.061996
v -0.019000 -0.061672 -0.061935
v -0.019000 -0.057750 -0.061935
v -0.019000 -0.052262 -0.061935
v -0.019000 -0.042737 -0.061935
v -0.019000 -0.037250 -0.061935
v -0.019000 -0.000000 -0.061935
v -0.019000 0.042737 -0.061935
v -0.018996 0.061672 -0.061996
v -0.019000 0.052262 -0.061935
v -0.019000 0.061672 -0.061935
v -0.018500 0.061672 -0.062435
v -0.018500 -0.061672 -0.062435
v -0.018737 0.061672 -0.062375
v -0.018737 -0.061672 -0.062375
v -0.018737 0.061672 -0.062375
v -0.018737 -0.061672 -0.062375
v -0.018750 0.061672 -0.062368
v -0.018750 -0.061672 -0.062368
v -0.018750 0.061672 -0.062368
v -0.018750 -0.061672 -0.062368
v -0.018914 0.061672 -0.062215
v -0.018914 -0.061672 -0.062215
v -0.018914 0.061672 -0.062215
v -0.018914 -0.061672 -0.062215
v -0.018933 0.061672 -0.062185
v -0.018933 -0.061672 -0.062185
v -0.018933 0.061672 -0.062185
v -0.018933 -0.061672 -0.062185
v -0.018996 0.061672 -0.061996
v -0.018996 -0.061672 -0.061996
v -0.018996 0.062269 -0.061877
v -0.019000 0.062246 -0.061821
v -0.019000 0.062732 -0.061496
v -0.018996 0.062775 -0.061539
v -0.018996 0.062269 -0.061877
v -0.018996 0.062775 -0.061539
v -0.018962 0.062867 -0.061631
v -0.018996 0.062269 -0.061877
v -0.018962 0.062867 -0.061631
v -0.018914 0.062353 -0.062080
v -0.019000 0.061672 -0.061935
v -0.019000 0.062246 -0.061821
v -0.018996 0.061672 -0.061996
v -0.018996 0.062269 -0.061877
v -0.018996 0.061672 -0.061996
v -0.018996 0.062269 -0.061877
v -0.018933 0.061672 -0.062185
v -0.018933 0.061672 -0.062185
v -0.018996 0.062269 -0.061877
v -0.018914 0.062353 -0.062080
v -0.018933 0.061672 -0.062185
v -0.018914 0.062353 -0.062080
v -0.018914 0.061672 -0.062215
v -0.018962 0.062867 -0.061631
v -0.018914 0.062930 -0.061694
v -0.018914 0.062353 -0.062080
v -0.018914 0.062353 -0.062080
v -0.018914 0.062930 -0.061694
v -0.018854 0.062982 -0.061746
v -0.018914 0.062353 -0.062080
v -0.018854 0.062982 -0.061746
v -0.018737 0.062414 -0.062227
v -0.018500 0.063086 -0.061849
v -0.018500 0.062437 -0.062283
v -0.018691 0.063059 -0.061822
v -0.018691 0.063059 -0.061822
v -0.018500 0.062437 -0.062283
v -0.018737 0.062414 -0.062227
v -0.018691 0.063059 -0.061822
v -0.018737 0.062414 -0.062227
v -0.018737 0.063043 -0.061807
v -0.018737 0.063043 -0.061807
v -0.018737 0.062414 -0.062227
v -0.018854 0.062982 -0.061746
v -0.018914 0.061672 -0.062215
v -0.018914 0.062353 -0.062080
v -0.018750 0.061672 -0.062368
v -0.018750 0.061672 -0.062368
v -0.018914 0.062353 -0.062080
v -0.018737 0.062414 -0.062227
v -0.018750 0.061672 -0.062368
v -0.018737 0.062414 -0.062227
v -0.018737 0.061672 -0.062375
v -0.018737 0.061672 -0.062375
v -0.018737 0.062414 -0.062227
v -0.018500 0.062437 -0.062283
v -0.018500 0.061672 -0.062435
v -0.018500 0.066914 -0.058021
v -0.018500 0.063086 -0.061849
v -0.018691 0.063059 -0.061822
v -0.019000 0.062732 -0.061496
v -0.019000 0.066561 -0.057667
v -0.018996 0.062775 -0.061539
v -0.018996 0.066604 -0.057710
v -0.018996 0.062775 -0.061539
v -0.018996 0.066604 -0.057710
v -0.018962 0.062867 -0.061631
v -0.018962 0.066696 -0.057802
v -0.018962 0.062867 -0.061631
v -0.018962 0.066696 -0.057802
v -0.018914 0.062930 -0.061694
v -0.018914 0.066759 -0.057865
v -0.018914 0.062930 -0.061694
v -0.018914 0.066759 -0.057865
v -0.018854 0.062982 -0.061746
v -0.018854 0.066811 -0.057917
v -0.018854 0.062982 -0.061746
v -0.018854 0.066811 -0.057917
v -0.018737 0.063043 -0.061807
v -0.018737 0.066872 -0.057978
v -0.018737 0.063043 -0.061807
v -0.018737 0.066872 -0.057978
v -0.018691 0.063059 -0.061822
v -0.018691 0.066887 -0.057994
v -0.018691 0.066887 -0.057994
v -0.018996 0.066942 -0.057204
v -0.019000 0.066886 -0.057181
v -0.019000 0.067000 -0.056607
v -0.018996 0.067061 -0.056607
v -0.018996 0.066942 -0.057204
v -0.018996 0.067061 -0.056607
v -0.018933 0.067250 -0.056607
v -0.018996 0.066942 -0.057204
v -0.018933 0.067250 -0.056607
v -0.018914 0.067144 -0.057288
v -0.019000 0.066561 -0.057667
v -0.019000 0.066886 -0.057181
v -0.018996 0.066604 -0.057710
v -0.018996 0.066942 -0.057204
v -0.018996 0.066604 -0.057710
v -0.018996 0.066942 -0.057204
v -0.018962 0.066696 -0.057802
v -0.018962 0.066696 -0.057802
v -0.018996 0.066942 -0.057204
v -0.018914 0.067144 -0.057288
v -0.018737 0.067440 -0.056607
v -0.018737 0.067292 -0.057349
v -0.018750 0.067433 -0.056607
v -0.018750 0.067433 -0.056607
v -0.018737 0.067292 -0.057349
v -0.018914 0.067144 -0.057288
v -0.018750 0.067433 -0.056607
v -0.018914 0.067144 -0.057288
v -0.018914 0.067280 -0.056607
v -0.018914 0.067280 -0.056607
v -0.018914 0.067144 -0.057288
v -0.018933 0.067250 -0.056607
v -0.018691 0.066887 -0.057994
v -0.018737 0.066872 -0.057978
v -0.018737 0.067292 -0.057349
v -0.018737 0.067292 -0.057349
v -0.018737 0.066872 -0.057978
v -0.018854 0.066811 -0.057917
v -0.018737 0.067292 -0.057349
v -0.018854 0.066811 -0.057917
v -0.018914 0.067144 -0.057288
v -0.018914 0.067144 -0.057288
v -0.018854 0.066811 -0.057917
v -0.018914 0.066759 -0.057865
v -0.018914 0.067144 -0.057288
v -0.018914 0.066759 -0.057865
v -0.018962 0.066696 -0.057802
v -0.018500 0.066914 -0.058021
v -0.018691 0.066887 -0.057994
v -0.018500 0.067348 -0.057372
v -0.018500 0.067348 -0.057372
v -0.018691 0.066887 -0.057994
v -0.018737 0.067292 -0.057349
v -0.018500 0.067348 -0.057372
v -0.018737 0.067292 -0.057349
v -0.018500 0.067500 -0.056607
v -0.018737 0.067440 -0.056607
v -0.018996 0.067061 -0.056607
v -0.019000 0.067000 -0.056607
v -0.019000 0.067000 -0.048220
v -0.018996 0.067061 -0.056607
v -0.019000 0.067000 -0.048220
v -0.018933 0.067250 -0.056607
v -0.018933 0.067250 -0.056607
v -0.019000 0.067000 -0.048220
v -0.019000 0.067000 -0.042370
v -0.019000 0.067000 -0.034634
v -0.018500 0.067500 -0.030763
v -0.018500 0.067500 -0.056607
v -0.018555 0.067497 -0.030763
v -0.018555 0.067497 -0.030763
v -0.018500 0.067500 -0.056607
v -0.018737 0.067440 -0.056607
v -0.018555 0.067497 -0.030763
v -0.018737 0.067440 -0.056607
v -0.018750 0.067433 -0.030763
v -0.018750 0.067433 -0.030763
v -0.018737 0.067440 -0.056607
v -0.018750 0.067433 -0.056607
v -0.018750 0.067433 -0.030763
v -0.018750 0.067433 -0.056607
v -0.018775 0.067418 -0.030763
v -0.018775 0.067418 -0.030763
v -0.018750 0.067433 -0.056607
v -0.018914 0.067280 -0.056607
v -0.018775 0.067418 -0.030763
v -0.018914 0.067280 -0.056607
v -0.018937 0.067243 -0.030763
v -0.018937 0.067243 -0.030763
v -0.018914 0.067280 -0.056607
v -0.018933 0.067250 -0.056607
v -0.018937 0.067243 -0.030763
v -0.018933 0.067250 -0.056607
v -0.019000 0.067014 -0.030763
v -0.019000 0.067014 -0.030763
v -0.018933 0.067250 -0.056607
v -0.019000 0.067000 -0.034634
v -0.019000 0.067014 -0.030763
v -0.019000 0.067000 -0.034634
v -0.019000 0.067000 -0.030763
v -0.019000 0.067190 -0.029807
v -0.018500 0.067652 -0.029998
v -0.018500 0.067500 -0.030763
v -0.018555 0.067497 -0.030763
v -0.018500 0.068086 -0.029349
v -0.018500 0.067652 -0.029998
v -0.018555 0.067649 -0.029997
v -0.018555 0.067649 -0.029997
v -0.018555 0.067649 -0.029997
v -0.018555 0.067497 -0.030763
v -0.018775 0.067576 -0.029967
v -0.018775 0.067576 -0.029967
v -0.018555 0.067497 -0.030763
v -0.018750 0.067433 -0.030763
v -0.018750 0.067433 -0.030763
v -0.018775 0.067418 -0.030763
v -0.018775 0.067576 -0.029967
v -0.018775 0.067576 -0.029967
v -0.018775 0.067418 -0.030763
v -0.018937 0.067243 -0.030763
v -0.018937 0.067415 -0.029900
v -0.018937 0.067415 -0.029900
v -0.018937 0.067243 -0.030763
v -0.019000 0.067014 -0.030763
v -0.019000 0.067203 -0.029812
v -0.019000 0.067203 -0.029812
v -0.019000 0.067203 -0.029812
v -0.019000 0.067190 -0.029807
v -0.019000 0.067732 -0.028996
v -0.019000 0.067742 -0.029006
v -0.019000 0.067203 -0.029812
v -0.019000 0.067742 -0.029006
v -0.018937 0.067904 -0.029167
v -0.018937 0.067415 -0.029900
v -0.018937 0.067415 -0.029900
v -0.018937 0.067904 -0.029167
v -0.018775 0.068028 -0.029291
v -0.018775 0.067576 -0.029967
v -0.018775 0.067576 -0.029967
v -0.018775 0.068028 -0.029291
v -0.018750 0.068038 -0.029302
v -0.018775 0.067576 -0.029967
v -0.018750 0.068038 -0.029302
v -0.018555 0.067649 -0.029997
v -0.018555 0.067649 -0.029997
v -0.018750 0.068038 -0.029302
v -0.018555 0.068084 -0.029347
v -0.018555 0.068084 -0.029347
v -0.018937 0.067904 -0.029167
v -0.018914 0.069759 -0.027365
v -0.018775 0.068028 -0.029291
v -0.018775 0.068028 -0.029291
v -0.018914 0.069759 -0.027365
v -0.018750 0.069867 -0.027473
v -0.018775 0.068028 -0.029291
v -0.018750 0.069867 -0.027473
v -0.018750 0.068038 -0.029302
v -0.018750 0.068038 -0.029302
v -0.018750 0.069867 -0.027473
v -0.018737 0.069872 -0.027478
v -0.018750 0.068038 -0.029302
v -0.018737 0.069872 -0.027478
v -0.018555 0.068084 -0.029347
v -0.018555 0.068084 -0.029347
v -0.018737 0.069872 -0.027478
v -0.018500 0.069914 -0.027521
v -0.018555 0.068084 -0.029347
v -0.018500 0.069914 -0.027521
v -0.018500 0.068086 -0.029349
v -0.019000 0.069561 -0.027167
v -0.019000 0.067742 -0.029006
v -0.019000 0.069561 -0.027167
v -0.018996 0.069604 -0.027210
v -0.019000 0.067742 -0.029006
v -0.018996 0.069604 -0.027210
v -0.018937 0.067904 -0.029167
v -0.018937 0.067904 -0.029167
v -0.018996 0.069604 -0.027210
v -0.018933 0.069737 -0.027344
v -0.018937 0.067904 -0.029167
v -0.018933 0.069737 -0.027344
v -0.018914 0.069759 -0.027365
v -0.018500 0.070500 -0.026107
v -0.018500 0.070348 -0.026872
v -0.018737 0.070293 -0.026849
v -0.018996 0.069942 -0.026704
v -0.019000 0.069886 -0.026681
v -0.019000 0.070000 -0.026107
v -0.018996 0.070061 -0.026107
v -0.018996 0.069942 -0.026704
v -0.018996 0.070061 -0.026107
v -0.018933 0.070250 -0.026107
v -0.018996 0.069942 -0.026704
v -0.018933 0.070250 -0.026107
v -0.018914 0.070144 -0.026788
v -0.019000 0.069561 -0.027167
v -0.019000 0.069886 -0.026681
v -0.018996 0.069604 -0.027210
v -0.018996 0.069942 -0.026704
v -0.018996 0.069604 -0.027210
v -0.018996 0.069942 -0.026704
v -0.018933 0.069737 -0.027344
v -0.018933 0.069737 -0.027344
v -0.018996 0.069942 -0.026704
v -0.018914 0.070144 -0.026788
v -0.018933 0.069737 -0.027344
v -0.018914 0.070144 -0.026788
v -0.018914 0.069759 -0.027365
v -0.018933 0.070250 -0.026107
v -0.018914 0.070280 -0.026107
v -0.018914 0.070144 -0.026788
v -0.018914 0.070144 -0.026788
v -0.018914 0.070280 -0.026107
v -0.018750 0.070433 -0.026107
v -0.018914 0.070144 -0.026788
v -0.018750 0.070433 -0.026107
v -0.018737 0.070293 -0.026849
v -0.018737 0.070293 -0.026849
v -0.018750 0.070433 -0.026107
v -0.018737 0.070440 -0.026107
v -0.018737 0.070440 -0.026107
v -0.018914 0.069759 -0.027365
v -0.018914 0.070144 -0.026788
v -0.018750 0.069867 -0.027473
v -0.018750 0.069867 -0.027473
v -0.018914 0.070144 -0.026788
v -0.018737 0.070293 -0.026849
v -0.018750 0.069867 -0.027473
v -0.018737 0.070293 -0.026849
v -0.018737 0.069872 -0.027478
v -0.018737 0.069872 -0.027478
v -0.018737 0.070293 -0.026849
v -0.018500 0.070348 -0.026872
v -0.018500 0.069914 -0.027521
v -0.018996 0.070061 -0.026107
v -0.019000 0.070000 -0.026107
v -0.019000 0.070000 -0.012779
v -0.019000 0.070000 -0.000172
v -0.019000 0.070000 0.015302
v -0.018996 0.070061 0.026237
v -0.019000 0.070000 0.020409
v -0.019000 0.070000 0.026237
v -0.018500 0.070500 0.026237
v -0.018500 0.070500 -0.026107
v -0.018737 0.070440 0.026237
v -0.018737 0.070440 -0.026107
v -0.018737 0.070440 0.026237
v -0.018737 0.070440 -0.026107
v -0.018750 0.070433 0.026237
v -0.018750 0.070433 -0.026107
v -0.018750 0.070433 0.026237
v -0.018750 0.070433 -0.026107
v -0.018914 0.070280 0.026237
v -0.018914 0.070280 -0.026107
v -0.018914 0.070280 0.026237
v -0.018914 0.070280 -0.026107
v -0.018933 0.070250 0.026237
v -0.018933 0.070250 -0.026107
v -0.018933 0.070250 0.026237
v -0.018933 0.070250 -0.026107
v -0.018996 0.070061 0.026237
v -0.018996 0.070061 -0.026107
v -0.018500 0.069914 0.027651
v -0.018500 0.070348 0.027002
v -0.018737 0.070293 0.026979
v -0.018996 0.069942 0.026834
v -0.019000 0.069886 0.026811
v -0.019000 0.069561 0.027297
v -0.018996 0.069604 0.027340
v -0.018996 0.069942 0.026834
v -0.018996 0.069604 0.027340
v -0.018933 0.069737 0.027474
v -0.018996 0.069942 0.026834
v -0.018933 0.069737 0.027474
v -0.018914 0.070144 0.026918
v -0.019000 0.070000 0.026237
v -0.019000 0.069886 0.026811
v -0.018996 0.070061 0.026237
v -0.018996 0.069942 0.026834
v -0.018996 0.070061 0.026237
v -0.018996 0.069942 0.026834
v -0.018933 0.070250 0.026237
v -0.018933 0.070250 0.026237
v -0.018996 0.069942 0.026834
v -0.018914 0.070144 0.026918
v -0.018933 0.070250 0.026237
v -0.018914 0.070144 0.026918
v -0.018914 0.070280 0.026237
v -0.018933 0.069737 0.027474
v -0.018914 0.069759 0.027495
v -0.018914 0.070144 0.026918
v -0.018914 0.070144 0.026918
v -0.018914 0.069759 0.027495
v -0.018750 0.069867 0.027603
v -0.018914 0.070144 0.026918
v -0.018750 0.069867 0.027603
v -0.018737 0.070293 0.026979
v -0.018737 0.070293 0.026979
v -0.018750 0.069867 0.027603
v -0.018737 0.069872 0.027609
v -0.018737 0.069872 0.027609
v -0.018914 0.070280 0.026237
v -0.018914 0.070144 0.026918
v -0.018750 0.070433 0.026237
v -0.018750 0.070433 0.026237
v -0.018914 0.070144 0.026918
v -0.018737 0.070293 0.026979
v -0.018750 0.070433 0.026237
v -0.018737 0.070293 0.026979
v -0.018737 0.070440 0.026237
v -0.018737 0.070440 0.026237
v -0.018737 0.070293 0.026979
v -0.018500 0.070348 0.027002
v -0.018500 0.070500 0.026237
v -0.018500 0.068086 0.029479
v -0.018500 0.069914 0.027651
v -0.018555 0.068084 0.029477
v -0.018555 0.068084 0.029477
v -0.018500 0.069914 0.027651
v -0.018737 0.069872 0.027609
v -0.018555 0.068084 0.029477
v -0.018737 0.069872 0.027609
v -0.018750 0.068038 0.029432
v -0.018750 0.068038 0.029432
v -0.018737 0.069872 0.027609
v -0.018750 0.069867 0.027603
v -0.018750 0.068038 0.029432
v -0.018750 0.069867 0.027603
v -0.018775 0.068028 0.029421
v -0.018775 0.068028 0.029421
v -0.018750 0.069867 0.027603
v -0.018914 0.069759 0.027495
v -0.018775 0.068028 0.029421
v -0.018914 0.069759 0.027495
v -0.018937 0.067904 0.029298
v -0.018914 0.069759 0.027495
v -0.018933 0.069737 0.027474
v -0.018937 0.067904 0.029298
v -0.018937 0.067904 0.029298
v -0.018933 0.069737 0.027474
v -0.018996 0.069604 0.027340
v -0.018937 0.067904 0.029298
v -0.018996 0.069604 0.027340
v -0.019000 0.067742 0.029136
v -0.019000 0.067742 0.029136
v -0.018996 0.069604 0.027340
v -0.019000 0.069561 0.027297
v -0.019000 0.067742 0.029136
v -0.019000 0.069561 0.027297
v -0.019000 0.067732 0.029126
v -0.019000 0.067190 0.029937
v -0.018500 0.067652 0.030128
v -0.018500 0.068086 0.029479
v -0.018555 0.068084 0.029477
v -0.018500 0.067500 0.030893
v -0.018500 0.067652 0.030128
v -0.018555 0.067649 0.030127
v -0.018555 0.067649 0.030127
v -0.018555 0.067649 0.030127
v -0.018555 0.068084 0.029477
v -0.018775 0.067576 0.030097
v -0.018775 0.067576 0.030097
v -0.018555 0.068084 0.029477
v -0.018750 0.068038 0.029432
v -0.018750 0.068038 0.029432
v -0.018775 0.068028 0.029421
v -0.018775 0.067576 0.030097
v -0.018775 0.067576 0.030097
v -0.018775 0.068028 0.029421
v -0.018937 0.067904 0.029298
v -0.018937 0.067415 0.030030
v -0.018937 0.067415 0.030030
v -0.018937 0.067904 0.029298
v -0.019000 0.067742 0.029136
v -0.019000 0.067203 0.029942
v -0.019000 0.067203 0.029942
v -0.019000 0.067203 0.029942
v -0.019000 0.067190 0.029937
v -0.019000 0.067000 0.030893
v -0.019000 0.067014 0.030893
v -0.019000 0.067203 0.029942
v -0.019000 0.067014 0.030893
v -0.018937 0.067243 0.030893
v -0.018937 0.067415 0.030030
v -0.018937 0.067415 0.030030
v -0.018937 0.067243 0.030893
v -0.018775 0.067418 0.030893
v -0.018775 0.067576 0.030097
v -0.018775 0.067576 0.030097
v -0.018775 0.067418 0.030893
v -0.018750 0.067433 0.030893
v -0.018775 0.067576 0.030097
v -0.018750 0.067433 0.030893
v -0.018555 0.067649 0.030127
v -0.018555 0.067649 0.030127
v -0.018750 0.067433 0.030893
v -0.018555 0.067497 0.030893
v -0.018555 0.067497 0.030893
v -0.018500 0.067500 0.056737
v -0.018500 0.067500 0.030893
v -0.018556 0.067497 0.056737
v -0.018555 0.067497 0.030893
v -0.018556 0.067497 0.056737
v -0.018555 0.067497 0.030893
v -0.018750 0.067433 0.056737
v -0.018750 0.067433 0.030893
v -0.018750 0.067433 0.056737
v -0.018750 0.067433 0.030893
v -0.018776 0.067417 0.056737
v -0.018776 0.067417 0.056737
v -0.018750 0.067433 0.030893
v -0.018775 0.067418 0.030893
v -0.018776 0.067417 0.056737
v -0.018775 0.067418 0.030893
v -0.018938 0.067242 0.056737
v -0.018937 0.067243 0.030893
v -0.018938 0.067242 0.056737
v -0.018937 0.067243 0.030893
v -0.019000 0.067013 0.056737
v -0.019000 0.067014 0.030893
v -0.019000 0.067013 0.056737
v -0.019000 0.067000 0.056737
v -0.018691 0.066887 0.058124
v -0.018556 0.066912 0.058148
v -0.018556 0.067345 0.057501
v -0.019000 0.066886 0.057311
v -0.018556 0.066912 0.058148
v -0.018500 0.066914 0.058151
v -0.018556 0.067345 0.057501
v -0.018500 0.067348 0.057502
v -0.018556 0.067345 0.057501
v -0.018500 0.067348 0.057502
v -0.018556 0.067497 0.056737
v -0.018500 0.067500 0.056737
v -0.018556 0.067497 0.056737
v -0.018750 0.067433 0.056737
v -0.018556 0.067345 0.057501
v -0.018556 0.067345 0.057501
v -0.018750 0.067433 0.056737
v -0.018776 0.067271 0.057470
v -0.018556 0.067345 0.057501
v -0.018776 0.067271 0.057470
v -0.018691 0.066887 0.058124
v -0.018750 0.067433 0.056737
v -0.018776 0.067417 0.056737
v -0.018776 0.067271 0.057470
v -0.018776 0.067271 0.057470
v -0.018776 0.067417 0.056737
v -0.018938 0.067242 0.056737
v -0.018938 0.067109 0.057403
v -0.018938 0.067109 0.057403
v -0.018938 0.067242 0.056737
v -0.019000 0.067013 0.056737
v -0.019000 0.066898 0.057316
v -0.019000 0.066898 0.057316
v -0.019000 0.066898 0.057316
v -0.019000 0.066886 0.057311
v -0.019000 0.066561 0.057797
v -0.019000 0.066570 0.057806
v -0.019000 0.066898 0.057316
v -0.019000 0.066570 0.057806
v -0.018938 0.066732 0.057968
v -0.018938 0.067109 0.057403
v -0.018938 0.067109 0.057403
v -0.018938 0.066732 0.057968
v -0.018854 0.066811 0.058047
v -0.018938 0.067109 0.057403
v -0.018854 0.066811 0.058047
v -0.018776 0.067271 0.057470
v -0.018776 0.067271 0.057470
v -0.018854 0.066811 0.058047
v -0.018776 0.066856 0.058092
v -0.018776 0.067271 0.057470
v -0.018776 0.066856 0.058092
v -0.018691 0.066887 0.058124
v -0.018500 0.063086 0.061979
v -0.018500 0.066914 0.058151
v -0.018556 0.066912 0.058148
v -0.018500 0.063086 0.061979
v -0.018556 0.066912 0.058148
v -0.018737 0.063043 0.061937
v -0.018556 0.066912 0.058148
v -0.018691 0.066887 0.058124
v -0.018737 0.063043 0.061937
v -0.018737 0.063043 0.061937
v -0.018691 0.066887 0.058124
v -0.018776 0.066856 0.058092
v -0.018737 0.063043 0.061937
v -0.018776 0.066856 0.058092
v -0.018854 0.062982 0.061876
v -0.018854 0.062982 0.061876
v -0.018776 0.066856 0.058092
v -0.018854 0.066811 0.058047
v -0.018854 0.062982 0.061876
v -0.018854 0.066811 0.058047
v -0.018914 0.062930 0.061824
v -0.018914 0.062930 0.061824
v -0.018854 0.066811 0.058047
v -0.018938 0.066732 0.057968
v -0.019000 0.062732 0.061626
v -0.019000 0.066570 0.057806
v -0.019000 0.062732 0.061626
v -0.018996 0.062775 0.061669
v -0.019000 0.066570 0.057806
v -0.018996 0.062775 0.061669
v -0.018938 0.066732 0.057968
v -0.018938 0.066732 0.057968
v -0.018996 0.062775 0.061669
v -0.018962 0.062867 0.061761
v -0.018938 0.066732 0.057968
v -0.018962 0.062867 0.061761
v -0.018914 0.062930 0.061824
v -0.018500 0.061672 0.062565
v -0.018500 0.062437 0.062413
v -0.018737 0.062414 0.062358
v -0.018996 0.062269 0.062007
v -0.019000 0.062246 0.061951
v -0.019000 0.061672 0.062065
v -0.018996 0.061672 0.062126
v -0.018996 0.062269 0.062007
v -0.018996 0.061672 0.062126
v -0.018933 0.061672 0.062315
v -0.018996 0.062269 0.062007
v -0.018933 0.061672 0.062315
v -0.018914 0.062353 0.062210
v -0.019000 0.062732 0.061626
v -0.019000 0.062246 0.061951
v -0.018996 0.062775 0.061669
v -0.018996 0.062269 0.062007
v -0.018996 0.062775 0.061669
v -0.018996 0.062269 0.062007
v -0.018962 0.062867 0.061761
v -0.018962 0.062867 0.061761
v -0.018996 0.062269 0.062007
v -0.018914 0.062353 0.062210
v -0.018962 0.062867 0.061761
v -0.018914 0.062353 0.062210
v -0.018914 0.062930 0.061824
v -0.018933 0.061672 0.062315
v -0.018914 0.061672 0.062345
v -0.018914 0.062353 0.062210
v -0.018914 0.062353 0.062210
v -0.018914 0.061672 0.062345
v -0.018750 0.061672 0.062498
v -0.018914 0.062353 0.062210
v -0.018750 0.061672 0.062498
v -0.018737 0.062414 0.062358
v -0.018737 0.062414 0.062358
v -0.018750 0.061672 0.062498
v -0.018737 0.061672 0.062505
v -0.018737 0.061672 0.062505
v -0.018914 0.062930 0.061824
v -0.018914 0.062353 0.062210
v -0.018854 0.062982 0.061876
v -0.018854 0.062982 0.061876
v -0.018914 0.062353 0.062210
v -0.018737 0.062414 0.062358
v -0.018854 0.062982 0.061876
v -0.018737 0.062414 0.062358
v -0.018737 0.063043 0.061937
v -0.018737 0.063043 0.061937
v -0.018737 0.062414 0.062358
v -0.018500 0.062437 0.062413
v -0.018500 0.063086 0.061979
v -0.019000 0.061672 0.062065
v -0.019000 0.056000 0.062065
v -0.018996 0.061672 0.062126
v -0.018996 0.056000 0.062126
v -0.018996 0.061672 0.062126
v -0.018996 0.056000 0.062126
v -0.018933 0.061672 0.062315
v -0.018933 0.056000 0.062315
v -0.018933 0.061672 0.062315
v -0.018933 0.056000 0.062315
v -0.018914 0.061672 0.062345
v -0.018914 0.056000 0.062345
v -0.018914 0.061672 0.062345
v -0.018914 0.056000 0.062345
v -0.018750 0.061672 0.062498
v -0.018750 0.056000 0.062498
v -0.018750 0.061672 0.062498
v -0.018750 0.056000 0.062498
v -0.018737 0.061672 0.062505
v -0.018737 0.056000 0.062505
v -0.018737 0.061672 0.062505
v -0.018737 0.056000 0.062505
v -0.018500 0.061672 0.062565
v -0.018500 0.056000 0.062565
v -0.018750 0.056000 0.062498
v -0.018914 0.056000 0.062345
v -0.018914 0.055533 0.062438
v -0.018750 0.054933 0.063565
v -0.018737 0.054940 0.063565
v -0.018737 0.055021 0.063160
v -0.018996 0.055449 0.062236
v -0.018996 0.056000 0.062126
v -0.019000 0.056000 0.062065
v -0.019000 0.056000 0.062065
v -0.019000 0.055807 0.062077
v -0.018996 0.055449 0.062236
v -0.018996 0.055449 0.062236
v -0.019000 0.055807 0.062077
v -0.019000 0.055151 0.062328
v -0.018996 0.055449 0.062236
v -0.019000 0.055151 0.062328
v -0.018996 0.054982 0.062547
v -0.018996 0.054982 0.062547
v -0.019000 0.055151 0.062328
v -0.019000 0.054675 0.062861
v -0.018996 0.054982 0.062547
v -0.019000 0.054675 0.062861
v -0.018996 0.054671 0.063014
v -0.018996 0.054671 0.063014
v -0.019000 0.054675 0.062861
v -0.019000 0.054500 0.063565
v -0.018996 0.054671 0.063014
v -0.019000 0.054500 0.063565
v -0.018996 0.054561 0.063565
v -0.018996 0.054561 0.063565
v -0.018933 0.054750 0.063565
v -0.018996 0.054671 0.063014
v -0.018996 0.054671 0.063014
v -0.018933 0.054750 0.063565
v -0.018914 0.054873 0.063098
v -0.018996 0.054671 0.063014
v -0.018914 0.054873 0.063098
v -0.018996 0.054982 0.062547
v -0.018914 0.055137 0.062702
v -0.018996 0.054982 0.062547
v -0.018914 0.055137 0.062702
v -0.018996 0.055449 0.062236
v -0.018914 0.055533 0.062438
v -0.018914 0.055533 0.062438
v -0.018914 0.056000 0.062345
v -0.018996 0.055449 0.062236
v -0.018996 0.055449 0.062236
v -0.018914 0.056000 0.062345
v -0.018933 0.056000 0.062315
v -0.018996 0.055449 0.062236
v -0.018933 0.056000 0.062315
v -0.018996 0.056000 0.062126
v -0.018750 0.054933 0.063565
v -0.018737 0.055021 0.063160
v -0.018914 0.054780 0.063565
v -0.018737 0.056000 0.062505
v -0.018750 0.056000 0.062498
v -0.018737 0.055594 0.062586
v -0.018737 0.055594 0.062586
v -0.018750 0.056000 0.062498
v -0.018914 0.055533 0.062438
v -0.018737 0.055594 0.062586
v -0.018914 0.055533 0.062438
v -0.018737 0.055251 0.062816
v -0.018914 0.055137 0.062702
v -0.018737 0.055251 0.062816
v -0.018914 0.055137 0.062702
v -0.018737 0.055021 0.063160
v -0.018914 0.054873 0.063098
v -0.018737 0.055021 0.063160
v -0.018914 0.054873 0.063098
v -0.018914 0.054780 0.063565
v -0.018914 0.054780 0.063565
v -0.018914 0.054873 0.063098
v -0.018933 0.054750 0.063565
v -0.018500 0.056000 0.062565
v -0.018737 0.056000 0.062505
v -0.018500 0.055617 0.062641
v -0.018737 0.055594 0.062586
v -0.018500 0.055617 0.062641
v -0.018737 0.055594 0.062586
v -0.018500 0.055293 0.062858
v -0.018737 0.055251 0.062816
v -0.018500 0.055293 0.062858
v -0.018737 0.055251 0.062816
v -0.018500 0.055076 0.063182
v -0.018737 0.055021 0.063160
v -0.018500 0.055076 0.063182
v -0.018737 0.055021 0.063160
v -0.018500 0.055000 0.063565
v -0.018737 0.054940 0.063565
v -0.019000 0.054500 0.063565
v -0.019000 0.054500 0.064465
v -0.018996 0.054561 0.063565
v -0.018996 0.054564 0.064465
v -0.018996 0.054561 0.063565
v -0.018996 0.054564 0.064465
v -0.018933 0.054750 0.063565
v -0.018933 0.054750 0.064465
v -0.018933 0.054750 0.063565
v -0.018933 0.054750 0.064465
v -0.018914 0.054780 0.063565
v -0.018912 0.054783 0.064465
v -0.018914 0.054780 0.063565
v -0.018912 0.054783 0.064465
v -0.018750 0.054933 0.063565
v -0.018750 0.054933 0.064465
v -0.018750 0.054933 0.063565
v -0.018750 0.054933 0.064465
v -0.018737 0.054940 0.063565
v -0.018737 0.054940 0.063565
v -0.018750 0.054933 0.064465
v -0.018734 0.054942 0.064465
v -0.018737 0.054940 0.063565
v -0.018734 0.054942 0.064465
v -0.018500 0.055000 0.063565
v -0.018500 0.055000 0.064465
v -0.019000 0.052262 0.064465
v -0.019000 0.051283 0.064465
v -0.018842 0.051277 0.065427
v -0.016525 0.051181 0.067419
v -0.016000 0.051105 0.067465
v -0.016000 0.054500 0.067465
v -0.016525 0.051181 0.067419
v -0.016000 0.054500 0.067465
v -0.017510 0.051222 0.067057
v -0.016000 0.054500 0.067465
v -0.017148 0.054500 0.067237
v -0.017510 0.051222 0.067057
v -0.017510 0.051222 0.067057
v -0.017148 0.054500 0.067237
v -0.018121 0.054500 0.066586
v -0.017510 0.051222 0.067057
v -0.018121 0.054500 0.066586
v -0.018300 0.051254 0.066391
v -0.018300 0.051254 0.066391
v -0.018121 0.054500 0.066586
v -0.018772 0.054500 0.065613
v -0.018300 0.051254 0.066391
v -0.018772 0.054500 0.065613
v -0.018842 0.051277 0.065427
v -0.018842 0.051277 0.065427
v -0.018772 0.054500 0.065613
v -0.019000 0.054500 0.064465
v -0.019000 0.054500 0.064465
v -0.019000 0.051283 0.062382
v -0.018401 0.050652 0.062413
v -0.019000 0.051283 0.064465
v -0.018401 0.050652 0.064465
v -0.016448 0.050550 0.062515
v -0.018401 0.050652 0.062413
v -0.018401 0.044348 0.062413
v -0.019000 0.051283 0.062382
v -0.019000 0.043717 0.062382
v -0.015505 0.045346 0.062565
v -0.015500 0.045449 0.062565
v -0.015500 0.049551 0.062565
v -0.016245 0.050519 0.062526
v -0.015997 0.044585 0.062539
v -0.015775 0.044761 0.062551
v -0.016448 0.044450 0.062515
v -0.015653 0.044917 0.062557
v -0.015557 0.045114 0.062562
v -0.015582 0.049948 0.062561
v -0.015775 0.050239 0.062551
v -0.015876 0.050333 0.062545
v -0.015558 0.049886 0.062562
v -0.016116 0.050475 0.062533
v -0.018401 0.044348 0.062413
v -0.019000 0.043717 0.062382
v -0.018401 0.044348 0.064465
v -0.019000 0.043717 0.064465
v -0.019000 0.042737 0.064465
v -0.019000 0.040500 0.064465
v -0.018772 0.040500 0.065613
v -0.018817 0.043724 0.065497
v -0.019000 0.043717 0.064465
v -0.019000 0.042737 0.064465
v -0.019000 0.042737 0.064465
v -0.018772 0.040500 0.065613
v -0.018817 0.043724 0.065497
v -0.018817 0.043724 0.065497
v -0.018772 0.040500 0.065613
v -0.018121 0.040500 0.066586
v -0.018817 0.043724 0.065497
v -0.018121 0.040500 0.066586
v -0.018300 0.043745 0.066391
v -0.018300 0.043745 0.066391
v -0.018121 0.040500 0.066586
v -0.017148 0.040500 0.067237
v -0.018300 0.043745 0.066391
v -0.017148 0.040500 0.067237
v -0.017445 0.043781 0.067094
v -0.017445 0.043781 0.067094
v -0.017148 0.040500 0.067237
v -0.016525 0.043819 0.067419
v -0.016525 0.043819 0.067419
v -0.017148 0.040500 0.067237
v -0.016000 0.040500 0.067465
v -0.016525 0.043819 0.067419
v -0.016000 0.040500 0.067465
v -0.016000 0.043895 0.067465
v -0.013200 -0.046475 -0.001435
v -0.013200 -0.043977 -0.001501
v -0.013200 -0.046612 -0.000923
v -0.013200 -0.044487 0.001065
v -0.013200 -0.047500 -0.002460
v -0.013200 -0.046895 -0.003861
v -0.013200 -0.046988 -0.002323
v -0.013200 -0.045828 -0.003293
v -0.013200 -0.046612 -0.001948
v -0.013200 -0.045261 -0.002546
v -0.013200 -0.044780 -0.001925
v -0.013200 -0.048525 -0.001435
v -0.013200 -0.050220 -0.001925
v -0.013200 -0.048388 -0.001948
v -0.013200 -0.049739 -0.002546
v -0.013200 -0.048012 -0.002323
v -0.013200 -0.049172 -0.003293
v -0.013200 -0.048105 -0.003861
v -0.013200 -0.055080 0.012749
v -0.013200 -0.054612 0.013481
v -0.013200 -0.056500 0.014190
v -0.013200 -0.048388 -0.000923
v -0.013200 -0.048012 -0.000547
v -0.013200 -0.053200 0.001065
v -0.013200 -0.047500 -0.000410
v -0.013200 -0.046988 -0.000547
v -0.013200 -0.051891 -0.001439
v -0.013200 -0.051782 -0.001451
v -0.013200 -0.051023 -0.001501
v -0.013200 -0.052000 -0.001435
v -0.013200 -0.056500 0.000565
v -0.013200 -0.056376 -0.000127
v -0.013200 -0.054605 0.001642
v -0.013200 -0.055914 -0.000849
v -0.013200 -0.053874 0.001182
v -0.013200 -0.054500 -0.001435
v -0.013200 -0.055192 -0.001311
v -0.013200 -0.055074 0.002368
v -0.013200 -0.055200 0.003065
v -0.013200 -0.055200 0.012065
v -0.013200 -0.041122 0.013946
v -0.013200 -0.040388 0.013481
v -0.013200 -0.038500 0.014190
v -0.013200 -0.038500 0.000565
v -0.013200 -0.039921 0.002381
v -0.013200 -0.038624 -0.000127
v -0.013200 -0.040388 0.001649
v -0.013200 -0.039086 -0.000849
v -0.013200 -0.041122 0.001183
v -0.013200 -0.041800 0.001065
v -0.013200 -0.040500 -0.001435
v -0.013200 -0.039808 -0.001311
v -0.013200 -0.053878 0.013946
v -0.013200 -0.053200 0.014065
v -0.013200 -0.044487 0.014190
v -0.013200 -0.044487 0.014065
v -0.013200 -0.041800 0.014065
v -0.013200 -0.043217 -0.001451
v -0.013200 -0.043109 -0.001439
v -0.013200 -0.043000 -0.001435
v -0.013200 -0.039921 0.012749
v -0.013200 -0.039800 0.012065
v -0.013200 -0.039800 0.003065
v -0.013200 -0.050842 0.016687
v -0.013200 -0.051531 0.016565
v -0.013200 -0.048525 0.016565
v -0.013200 -0.046475 0.016565
v -0.013200 -0.046612 0.016052
v -0.013200 -0.046988 0.015677
v -0.013200 -0.047500 0.015540
v -0.013200 -0.053256 0.016285
v -0.013200 -0.052825 0.016053
v -0.013200 -0.048388 0.016052
v -0.013200 -0.052556 0.015645
v -0.013200 -0.048012 0.015677
v -0.013200 -0.052500 0.015315
v -0.013200 -0.052556 0.014985
v -0.013200 -0.047500 0.017590
v -0.013200 -0.048105 0.018991
v -0.013200 -0.048012 0.017453
v -0.013200 -0.049172 0.018423
v -0.013200 -0.048388 0.017078
v -0.013200 -0.049739 0.017676
v -0.013200 -0.050155 0.017113
v -0.013200 -0.053744 0.014345
v -0.013200 -0.053256 0.014345
v -0.013200 -0.052825 0.014577
v -0.013200 -0.054175 0.016053
v -0.013200 -0.054500 0.016565
v -0.013200 -0.055192 0.016441
v -0.013200 -0.054175 0.014577
v -0.013200 -0.054444 0.014985
v -0.013200 -0.056500 0.014565
v -0.013200 -0.054500 0.015315
v -0.013200 -0.054444 0.015645
v -0.013200 -0.055914 0.015979
v -0.013200 -0.056376 0.015257
v -0.013200 -0.053744 0.016285
v -0.013200 -0.041256 0.014345
v -0.013200 -0.040500 0.016565
v -0.013200 -0.040825 0.016053
v -0.013200 -0.039808 0.016441
v -0.013200 -0.040556 0.015645
v -0.013200 -0.039086 0.015979
v -0.013200 -0.038624 0.015257
v -0.013200 -0.040500 0.015315
v -0.013200 -0.038500 0.014565
v -0.013200 -0.040556 0.014985
v -0.013200 -0.040825 0.014577
v -0.013200 -0.041744 0.014345
v -0.013200 -0.042175 0.014577
v -0.013200 -0.042444 0.014985
v -0.013200 -0.043469 0.016565
v -0.013200 -0.044158 0.016687
v -0.013200 -0.042444 0.015645
v -0.013200 -0.044509 0.016857
v -0.013200 -0.042500 0.015315
v -0.013200 -0.044845 0.017113
v -0.013200 -0.046612 0.017078
v -0.013200 -0.045261 0.017676
v -0.013200 -0.046988 0.017453
v -0.013200 -0.045828 0.018423
v -0.013200 -0.046895 0.018991
v -0.013200 -0.042175 0.016053
v -0.013200 -0.041744 0.016285
v -0.013200 -0.041256 0.016285
v -0.018000 0.042000 0.014065
v -0.015700 0.042000 0.014065
v -0.015700 0.041806 0.014060
v -0.018000 0.042000 0.014065
v -0.015700 0.041806 0.014060
v -0.018000 0.041235 0.013913
v -0.015700 0.040124 0.012757
v -0.015700 0.040000 0.012065
v -0.018000 0.040000 0.012065
v -0.015700 0.041806 0.014060
v -0.015700 0.041308 0.013941
v -0.018000 0.041235 0.013913
v -0.018000 0.041235 0.013913
v -0.015700 0.041308 0.013941
v -0.015700 0.040586 0.013479
v -0.018000 0.041235 0.013913
v -0.015700 0.040586 0.013479
v -0.018000 0.040586 0.013479
v -0.018000 0.040586 0.013479
v -0.015700 0.040586 0.013479
v -0.015700 0.040124 0.012757
v -0.018000 0.040586 0.013479
v -0.015700 0.040124 0.012757
v -0.018000 0.040152 0.012830
v -0.018000 0.040152 0.012830
v -0.015700 0.040124 0.012757
v -0.018000 0.040000 0.012065
v -0.013200 0.050513 0.014065
v -0.013200 0.041800 0.014065
v -0.015700 0.042000 0.014065
v -0.013200 0.041800 0.014065
v -0.015700 0.053194 0.014060
v -0.013200 0.053200 0.014065
v -0.015700 0.053000 0.014065
v -0.015700 0.053000 0.014065
v -0.013200 0.053200 0.014065
v -0.018000 0.042000 0.014065
v -0.018000 0.053000 0.014065
v -0.018000 0.054848 0.012830
v -0.018000 0.055000 0.012065
v -0.015700 0.055000 0.012065
v -0.015700 0.055000 0.012065
v -0.015700 0.054876 0.012757
v -0.018000 0.054848 0.012830
v -0.018000 0.054848 0.012830
v -0.015700 0.054876 0.012757
v -0.015700 0.054414 0.013479
v -0.018000 0.054848 0.012830
v -0.015700 0.054414 0.013479
v -0.018000 0.054414 0.013479
v -0.018000 0.054414 0.013479
v -0.015700 0.054414 0.013479
v -0.015700 0.053692 0.013941
v -0.018000 0.054414 0.013479
v -0.015700 0.053692 0.013941
v -0.018000 0.053765 0.013913
v -0.018000 0.053765 0.013913
v -0.015700 0.053692 0.013941
v -0.015700 0.053194 0.014060
v -0.018000 0.053765 0.013913
v -0.015700 0.053194 0.014060
v -0.018000 0.053000 0.014065
v -0.018000 0.053000 0.014065
v -0.018000 0.055000 0.012065
v -0.018000 0.055000 0.003065
v -0.015700 0.055000 0.012065
v -0.015700 0.055000 0.003065
v -0.018000 0.053000 0.001065
v -0.015700 0.053000 0.001065
v -0.015700 0.053194 0.001070
v -0.018000 0.053000 0.001065
v -0.015700 0.053194 0.001070
v -0.018000 0.053770 0.001219
v -0.015700 0.054881 0.002386
v -0.015700 0.055000 0.003065
v -0.018000 0.055000 0.003065
v -0.015700 0.053194 0.001070
v -0.015700 0.053696 0.001190
v -0.018000 0.053770 0.001219
v -0.018000 0.053770 0.001219
v -0.015700 0.053696 0.001190
v -0.015700 0.054421 0.001657
v -0.018000 0.053770 0.001219
v -0.015700 0.054421 0.001657
v -0.018000 0.054421 0.001657
v -0.018000 0.054421 0.001657
v -0.015700 0.054421 0.001657
v -0.015700 0.054881 0.002386
v -0.018000 0.054421 0.001657
v -0.015700 0.054881 0.002386
v -0.018000 0.054853 0.002313
v -0.018000 0.054853 0.002313
v -0.015700 0.054881 0.002386
v -0.018000 0.055000 0.003065
v -0.015700 0.053000 0.001065
v -0.018000 0.053000 0.001065
v -0.018000 0.042000 0.001065
v -0.015700 0.041806 0.001070
v -0.013200 0.041800 0.001065
v -0.015700 0.042000 0.001065
v -0.015700 0.042000 0.001065
v -0.013200 0.041800 0.001065
v -0.013200 0.050513 0.001065
v -0.013200 0.053200 0.001065
v -0.015700 0.053194 0.001070
v -0.013200 0.050513 0.001065
v -0.015700 0.053194 0.001070
v -0.015700 0.053000 0.001065
v -0.018000 0.040147 0.002313
v -0.018000 0.040000 0.003065
v -0.015700 0.040000 0.003065
v -0.015700 0.040000 0.003065
v -0.015700 0.040124 0.002373
v -0.018000 0.040147 0.002313
v -0.018000 0.040147 0.002313
v -0.015700 0.040124 0.002373
v -0.015700 0.040586 0.001651
v -0.018000 0.040147 0.002313
v -0.015700 0.040586 0.001651
v -0.018000 0.040579 0.001657
v -0.018000 0.040579 0.001657
v -0.015700 0.040586 0.001651
v -0.015700 0.041308 0.001189
v -0.018000 0.040579 0.001657
v -0.015700 0.041308 0.001189
v -0.018000 0.041230 0.001219
v -0.018000 0.041230 0.001219
v -0.015700 0.041308 0.001189
v -0.015700 0.041806 0.001070
v -0.018000 0.041230 0.001219
v -0.015700 0.041806 0.001070
v -0.018000 0.042000 0.001065
v -0.018000 0.042000 0.001065
v -0.018000 0.040000 0.003065
v -0.018000 0.040000 0.012065
v -0.015700 0.040000 0.003065
v -0.015700 0.040000 0.012065
v -0.018000 -0.054848 0.002300
v -0.018000 -0.055000 0.003065
v -0.015700 -0.055000 0.003065
v -0.015700 -0.055000 0.003065
v -0.015700 -0.054876 0.002373
v -0.018000 -0.054848 0.002300
v -0.018000 -0.054848 0.002300
v -0.015700 -0.054876 0.002373
v -0.015700 -0.054414 0.001651
v -0.018000 -0.054848 0.002300
v -0.015700 -0.054414 0.001651
v -0.018000 -0.054414 0.001651
v -0.018000 -0.054414 0.001651
v -0.015700 -0.054414 0.001651
v -0.015700 -0.053692 0.001189
v -0.018000 -0.054414 0.001651
v -0.015700 -0.053692 0.001189
v -0.018000 -0.053765 0.001217
v -0.018000 -0.053765 0.001217
v -0.015700 -0.053692 0.001189
v -0.015700 -0.053194 0.001070
v -0.018000 -0.053765 0.001217
v -0.015700 -0.053194 0.001070
v -0.018000 -0.053000 0.001065
v -0.018000 -0.053000 0.001065
v -0.015700 -0.053194 0.001070
v -0.015700 -0.053000 0.001065
v -0.018000 -0.055000 0.003065
v -0.018000 -0.055000 0.012065
v -0.015700 -0.055000 0.003065
v -0.015700 -0.055000 0.012065
v -0.018000 -0.053000 0.014065
v -0.015700 -0.053000 0.014065
v -0.015700 -0.053194 0.014060
v -0.018000 -0.053000 0.014065
v -0.015700 -0.053194 0.014060
v -0.018000 -0.053765 0.013913
v -0.015700 -0.054876 0.012757
v -0.015700 -0.055000 0.012065
v -0.018000 -0.055000 0.012065
v -0.015700 -0.053194 0.014060
v -0.015700 -0.053692 0.013941
v -0.018000 -0.053765 0.013913
v -0.018000 -0.053765 0.013913
v -0.015700 -0.053692 0.013941
v -0.015700 -0.054414 0.013479
v -0.018000 -0.053765 0.013913
v -0.015700 -0.054414 0.013479
v -0.018000 -0.054414 0.013479
v -0.018000 -0.054414 0.013479
v -0.015700 -0.054414 0.013479
v -0.015700 -0.054876 0.012757
v -0.018000 -0.054414 0.013479
v -0.015700 -0.054876 0.012757
v -0.018000 -0.054848 0.012830
v -0.018000 -0.054848 0.012830
v -0.015700 -0.054876 0.012757
v -0.018000 -0.055000 0.012065
v -0.015700 -0.041806 0.014060
v -0.013200 -0.041800 0.014065
v -0.015700 -0.042000 0.014065
v -0.015700 -0.042000 0.014065
v -0.013200 -0.041800 0.014065
v -0.013200 -0.044487 0.014065
v -0.013200 -0.053200 0.014065
v -0.015700 -0.053000 0.014065
v -0.013200 -0.053200 0.014065
v -0.018000 -0.053000 0.014065
v -0.018000 -0.042000 0.014065
v -0.018000 -0.040152 0.012830
v -0.018000 -0.040000 0.012065
v -0.015700 -0.040000 0.012065
v -0.015700 -0.040000 0.012065
v -0.015700 -0.040124 0.012757
v -0.018000 -0.040152 0.012830
v -0.018000 -0.040152 0.012830
v -0.015700 -0.040124 0.012757
v -0.015700 -0.040586 0.013479
v -0.018000 -0.040152 0.012830
v -0.015700 -0.040586 0.013479
v -0.018000 -0.040586 0.013479
v -0.018000 -0.040586 0.013479
v -0.015700 -0.040586 0.013479
v -0.015700 -0.041308 0.013941
v -0.018000 -0.040586 0.013479
v -0.015700 -0.041308 0.013941
v -0.018000 -0.041235 0.013913
v -0.018000 -0.041235 0.013913
v -0.015700 -0.041308 0.013941
v -0.015700 -0.041806 0.014060
v -0.018000 -0.041235 0.013913
v -0.015700 -0.041806 0.014060
v -0.018000 -0.042000 0.014065
v -0.018000 -0.042000 0.014065
v -0.018000 -0.040000 0.012065
v -0.018000 -0.040000 0.003065
v -0.015700 -0.040000 0.012065
v -0.015700 -0.040000 0.003065
v -0.018000 -0.042000 0.001065
v -0.015700 -0.042000 0.001065
v -0.015700 -0.041806 0.001070
v -0.018000 -0.042000 0.001065
v -0.015700 -0.041806 0.001070
v -0.018000 -0.041235 0.001217
v -0.015700 -0.040124 0.002373
v -0.015700 -0.040000 0.003065
v -0.018000 -0.040000 0.003065
v -0.015700 -0.041806 0.001070
v -0.015700 -0.041308 0.001189
v -0.018000 -0.041235 0.001217
v -0.018000 -0.041235 0.001217
v -0.015700 -0.041308 0.001189
v -0.015700 -0.040586 0.001651
v -0.018000 -0.041235 0.001217
v -0.015700 -0.040586 0.001651
v -0.018000 -0.040586 0.001651
v -0.018000 -0.040586 0.001651
v -0.015700 -0.040586 0.001651
v -0.015700 -0.040124 0.002373
v -0.018000 -0.040586 0.001651
v -0.015700 -0.040124 0.002373
v -0.018000 -0.040152 0.002300
v -0.018000 -0.040152 0.002300
v -0.015700 -0.040124 0.002373
v -0.018000 -0.040000 0.003065
v -0.015700 -0.042000 0.001065
v -0.018000 -0.042000 0.001065
v -0.018000 -0.053000 0.001065
v -0.013200 -0.053200 0.001065
v -0.015700 -0.053000 0.001065
v -0.013200 -0.053200 0.001065
v -0.013200 -0.044487 0.001065
v -0.013200 -0.041800 0.001065
v -0.015700 -0.041806 0.001070
v -0.013200 -0.044487 0.001065
v -0.015700 -0.041806 0.001070
v -0.015700 -0.042000 0.001065
v -0.018500 -0.055250 -0.043812
v -0.018500 -0.055000 -0.043745
v -0.017500 -0.055000 -0.043745
v -0.017500 -0.055469 -0.044072
v -0.017500 -0.055500 -0.044245
v -0.018500 -0.055500 -0.044245
v -0.018500 -0.055500 -0.044245
v -0.018500 -0.055433 -0.043995
v -0.017500 -0.055469 -0.044072
v -0.017500 -0.055469 -0.044072
v -0.018500 -0.055433 -0.043995
v -0.018500 -0.055354 -0.043891
v -0.017500 -0.055469 -0.044072
v -0.018500 -0.055354 -0.043891
v -0.017500 -0.055354 -0.043891
v -0.017500 -0.055354 -0.043891
v -0.018500 -0.055354 -0.043891
v -0.018500 -0.055250 -0.043812
v -0.017500 -0.055354 -0.043891
v -0.018500 -0.055250 -0.043812
v -0.017500 -0.055173 -0.043776
v -0.017500 -0.055173 -0.043776
v -0.018500 -0.055250 -0.043812
v -0.017500 -0.055000 -0.043745
v -0.018500 -0.055000 -0.043745
v -0.018500 -0.040100 -0.043745
v -0.017500 -0.055000 -0.043745
v -0.017500 -0.040100 -0.043745
v -0.013865 -0.057067 -0.043745
v -0.017500 -0.057067 -0.043745
v -0.014894 -0.056553 -0.043745
v -0.015454 -0.056137 -0.043745
v -0.017500 -0.037933 -0.043745
v -0.013865 -0.037933 -0.043745
v -0.014894 -0.038447 -0.043745
v -0.015454 -0.038863 -0.043745
v -0.015878 -0.039549 -0.043745
v -0.016000 -0.040236 -0.043745
v -0.016000 -0.054764 -0.043745
v -0.015878 -0.055451 -0.043745
v -0.018500 -0.039580 -0.044045
v -0.018500 -0.039500 -0.044345
v -0.017500 -0.039500 -0.044345
v -0.017500 -0.039892 -0.043782
v -0.017500 -0.040100 -0.043745
v -0.018500 -0.040100 -0.043745
v -0.018500 -0.040100 -0.043745
v -0.018500 -0.039800 -0.043825
v -0.017500 -0.039892 -0.043782
v -0.017500 -0.039892 -0.043782
v -0.018500 -0.039800 -0.043825
v -0.018500 -0.039676 -0.043921
v -0.017500 -0.039892 -0.043782
v -0.018500 -0.039676 -0.043921
v -0.017500 -0.039676 -0.043921
v -0.017500 -0.039676 -0.043921
v -0.018500 -0.039676 -0.043921
v -0.018500 -0.039580 -0.044045
v -0.017500 -0.039676 -0.043921
v -0.018500 -0.039580 -0.044045
v -0.017500 -0.039537 -0.044137
v -0.017500 -0.039537 -0.044137
v -0.018500 -0.039580 -0.044045
v -0.017500 -0.039500 -0.044345
v -0.018500 -0.039500 -0.051345
v -0.017500 -0.039500 -0.051345
v -0.018500 -0.039500 -0.044345
v -0.017500 -0.039500 -0.044345
v -0.018500 -0.039800 -0.051865
v -0.018500 -0.040100 -0.051945
v -0.017500 -0.040100 -0.051945
v -0.017500 -0.039537 -0.051553
v -0.017500 -0.039500 -0.051345
v -0.018500 -0.039500 -0.051345
v -0.018500 -0.039500 -0.051345
v -0.018500 -0.039580 -0.051645
v -0.017500 -0.039537 -0.051553
v -0.017500 -0.039537 -0.051553
v -0.018500 -0.039580 -0.051645
v -0.018500 -0.039676 -0.051769
v -0.017500 -0.039537 -0.051553
v -0.018500 -0.039676 -0.051769
v -0.017500 -0.039676 -0.051769
v -0.017500 -0.039676 -0.051769
v -0.018500 -0.039676 -0.051769
v -0.018500 -0.039800 -0.051865
v -0.017500 -0.039676 -0.051769
v -0.018500 -0.039800 -0.051865
v -0.017500 -0.039892 -0.051908
v -0.017500 -0.039892 -0.051908
v -0.018500 -0.039800 -0.051865
v -0.017500 -0.040100 -0.051945
v -0.018500 -0.040100 -0.051945
v -0.018500 -0.054900 -0.051945
v -0.017500 -0.040100 -0.051945
v -0.017500 -0.054900 -0.051945
v -0.016923 -0.039406 -0.051945
v -0.017207 -0.039207 -0.051945
v -0.017438 -0.038846 -0.051945
v -0.017500 -0.038500 -0.051945
v -0.017500 -0.056500 -0.051945
v -0.017438 -0.056154 -0.051945
v -0.017207 -0.055793 -0.051945
v -0.016923 -0.055594 -0.051945
v -0.018500 -0.055454 -0.051575
v -0.018500 -0.055500 -0.051345
v -0.017500 -0.055500 -0.051345
v -0.017500 -0.055108 -0.051908
v -0.017500 -0.054900 -0.051945
v -0.018500 -0.054900 -0.051945
v -0.017500 -0.055500 -0.051345
v -0.017500 -0.055463 -0.051553
v -0.018500 -0.055454 -0.051575
v -0.018500 -0.055454 -0.051575
v -0.017500 -0.055463 -0.051553
v -0.017500 -0.055324 -0.051769
v -0.018500 -0.055454 -0.051575
v -0.017500 -0.055324 -0.051769
v -0.018500 -0.055324 -0.051769
v -0.018500 -0.055324 -0.051769
v -0.017500 -0.055324 -0.051769
v -0.017500 -0.055108 -0.051908
v -0.018500 -0.055324 -0.051769
v -0.017500 -0.055108 -0.051908
v -0.018500 -0.055130 -0.051899
v -0.018500 -0.055130 -0.051899
v -0.017500 -0.055108 -0.051908
v -0.018500 -0.054900 -0.051945
v -0.018500 -0.055500 -0.044245
v -0.017500 -0.055500 -0.044245
v -0.018500 -0.055500 -0.051345
v -0.017500 -0.055500 -0.051345
v -0.018500 0.039800 -0.043825
v -0.018500 0.040100 -0.043745
v -0.017500 0.040100 -0.043745
v -0.017500 0.039537 -0.044137
v -0.017500 0.039500 -0.044345
v -0.018500 0.039500 -0.044345
v -0.017500 0.040100 -0.043745
v -0.017500 0.039892 -0.043782
v -0.018500 0.039800 -0.043825
v -0.018500 0.039800 -0.043825
v -0.017500 0.039892 -0.043782
v -0.017500 0.039676 -0.043921
v -0.018500 0.039800 -0.043825
v -0.017500 0.039676 -0.043921
v -0.018500 0.039676 -0.043921
v -0.018500 0.039676 -0.043921
v -0.017500 0.039676 -0.043921
v -0.017500 0.039537 -0.044137
v -0.018500 0.039676 -0.043921
v -0.017500 0.039537 -0.044137
v -0.018500 0.039580 -0.044045
v -0.018500 0.039580 -0.044045
v -0.017500 0.039537 -0.044137
v -0.018500 0.039500 -0.044345
v -0.013865 0.037933 -0.043745
v -0.017500 0.037933 -0.043745
v -0.014894 0.038447 -0.043745
v -0.015454 0.038863 -0.043745
v -0.018500 0.040100 -0.043745
v -0.018500 0.054900 -0.043745
v -0.017500 0.054900 -0.043745
v -0.017500 0.040100 -0.043745
v -0.017500 0.057067 -0.043745
v -0.013865 0.057067 -0.043745
v -0.014894 0.056553 -0.043745
v -0.015454 0.056137 -0.043745
v -0.015878 0.055451 -0.043745
v -0.016000 0.054764 -0.043745
v -0.016000 0.040236 -0.043745
v -0.015878 0.039549 -0.043745
v -0.018500 0.055420 -0.044045
v -0.018500 0.055500 -0.044345
v -0.017500 0.055500 -0.044345
v -0.017500 0.055108 -0.043782
v -0.017500 0.054900 -0.043745
v -0.018500 0.054900 -0.043745
v -0.018500 0.054900 -0.043745
v -0.018500 0.055200 -0.043825
v -0.017500 0.055108 -0.043782
v -0.017500 0.055108 -0.043782
v -0.018500 0.055200 -0.043825
v -0.018500 0.055324 -0.043921
v -0.017500 0.055108 -0.043782
v -0.018500 0.055324 -0.043921
v -0.017500 0.055324 -0.043921
v -0.017500 0.055324 -0.043921
v -0.018500 0.055324 -0.043921
v -0.018500 0.055420 -0.044045
v -0.017500 0.055324 -0.043921
v -0.018500 0.055420 -0.044045
v -0.017500 0.055463 -0.044137
v -0.017500 0.055463 -0.044137
v -0.018500 0.055420 -0.044045
v -0.017500 0.055500 -0.044345
v -0.018500 0.055500 -0.051345
v -0.017500 0.055500 -0.051345
v -0.018500 0.055500 -0.044345
v -0.017500 0.055500 -0.044345
v -0.018500 0.055200 -0.051865
v -0.018500 0.054900 -0.051945
v -0.017500 0.054900 -0.051945
v -0.017500 0.055463 -0.051553
v -0.017500 0.055500 -0.051345
v -0.018500 0.055500 -0.051345
v -0.018500 0.055500 -0.051345
v -0.018500 0.055420 -0.051645
v -0.017500 0.055463 -0.051553
v -0.017500 0.055463 -0.051553
v -0.018500 0.055420 -0.051645
v -0.018500 0.055324 -0.051769
v -0.017500 0.055463 -0.051553
v -0.018500 0.055324 -0.051769
v -0.017500 0.055324 -0.051769
v -0.017500 0.055324 -0.051769
v -0.018500 0.055324 -0.051769
v -0.018500 0.055200 -0.051865
v -0.017500 0.055324 -0.051769
v -0.018500 0.055200 -0.051865
v -0.017500 0.055108 -0.051908
v -0.017500 0.055108 -0.051908
v -0.018500 0.055200 -0.051865
v -0.017500 0.054900 -0.051945
v -0.016923 0.055594 -0.051945
v -0.017210 0.055796 -0.051945
v -0.017500 0.054900 -0.051945
v -0.017441 0.056161 -0.051945
v -0.017500 0.056500 -0.051945
v -0.018500 0.054900 -0.051945
v -0.018500 0.040100 -0.051945
v -0.017500 0.040100 -0.051945
v -0.017500 0.038500 -0.051945
v -0.017438 0.038846 -0.051945
v -0.017207 0.039207 -0.051945
v -0.016923 0.039406 -0.051945
v -0.018500 0.039580 -0.051645
v -0.018500 0.039500 -0.051345
v -0.017500 0.039500 -0.051345
v -0.017500 0.039892 -0.051908
v -0.017500 0.040100 -0.051945
v -0.018500 0.040100 -0.051945
v -0.018500 0.040100 -0.051945
v -0.018500 0.039800 -0.051865
v -0.017500 0.039892 -0.051908
v -0.017500 0.039892 -0.051908
v -0.018500 0.039800 -0.051865
v -0.018500 0.039676 -0.051769
v -0.017500 0.039892 -0.051908
v -0.018500 0.039676 -0.051769
v -0.017500 0.039676 -0.051769
v -0.017500 0.039676 -0.051769
v -0.018500 0.039676 -0.051769
v -0.018500 0.039580 -0.051645
v -0.017500 0.039676 -0.051769
v -0.018500 0.039580 -0.051645
v -0.017500 0.039537 -0.051553
v -0.017500 0.039537 -0.051553
v -0.018500 0.039580 -0.051645
v -0.017500 0.039500 -0.051345
v -0.018500 0.039500 -0.044345
v -0.017500 0.039500 -0.044345
v -0.018500 0.039500 -0.051345
v -0.017500 0.039500 -0.051345
v -0.013200 0.048525 -0.001435
v -0.013200 0.051023 -0.001501
v -0.013200 0.048388 -0.000923
v -0.013200 0.050513 0.001065
v -0.013200 0.047500 -0.002460
v -0.013200 0.048105 -0.003861
v -0.013200 0.048012 -0.002323
v -0.013200 0.049172 -0.003293
v -0.013200 0.048388 -0.001948
v -0.013200 0.049739 -0.002546
v -0.013200 0.050220 -0.001925
v -0.013200 0.046612 -0.000923
v -0.013200 0.046988 -0.000547
v -0.013200 0.041800 0.001065
v -0.013200 0.047500 -0.000410
v -0.013200 0.048012 -0.000547
v -0.013200 0.046475 -0.001435
v -0.013200 0.044780 -0.001925
v -0.013200 0.046612 -0.001948
v -0.013200 0.045261 -0.002546
v -0.013200 0.046988 -0.002323
v -0.013200 0.045828 -0.003293
v -0.013200 0.046895 -0.003861
v -0.013200 0.039926 0.012762
v -0.013200 0.040394 0.013488
v -0.013200 0.038500 0.014190
v -0.013200 0.043109 -0.001439
v -0.013200 0.043217 -0.001451
v -0.013200 0.043977 -0.001501
v -0.013200 0.043000 -0.001435
v -0.013200 0.038500 0.000565
v -0.013200 0.038624 -0.000127
v -0.013200 0.040388 0.001649
v -0.013200 0.039086 -0.000849
v -0.013200 0.041122 0.001183
v -0.013200 0.040500 -0.001435
v -0.013200 0.039808 -0.001311
v -0.013200 0.039921 0.002381
v -0.013200 0.039800 0.003065
v -0.013200 0.039800 0.012065
v -0.013200 0.053878 0.013946
v -0.013200 0.054612 0.013481
v -0.013200 0.056500 0.014190
v -0.013200 0.053878 0.001183
v -0.013200 0.053200 0.001065
v -0.013200 0.054500 -0.001435
v -0.013200 0.041126 0.013948
v -0.013200 0.041800 0.014065
v -0.013200 0.050513 0.014190
v -0.013200 0.050513 0.014065
v -0.013200 0.053200 0.014065
v -0.013200 0.055080 0.012749
v -0.013200 0.055200 0.012065
v -0.013200 0.056500 0.000565
v -0.013200 0.051782 -0.001451
v -0.013200 0.051891 -0.001439
v -0.013200 0.052000 -0.001435
v -0.013200 0.055192 -0.001311
v -0.013200 0.055914 -0.000849
v -0.013200 0.054612 0.001649
v -0.013200 0.056376 -0.000127
v -0.013200 0.055080 0.002381
v -0.013200 0.055200 0.003065
v -0.013200 0.041744 0.016285
v -0.013200 0.046612 0.016052
v -0.013200 0.046475 0.016565
v -0.013200 0.043469 0.016565
v -0.013200 0.040500 0.016565
v -0.013200 0.039808 0.016441
v -0.013200 0.048525 0.016565
v -0.013200 0.048388 0.016052
v -0.013200 0.048012 0.015677
v -0.013200 0.047500 0.015540
v -0.013200 0.042175 0.016053
v -0.013200 0.042444 0.015645
v -0.013200 0.046988 0.015677
v -0.013200 0.042500 0.015315
v -0.013200 0.042444 0.014985
v -0.013200 0.040825 0.016053
v -0.013200 0.041256 0.016285
v -0.013200 0.047500 0.017590
v -0.013200 0.046895 0.018991
v -0.013200 0.046988 0.017453
v -0.013200 0.045828 0.018423
v -0.013200 0.046612 0.017078
v -0.013200 0.045261 0.017676
v -0.013200 0.044845 0.017113
v -0.013200 0.044158 0.016687
v -0.013200 0.041256 0.014345
v -0.013200 0.041744 0.014345
v -0.013200 0.042175 0.014577
v -0.013200 0.040825 0.014577
v -0.013200 0.040556 0.014985
v -0.013200 0.038500 0.014565
v -0.013200 0.040500 0.015315
v -0.013200 0.040556 0.015645
v -0.013200 0.039086 0.015979
v -0.013200 0.038624 0.015257
v -0.013200 0.050842 0.016687
v -0.013200 0.050491 0.016857
v -0.013200 0.052556 0.015645
v -0.013200 0.053744 0.014345
v -0.013200 0.052500 0.015315
v -0.013200 0.053256 0.014345
v -0.013200 0.052825 0.014577
v -0.013200 0.052556 0.014985
v -0.013200 0.051531 0.016565
v -0.013200 0.053256 0.016285
v -0.013200 0.054500 0.016565
v -0.013200 0.055192 0.016441
v -0.013200 0.053744 0.016285
v -0.013200 0.054175 0.016053
v -0.013200 0.055914 0.015979
v -0.013200 0.054444 0.015645
v -0.013200 0.056376 0.015257
v -0.013200 0.054500 0.015315
v -0.013200 0.056500 0.014565
v -0.013200 0.054444 0.014985
v -0.013200 0.054175 0.014577
v -0.013200 0.052825 0.016053
v -0.013200 0.050155 0.017113
v -0.013200 0.048388 0.017078
v -0.013200 0.049739 0.017676
v -0.013200 0.048012 0.017453
v -0.013200 0.049172 0.018423
v -0.013200 0.048105 0.018991
v -0.013000 -0.033168 -0.043370
v -0.013000 -0.033625 -0.043828
v -0.013000 -0.032513 -0.044877
v -0.013000 -0.031972 -0.044285
v -0.013000 -0.031525 -0.043114
v -0.013000 -0.033000 -0.042745
v -0.013000 -0.031500 -0.042745
v -0.013000 -0.033168 -0.042120
v -0.013000 -0.031644 -0.041866
v -0.013000 -0.033625 -0.041662
v -0.013000 -0.034250 -0.043995
v -0.013000 -0.033192 -0.045950
v -0.013000 -0.033056 -0.045569
v -0.013000 -0.035333 -0.043370
v -0.013000 -0.035500 -0.042745
v -0.013000 -0.037500 -0.043792
v -0.013000 -0.034875 -0.043828
v -0.013000 -0.035444 -0.045569
v -0.013000 -0.035308 -0.045950
v -0.013000 -0.035333 -0.042120
v -0.013000 -0.037074 -0.041551
v -0.013000 -0.037500 -0.041698
v -0.013000 -0.037074 -0.043939
v -0.013000 -0.036382 -0.044482
v -0.013000 -0.035987 -0.044877
v -0.013000 -0.032306 -0.040801
v -0.013000 -0.033371 -0.040139
v -0.013000 -0.034250 -0.041495
v -0.013000 -0.034619 -0.040020
v -0.013000 -0.034875 -0.041662
v -0.013000 -0.035790 -0.040467
v -0.013000 -0.036382 -0.041008
v -0.013000 -0.033000 0.042875
v -0.013000 -0.033168 0.042250
v -0.013000 -0.031644 0.041996
v -0.013000 -0.035333 0.042250
v -0.013000 -0.035500 0.042875
v -0.013000 -0.037500 0.041828
v -0.013000 -0.034250 0.044125
v -0.013000 -0.033625 0.043958
v -0.013000 -0.033056 0.045699
v -0.013000 -0.033192 0.046080
v -0.013000 -0.035308 0.046080
v -0.013000 -0.035444 0.045699
v -0.013000 -0.037074 0.041681
v -0.013000 -0.036382 0.041138
v -0.013000 -0.034875 0.041793
v -0.013000 -0.035790 0.040597
v -0.013000 -0.034250 0.041625
v -0.013000 -0.034619 0.040150
v -0.013000 -0.033625 0.041793
v -0.013000 -0.033371 0.040269
v -0.013000 -0.032306 0.040930
v -0.013000 -0.035333 0.043500
v -0.013000 -0.037074 0.044069
v -0.013000 -0.037500 0.043922
v -0.013000 -0.031500 0.042875
v -0.013000 -0.031525 0.043244
v -0.013000 -0.033168 0.043500
v -0.013000 -0.031972 0.044415
v -0.013000 -0.032513 0.045007
v -0.013000 -0.034875 0.043958
v -0.013000 -0.035987 0.045007
v -0.013000 -0.036382 0.044612
v -0.013000 -0.060750 0.044125
v -0.013000 -0.060125 0.043958
v -0.013000 -0.059556 0.045699
v -0.013000 -0.059500 0.042875
v -0.013000 -0.059668 0.042250
v -0.013000 -0.057926 0.041681
v -0.013000 -0.057500 0.041828
v -0.013000 -0.057500 0.043922
v -0.013000 -0.057926 0.044069
v -0.013000 -0.059692 0.046080
v -0.013000 -0.061808 0.046080
v -0.013000 -0.061944 0.045699
v -0.013000 -0.059668 0.043500
v -0.013000 -0.058618 0.044612
v -0.013000 -0.059013 0.045007
v -0.013000 -0.061832 0.042250
v -0.013000 -0.062708 0.040944
v -0.013000 -0.061375 0.041793
v -0.013000 -0.061672 0.040284
v -0.013000 -0.060750 0.041625
v -0.013000 -0.060451 0.040141
v -0.013000 -0.060125 0.041793
v -0.013000 -0.059290 0.040544
v -0.013000 -0.058618 0.041138
v -0.013000 -0.061375 0.043958
v -0.013000 -0.062487 0.045007
v -0.013000 -0.061832 0.043500
v -0.013000 -0.063234 0.044055
v -0.013000 -0.062000 0.042875
v -0.013000 -0.063500 0.042875
v -0.013000 -0.063354 0.041990
v -0.013000 -0.061750 -0.045950
v -0.013000 -0.059750 -0.045950
v -0.013000 -0.061750 -0.045495
v -0.013000 -0.059750 -0.045495
v -0.013000 -0.059013 -0.044877
v -0.013000 -0.058618 -0.044482
v -0.013000 -0.059668 -0.043370
v -0.013000 -0.057926 -0.043939
v -0.013000 -0.059500 -0.042745
v -0.013000 -0.060750 -0.043995
v -0.013000 -0.061981 -0.045495
v -0.013000 -0.061375 -0.043828
v -0.013000 -0.062487 -0.044877
v -0.013000 -0.061832 -0.043370
v -0.013000 -0.057500 -0.043792
v -0.013000 -0.057500 -0.041698
v -0.013000 -0.057926 -0.041551
v -0.013000 -0.061832 -0.042120
v -0.013000 -0.063354 -0.041860
v -0.013000 -0.062000 -0.042745
v -0.013000 -0.063500 -0.042745
v -0.013000 -0.063234 -0.043925
v -0.013000 -0.059519 -0.045495
v -0.013000 -0.060125 -0.043828
v -0.013000 -0.059668 -0.042120
v -0.013000 -0.058618 -0.041008
v -0.013000 -0.060125 -0.041662
v -0.013000 -0.059290 -0.040414
v -0.013000 -0.060750 -0.041495
v -0.013000 -0.060451 -0.040011
v -0.013000 -0.061375 -0.041662
v -0.013000 -0.061672 -0.040154
v -0.013000 -0.062708 -0.040814
v -0.013000 0.035333 0.043500
v -0.013000 0.035500 0.042875
v -0.013000 0.037500 0.043922
v -0.013000 0.035333 0.042250
v -0.013000 0.037074 0.041681
v -0.013000 0.037500 0.041828
v -0.013000 0.033168 0.042250
v -0.013000 0.032292 0.040944
v -0.013000 0.033625 0.041793
v -0.013000 0.033328 0.040284
v -0.013000 0.034250 0.041625
v -0.013000 0.034549 0.040141
v -0.013000 0.034875 0.041793
v -0.013000 0.035710 0.040544
v -0.013000 0.036382 0.041138
v -0.013000 0.033625 0.043958
v -0.013000 0.032513 0.045007
v -0.013000 0.033168 0.043500
v -0.013000 0.031766 0.044055
v -0.013000 0.033000 0.042875
v -0.013000 0.031500 0.042875
v -0.013000 0.031646 0.041990
v -0.013000 0.034250 0.044125
v -0.013000 0.033192 0.046080
v -0.013000 0.033056 0.045699
v -0.013000 0.034875 0.043958
v -0.013000 0.035444 0.045699
v -0.013000 0.035308 0.046080
v -0.013000 0.037074 0.044069
v -0.013000 0.036382 0.044612
v -0.013000 0.035987 0.045007
v -0.013000 0.035500 -0.042745
v -0.013000 0.035333 -0.043370
v -0.013000 0.037074 -0.043939
v -0.013000 0.034250 -0.043995
v -0.013000 0.033625 -0.043828
v -0.013000 0.033056 -0.045569
v -0.013000 0.037500 -0.043792
v -0.013000 0.037500 -0.041698
v -0.013000 0.037074 -0.041551
v -0.013000 0.033192 -0.045950
v -0.013000 0.035308 -0.045950
v -0.013000 0.035444 -0.045569
v -0.013000 0.033168 -0.042120
v -0.013000 0.031646 -0.041860
v -0.013000 0.033000 -0.042745
v -0.013000 0.031500 -0.042745
v -0.013000 0.033168 -0.043370
v -0.013000 0.031766 -0.043925
v -0.013000 0.032513 -0.044877
v -0.013000 0.034875 -0.043828
v -0.013000 0.035987 -0.044877
v -0.013000 0.036382 -0.044482
v -0.013000 0.035333 -0.042120
v -0.013000 0.036382 -0.041008
v -0.013000 0.034875 -0.041662
v -0.013000 0.035710 -0.040414
v -0.013000 0.034250 -0.041495
v -0.013000 0.034549 -0.040011
v -0.013000 0.033625 -0.041662
v -0.013000 0.033328 -0.040154
v -0.013000 0.032292 -0.040814
v -0.013000 0.060750 -0.043995
v -0.013000 0.060125 -0.043828
v -0.013000 0.059556 -0.045569
v -0.013000 0.059668 -0.043370
v -0.013000 0.059500 -0.042745
v -0.013000 0.057500 -0.043792
v -0.013000 0.059692 -0.045950
v -0.013000 0.061808 -0.045950
v -0.013000 0.061944 -0.045569
v -0.013000 0.059668 -0.042120
v -0.013000 0.057926 -0.041551
v -0.013000 0.057500 -0.041698
v -0.013000 0.061375 -0.043828
v -0.013000 0.062487 -0.044877
v -0.013000 0.061832 -0.043370
v -0.013000 0.057926 -0.043939
v -0.013000 0.058618 -0.044482
v -0.013000 0.059013 -0.044877
v -0.013000 0.061375 -0.041662
v -0.013000 0.061629 -0.040139
v -0.013000 0.060750 -0.041495
v -0.013000 0.060381 -0.040020
v -0.013000 0.060125 -0.041662
v -0.013000 0.059210 -0.040467
v -0.013000 0.058618 -0.041008
v -0.013000 0.063028 -0.044285
v -0.013000 0.063475 -0.043114
v -0.013000 0.062000 -0.042745
v -0.013000 0.063500 -0.042745
v -0.013000 0.061832 -0.042120
v -0.013000 0.063356 -0.041866
v -0.013000 0.062694 -0.040801
v -0.013000 0.062000 0.042875
v -0.013000 0.061832 0.042250
v -0.013000 0.063356 0.041996
v -0.013000 0.062694 0.040930
v -0.013000 0.061629 0.040269
v -0.013000 0.061375 0.041793
v -0.013000 0.060381 0.040150
v -0.013000 0.060750 0.041625
v -0.013000 0.059210 0.040597
v -0.013000 0.060125 0.041793
v -0.013000 0.058618 0.041138
v -0.013000 0.059668 0.042250
v -0.013000 0.057926 0.041681
v -0.013000 0.057500 0.041828
v -0.013000 0.059500 0.042875
v -0.013000 0.059668 0.043500
v -0.013000 0.060125 0.043958
v -0.013000 0.059013 0.045007
v -0.013000 0.057500 0.043922
v -0.013000 0.057926 0.044069
v -0.013000 0.058618 0.044612
v -0.013000 0.060750 0.044125
v -0.013000 0.059692 0.046080
v -0.013000 0.059556 0.045699
v -0.013000 0.061375 0.043958
v -0.013000 0.061944 0.045699
v -0.013000 0.061808 0.046080
v -0.013000 0.063500 0.042875
v -0.013000 0.063475 0.043244
v -0.013000 0.061832 0.043500
v -0.013000 0.063028 0.044415
v -0.013000 0.062487 0.045007
v -0.016500 -0.066525 0.023616
v -0.016500 -0.065766 0.024110
v -0.016500 -0.065400 0.023315
v -0.016500 -0.065400 0.024065
v -0.016500 -0.064275 0.023616
v -0.016500 -0.066525 0.027514
v -0.016500 -0.066412 0.026672
v -0.016500 -0.067349 0.026690
v -0.016500 -0.066816 0.026060
v -0.016500 -0.067650 0.025565
v -0.016500 -0.066900 0.025565
v -0.016500 -0.067349 0.024440
v -0.016500 -0.066816 0.025070
v -0.016500 -0.066412 0.024458
v -0.016500 -0.065034 0.024110
v -0.016500 -0.064388 0.024458
v -0.016500 -0.063451 0.024440
v -0.016500 -0.063984 0.025070
v -0.016500 -0.063150 0.025565
v -0.016500 -0.063900 0.025565
v -0.016500 -0.063451 0.026690
v -0.016500 -0.063984 0.026060
v -0.016500 -0.064275 0.027514
v -0.016500 -0.064388 0.026672
v -0.016500 -0.065034 0.027020
v -0.016500 -0.065400 0.027815
v -0.016500 -0.065400 0.027065
v -0.016500 -0.065766 0.027020
v -0.016500 0.064275 0.023616
v -0.016500 0.065034 0.024110
v -0.016500 0.065400 0.023315
v -0.016500 0.065400 0.024065
v -0.016500 0.066525 0.023616
v -0.016500 0.064275 0.027514
v -0.016500 0.064388 0.026672
v -0.016500 0.063451 0.026690
v -0.016500 0.063984 0.026060
v -0.016500 0.063150 0.025565
v -0.016500 0.063900 0.025565
v -0.016500 0.063451 0.024440
v -0.016500 0.063984 0.025070
v -0.016500 0.064388 0.024458
v -0.016500 0.065766 0.024110
v -0.016500 0.066412 0.024458
v -0.016500 0.067349 0.024440
v -0.016500 0.066816 0.025070
v -0.016500 0.067650 0.025565
v -0.016500 0.066900 0.025565
v -0.016500 0.067349 0.026690
v -0.016500 0.066816 0.026060
v -0.016500 0.066525 0.027514
v -0.016500 0.066412 0.026672
v -0.016500 0.065766 0.027020
v -0.016500 0.065400 0.027815
v -0.016500 0.065400 0.027065
v -0.016500 0.065034 0.027020
v -0.016500 0.064275 -0.023486
v -0.016500 0.064388 -0.024328
v -0.016500 0.063451 -0.024310
v -0.016500 0.063984 -0.024940
v -0.016500 0.063150 -0.025435
v -0.016500 0.063900 -0.025435
v -0.016500 0.063451 -0.026560
v -0.016500 0.063984 -0.025930
v -0.016500 0.064275 -0.027384
v -0.016500 0.064388 -0.026542
v -0.016500 0.065034 -0.026889
v -0.016500 0.065400 -0.027685
v -0.016500 0.065400 -0.026935
v -0.016500 0.066525 -0.027384
v -0.016500 0.065766 -0.026889
v -0.016500 0.066412 -0.026542
v -0.016500 0.067349 -0.026560
v -0.016500 0.066816 -0.025930
v -0.016500 0.067650 -0.025435
v -0.016500 0.066900 -0.025435
v -0.016500 0.067349 -0.024310
v -0.016500 0.066816 -0.024940
v -0.016500 0.066525 -0.023486
v -0.016500 0.066412 -0.024328
v -0.016500 0.065766 -0.023981
v -0.016500 0.065400 -0.023185
v -0.016500 0.065400 -0.023935
v -0.016500 0.065034 -0.023981
v -0.016500 -0.066525 -0.023486
v -0.016500 -0.066412 -0.024328
v -0.016500 -0.067349 -0.024310
v -0.016500 -0.066816 -0.024940
v -0.016500 -0.067650 -0.025435
v -0.016500 -0.066900 -0.025435
v -0.016500 -0.067349 -0.026560
v -0.016500 -0.066816 -0.025930
v -0.016500 -0.066525 -0.027384
v -0.016500 -0.064275 -0.023486
v -0.016500 -0.065034 -0.023981
v -0.016500 -0.065400 -0.023185
v -0.016500 -0.065400 -0.023935
v -0.016500 -0.065766 -0.023981
v -0.016500 -0.066412 -0.026542
v -0.016500 -0.065766 -0.026889
v -0.016500 -0.065400 -0.027685
v -0.016500 -0.065400 -0.026935
v -0.016500 -0.064275 -0.027384
v -0.016500 -0.065034 -0.026889
v -0.016500 -0.064388 -0.026542
v -0.016500 -0.063451 -0.026560
v -0.016500 -0.063984 -0.025930
v -0.016500 -0.063150 -0.025435
v -0.016500 -0.063900 -0.025435
v -0.016500 -0.063451 -0.024310
v -0.016500 -0.063984 -0.024940
v -0.016500 -0.064388 -0.024328
v -0.018500 -0.039000 0.062565
v -0.007500 -0.039000 0.062565
v -0.018500 0.039000 0.062565
v -0.007500 0.039000 0.062565
v -0.018750 -0.040067 0.064465
v -0.018912 -0.040217 0.064465
v -0.018691 -0.040217 0.065579
v -0.016000 -0.040146 0.067319
v -0.016000 -0.040058 0.067199
v -0.017046 -0.040058 0.066991
v -0.018933 -0.040250 0.064465
v -0.018996 -0.040436 0.064465
v -0.018768 -0.040436 0.065611
v -0.016000 -0.040327 0.067434
v -0.016000 -0.040217 0.067377
v -0.017114 -0.040217 0.067156
v -0.018996 -0.040436 0.064465
v -0.019000 -0.040500 0.064465
v -0.018768 -0.040436 0.065611
v -0.018772 -0.040500 0.065613
v -0.018768 -0.040436 0.065611
v -0.018772 -0.040500 0.065613
v -0.018118 -0.040436 0.066583
v -0.018121 -0.040500 0.066586
v -0.018118 -0.040436 0.066583
v -0.018121 -0.040500 0.066586
v -0.017146 -0.040436 0.067233
v -0.017148 -0.040500 0.067237
v -0.017146 -0.040436 0.067233
v -0.017148 -0.040500 0.067237
v -0.016000 -0.040436 0.067461
v -0.016000 -0.040500 0.067465
v -0.018912 -0.040217 0.064465
v -0.018933 -0.040250 0.064465
v -0.018691 -0.040217 0.065579
v -0.018691 -0.040217 0.065579
v -0.018933 -0.040250 0.064465
v -0.018768 -0.040436 0.065611
v -0.018691 -0.040217 0.065579
v -0.018768 -0.040436 0.065611
v -0.018059 -0.040217 0.066524
v -0.018118 -0.040436 0.066583
v -0.018059 -0.040217 0.066524
v -0.018118 -0.040436 0.066583
v -0.017114 -0.040217 0.067156
v -0.017146 -0.040436 0.067233
v -0.017114 -0.040217 0.067156
v -0.017146 -0.040436 0.067233
v -0.016000 -0.040327 0.067434
v -0.016000 -0.040327 0.067434
v -0.017146 -0.040436 0.067233
v -0.016000 -0.040436 0.067461
v -0.018734 -0.040058 0.064465
v -0.018750 -0.040067 0.064465
v -0.018526 -0.040058 0.065511
v -0.018526 -0.040058 0.065511
v -0.018750 -0.040067 0.064465
v -0.018691 -0.040217 0.065579
v -0.018526 -0.040058 0.065511
v -0.018691 -0.040217 0.065579
v -0.017933 -0.040058 0.066398
v -0.018059 -0.040217 0.066524
v -0.017933 -0.040058 0.066398
v -0.018059 -0.040217 0.066524
v -0.017046 -0.040058 0.066991
v -0.017114 -0.040217 0.067156
v -0.017046 -0.040058 0.066991
v -0.017114 -0.040217 0.067156
v -0.016000 -0.040146 0.067319
v -0.016000 -0.040146 0.067319
v -0.017114 -0.040217 0.067156
v -0.016000 -0.040217 0.067377
v -0.018500 -0.040000 0.064465
v -0.018734 -0.040058 0.064465
v -0.018310 -0.040000 0.065422
v -0.018526 -0.040058 0.065511
v -0.018310 -0.040000 0.065422
v -0.018526 -0.040058 0.065511
v -0.017768 -0.040000 0.066233
v -0.017933 -0.040058 0.066398
v -0.017768 -0.040000 0.066233
v -0.017933 -0.040058 0.066398
v -0.016957 -0.040000 0.066775
v -0.017046 -0.040058 0.066991
v -0.016957 -0.040000 0.066775
v -0.017046 -0.040058 0.066991
v -0.016000 -0.040000 0.066965
v -0.016000 -0.040058 0.067199
v -0.016000 -0.040500 0.067465
v -0.016000 -0.043895 0.067465
v -0.014091 -0.040500 0.067465
v -0.015436 -0.044211 0.067465
v -0.016000 -0.051105 0.067465
v -0.016000 -0.054500 0.067465
v -0.015436 -0.050789 0.067465
v -0.014091 -0.054500 0.067465
v -0.014996 -0.050185 0.067465
v -0.014996 -0.044815 0.067465
v -0.014868 -0.045449 0.067465
v -0.014868 -0.049551 0.067465
v -0.016448 -0.044450 0.066796
v -0.016194 -0.044497 0.066833
v -0.016525 -0.043819 0.067419
v -0.016525 -0.043819 0.067419
v -0.016194 -0.044497 0.066833
v -0.016000 -0.043895 0.067465
v -0.016448 -0.044450 0.066796
v -0.016525 -0.043819 0.067419
v -0.017510 -0.043778 0.067057
v -0.016448 -0.044450 0.066796
v -0.017510 -0.043778 0.067057
v -0.017225 -0.044410 0.066511
v -0.017225 -0.044410 0.066511
v -0.017510 -0.043778 0.067057
v -0.018300 -0.043745 0.066391
v -0.017225 -0.044410 0.066511
v -0.018300 -0.043745 0.066391
v -0.017848 -0.044377 0.065985
v -0.017848 -0.044377 0.065985
v -0.018300 -0.043745 0.066391
v -0.018842 -0.043723 0.065427
v -0.017848 -0.044377 0.065985
v -0.018842 -0.043723 0.065427
v -0.018276 -0.044354 0.065224
v -0.018276 -0.044354 0.065224
v -0.018842 -0.043723 0.065427
v -0.019000 -0.043717 0.064465
v -0.018401 -0.044348 0.064465
v -0.018401 -0.044348 0.064465
v -0.018401 -0.044348 0.062413
v -0.016448 -0.044450 0.062515
v -0.016448 -0.044450 0.066796
v -0.017225 -0.044410 0.066511
v -0.017848 -0.044377 0.065985
v -0.018276 -0.044354 0.065224
v -0.015500 -0.045449 0.066833
v -0.015500 -0.045449 0.062565
v -0.015500 -0.049551 0.066833
v -0.015500 -0.049551 0.062565
v -0.017174 -0.050588 0.066540
v -0.016448 -0.050550 0.066796
v -0.016448 -0.050550 0.062515
v -0.017848 -0.050623 0.065985
v -0.018256 -0.050644 0.065280
v -0.018401 -0.050652 0.064465
v -0.018401 -0.050652 0.062413
v -0.016000 -0.054673 0.067434
v -0.016000 -0.054500 0.067465
v -0.017148 -0.054500 0.067237
v -0.018933 -0.054750 0.064465
v -0.018780 -0.054914 0.064465
v -0.018568 -0.054914 0.065529
v -0.016000 -0.054854 0.067319
v -0.016000 -0.054737 0.067405
v -0.017125 -0.054737 0.067181
v -0.018750 -0.054933 0.064465
v -0.018561 -0.054996 0.064465
v -0.018366 -0.054996 0.065445
v -0.016000 -0.054969 0.067138
v -0.016000 -0.054914 0.067245
v -0.017064 -0.054914 0.067033
v -0.018561 -0.054996 0.064465
v -0.018500 -0.055000 0.064465
v -0.018366 -0.054996 0.065445
v -0.018310 -0.055000 0.065422
v -0.018366 -0.054996 0.065445
v -0.018310 -0.055000 0.065422
v -0.017811 -0.054996 0.066276
v -0.017768 -0.055000 0.066233
v -0.017811 -0.054996 0.066276
v -0.017768 -0.055000 0.066233
v -0.016980 -0.054996 0.066831
v -0.016957 -0.055000 0.066775
v -0.016980 -0.054996 0.066831
v -0.016957 -0.055000 0.066775
v -0.016000 -0.054996 0.067026
v -0.016000 -0.055000 0.066965
v -0.018780 -0.054914 0.064465
v -0.018750 -0.054933 0.064465
v -0.018568 -0.054914 0.065529
v -0.018568 -0.054914 0.065529
v -0.018750 -0.054933 0.064465
v -0.018366 -0.054996 0.065445
v -0.018568 -0.054914 0.065529
v -0.018366 -0.054996 0.065445
v -0.017966 -0.054914 0.066431
v -0.017811 -0.054996 0.066276
v -0.017966 -0.054914 0.066431
v -0.017811 -0.054996 0.066276
v -0.017064 -0.054914 0.067033
v -0.016980 -0.054996 0.066831
v -0.017064 -0.054914 0.067033
v -0.016980 -0.054996 0.066831
v -0.016000 -0.054969 0.067138
v -0.016000 -0.054969 0.067138
v -0.016980 -0.054996 0.066831
v -0.016000 -0.054996 0.067026
v -0.018940 -0.054737 0.064465
v -0.018933 -0.054750 0.064465
v -0.018716 -0.054737 0.065590
v -0.018716 -0.054737 0.065590
v -0.018933 -0.054750 0.064465
v -0.018568 -0.054914 0.065529
v -0.018716 -0.054737 0.065590
v -0.018568 -0.054914 0.065529
v -0.018079 -0.054737 0.066544
v -0.017966 -0.054914 0.066431
v -0.018079 -0.054737 0.066544
v -0.017966 -0.054914 0.066431
v -0.017125 -0.054737 0.067181
v -0.017064 -0.054914 0.067033
v -0.017125 -0.054737 0.067181
v -0.017064 -0.054914 0.067033
v -0.016000 -0.054854 0.067319
v -0.016000 -0.054854 0.067319
v -0.017064 -0.054914 0.067033
v -0.016000 -0.054914 0.067245
v -0.019000 -0.054500 0.064465
v -0.018940 -0.054737 0.064465
v -0.018772 -0.054500 0.065613
v -0.018716 -0.054737 0.065590
v -0.018772 -0.054500 0.065613
v -0.018716 -0.054737 0.065590
v -0.018121 -0.054500 0.066586
v -0.018079 -0.054737 0.066544
v -0.018121 -0.054500 0.066586
v -0.018079 -0.054737 0.066544
v -0.017148 -0.054500 0.067237
v -0.017125 -0.054737 0.067181
v -0.017148 -0.054500 0.067237
v -0.017125 -0.054737 0.067181
v -0.016000 -0.054673 0.067434
v -0.016000 -0.054673 0.067434
v -0.017125 -0.054737 0.067181
v -0.016000 -0.054737 0.067405
v -0.018401 -0.050652 0.064465
v -0.019000 -0.051283 0.064465
v -0.018817 -0.051276 0.065497
v -0.018256 -0.050644 0.065280
v -0.018256 -0.050644 0.065280
v -0.018817 -0.051276 0.065497
v -0.018300 -0.051254 0.066391
v -0.018256 -0.050644 0.065280
v -0.018300 -0.051254 0.066391
v -0.017848 -0.050623 0.065985
v -0.017848 -0.050623 0.065985
v -0.018300 -0.051254 0.066391
v -0.017445 -0.051219 0.067094
v -0.017174 -0.050588 0.066540
v -0.017174 -0.050588 0.066540
v -0.017445 -0.051219 0.067094
v -0.016525 -0.051181 0.067419
v -0.017174 -0.050588 0.066540
v -0.016525 -0.051181 0.067419
v -0.016448 -0.050550 0.066796
v -0.016194 -0.050503 0.066833
v -0.016448 -0.050550 0.066796
v -0.016000 -0.051105 0.067465
v -0.016000 -0.051105 0.067465
v -0.016448 -0.050550 0.066796
v -0.016525 -0.051181 0.067419
v -0.018500 -0.061672 0.062565
v -0.007500 -0.061672 0.062565
v -0.018500 -0.056000 0.062565
v -0.007500 -0.056000 0.062565
v -0.007500 -0.066914 0.058151
v -0.007500 -0.063086 0.061979
v -0.018500 -0.066914 0.058151
v -0.018500 -0.063086 0.061979
v -0.007500 -0.067500 0.030893
v -0.007500 -0.067500 0.056737
v -0.018500 -0.067500 0.030893
v -0.018500 -0.067500 0.056737
v -0.007500 -0.069914 0.027651
v -0.007500 -0.068086 0.029479
v -0.018500 -0.069914 0.027651
v -0.018500 -0.068086 0.029479
v -0.007500 -0.070500 -0.026107
v -0.007500 -0.070500 0.026237
v -0.018500 -0.070500 -0.026107
v -0.018500 -0.070500 0.026237
v -0.007500 -0.068086 -0.029349
v -0.007500 -0.069914 -0.027521
v -0.018500 -0.068086 -0.029349
v -0.018500 -0.069914 -0.027521
v -0.007500 -0.067500 -0.056607
v -0.007500 -0.067500 -0.030763
v -0.018500 -0.067500 -0.056607
v -0.018500 -0.067500 -0.030763
v -0.007500 -0.063086 -0.061849
v -0.007500 -0.066914 -0.058021
v -0.018500 -0.063086 -0.061849
v -0.018500 -0.066914 -0.058021
v -0.007500 0.061672 -0.062435
v -0.007500 -0.061672 -0.062435
v -0.018500 0.061672 -0.062435
v -0.018500 -0.061672 -0.062435
v -0.007500 0.066914 -0.058021
v -0.007500 0.063086 -0.061849
v -0.018500 0.066914 -0.058021
v -0.018500 0.063086 -0.061849
v -0.007500 0.067500 -0.030763
v -0.007500 0.067500 -0.056607
v -0.018500 0.067500 -0.030763
v -0.018500 0.067500 -0.056607
v -0.007500 0.068086 -0.029349
v -0.018500 0.068086 -0.029349
v -0.007500 0.069914 -0.027521
v -0.018500 0.069914 -0.027521
v -0.007500 0.070500 -0.026107
v -0.018500 0.070500 -0.026107
v -0.007500 0.070500 0.026237
v -0.018500 0.070500 0.026237
v -0.007500 0.069914 0.027651
v -0.018500 0.069914 0.027651
v -0.007500 0.068086 0.029479
v -0.018500 0.068086 0.029479
v -0.007500 0.067500 0.056737
v -0.007500 0.067500 0.030893
v -0.018500 0.067500 0.056737
v -0.018500 0.067500 0.030893
v -0.007500 0.063086 0.061979
v -0.007500 0.066914 0.058151
v -0.018500 0.063086 0.061979
v -0.018500 0.066914 0.058151
v -0.007500 0.061672 0.062565
v -0.018500 0.061672 0.062565
v -0.007500 0.056000 0.062565
v -0.018500 0.056000 0.062565
v -0.018750 0.054933 0.064465
v -0.018912 0.054783 0.064465
v -0.018691 0.054783 0.065579
v -0.016000 0.054854 0.067319
v -0.016000 0.054942 0.067199
v -0.017046 0.054942 0.066991
v -0.018933 0.054750 0.064465
v -0.018996 0.054564 0.064465
v -0.018768 0.054564 0.065611
v -0.016000 0.054673 0.067434
v -0.016000 0.054783 0.067377
v -0.017114 0.054783 0.067156
v -0.018996 0.054564 0.064465
v -0.019000 0.054500 0.064465
v -0.018768 0.054564 0.065611
v -0.018772 0.054500 0.065613
v -0.018768 0.054564 0.065611
v -0.018772 0.054500 0.065613
v -0.018118 0.054564 0.066583
v -0.018121 0.054500 0.066586
v -0.018118 0.054564 0.066583
v -0.018121 0.054500 0.066586
v -0.017146 0.054564 0.067233
v -0.017148 0.054500 0.067237
v -0.017146 0.054564 0.067233
v -0.017148 0.054500 0.067237
v -0.016000 0.054564 0.067461
v -0.016000 0.054500 0.067465
v -0.018912 0.054783 0.064465
v -0.018933 0.054750 0.064465
v -0.018691 0.054783 0.065579
v -0.018691 0.054783 0.065579
v -0.018933 0.054750 0.064465
v -0.018768 0.054564 0.065611
v -0.018691 0.054783 0.065579
v -0.018768 0.054564 0.065611
v -0.018059 0.054783 0.066524
v -0.018118 0.054564 0.066583
v -0.018059 0.054783 0.066524
v -0.018118 0.054564 0.066583
v -0.017114 0.054783 0.067156
v -0.017146 0.054564 0.067233
v -0.017114 0.054783 0.067156
v -0.017146 0.054564 0.067233
v -0.016000 0.054673 0.067434
v -0.016000 0.054673 0.067434
v -0.017146 0.054564 0.067233
v -0.016000 0.054564 0.067461
v -0.018734 0.054942 0.064465
v -0.018750 0.054933 0.064465
v -0.018526 0.054942 0.065511
v -0.018526 0.054942 0.065511
v -0.018750 0.054933 0.064465
v -0.018691 0.054783 0.065579
v -0.018526 0.054942 0.065511
v -0.018691 0.054783 0.065579
v -0.017933 0.054942 0.066398
v -0.018059 0.054783 0.066524
v -0.017933 0.054942 0.066398
v -0.018059 0.054783 0.066524
v -0.017046 0.054942 0.066991
v -0.017114 0.054783 0.067156
v -0.017046 0.054942 0.066991
v -0.017114 0.054783 0.067156
v -0.016000 0.054854 0.067319
v -0.016000 0.054854 0.067319
v -0.017114 0.054783 0.067156
v -0.016000 0.054783 0.067377
v -0.018500 0.055000 0.064465
v -0.018734 0.054942 0.064465
v -0.018310 0.055000 0.065422
v -0.018526 0.054942 0.065511
v -0.018310 0.055000 0.065422
v -0.018526 0.054942 0.065511
v -0.017768 0.055000 0.066233
v -0.017933 0.054942 0.066398
v -0.017768 0.055000 0.066233
v -0.017933 0.054942 0.066398
v -0.016957 0.055000 0.066775
v -0.017046 0.054942 0.066991
v -0.016957 0.055000 0.066775
v -0.017046 0.054942 0.066991
v -0.016000 0.055000 0.066965
v -0.016000 0.054942 0.067199
v -0.016000 0.054500 0.067465
v -0.016000 0.051105 0.067465
v -0.014091 0.054500 0.067465
v -0.015436 0.050789 0.067465
v -0.016000 0.043895 0.067465
v -0.016000 0.040500 0.067465
v -0.015436 0.044211 0.067465
v -0.014091 0.040500 0.067465
v -0.014996 0.044815 0.067465
v -0.014996 0.050185 0.067465
v -0.014868 0.049551 0.067465
v -0.014868 0.045449 0.067465
v -0.016448 0.050550 0.066796
v -0.016194 0.050503 0.066833
v -0.016525 0.051181 0.067419
v -0.016525 0.051181 0.067419
v -0.016194 0.050503 0.066833
v -0.016000 0.051105 0.067465
v -0.016448 0.050550 0.066796
v -0.016525 0.051181 0.067419
v -0.017510 0.051222 0.067057
v -0.016448 0.050550 0.066796
v -0.017510 0.051222 0.067057
v -0.017225 0.050590 0.066511
v -0.017225 0.050590 0.066511
v -0.017510 0.051222 0.067057
v -0.018300 0.051254 0.066391
v -0.017225 0.050590 0.066511
v -0.018300 0.051254 0.066391
v -0.017848 0.050623 0.065985
v -0.017848 0.050623 0.065985
v -0.018300 0.051254 0.066391
v -0.018842 0.051277 0.065427
v -0.017848 0.050623 0.065985
v -0.018842 0.051277 0.065427
v -0.018276 0.050646 0.065224
v -0.018276 0.050646 0.065224
v -0.018842 0.051277 0.065427
v -0.019000 0.051283 0.064465
v -0.018401 0.050652 0.064465
v -0.018401 0.050652 0.064465
v -0.018401 0.050652 0.062413
v -0.016448 0.050550 0.062515
v -0.016448 0.050550 0.066796
v -0.017225 0.050590 0.066511
v -0.017848 0.050623 0.065985
v -0.018276 0.050646 0.065224
v -0.015500 0.049551 0.066833
v -0.015500 0.049551 0.062565
v -0.015500 0.045449 0.066833
v -0.015500 0.045449 0.062565
v -0.017174 0.044412 0.066540
v -0.016448 0.044450 0.066796
v -0.016448 0.044450 0.062515
v -0.017848 0.044377 0.065985
v -0.018256 0.044356 0.065280
v -0.018401 0.044348 0.064465
v -0.018401 0.044348 0.062413
v -0.018933 0.040250 0.064465
v -0.018780 0.040086 0.064465
v -0.018568 0.040086 0.065529
v -0.016000 0.040146 0.067319
v -0.016000 0.040263 0.067405
v -0.017125 0.040263 0.067181
v -0.018750 0.040067 0.064465
v -0.018561 0.040004 0.064465
v -0.018366 0.040004 0.065445
v -0.016000 0.040031 0.067138
v -0.016000 0.040086 0.067245
v -0.017064 0.040086 0.067033
v -0.018561 0.040004 0.064465
v -0.018500 0.040000 0.064465
v -0.018366 0.040004 0.065445
v -0.018310 0.040000 0.065422
v -0.018366 0.040004 0.065445
v -0.018310 0.040000 0.065422
v -0.017811 0.040004 0.066276
v -0.017768 0.040000 0.066233
v -0.017811 0.040004 0.066276
v -0.017768 0.040000 0.066233
v -0.016980 0.040004 0.066831
v -0.016957 0.040000 0.066775
v -0.016980 0.040004 0.066831
v -0.016957 0.040000 0.066775
v -0.016000 0.040004 0.067026
v -0.016000 0.040000 0.066965
v -0.018780 0.040086 0.064465
v -0.018750 0.040067 0.064465
v -0.018568 0.040086 0.065529
v -0.018568 0.040086 0.065529
v -0.018750 0.040067 0.064465
v -0.018366 0.040004 0.065445
v -0.018568 0.040086 0.065529
v -0.018366 0.040004 0.065445
v -0.017966 0.040086 0.066431
v -0.017811 0.040004 0.066276
v -0.017966 0.040086 0.066431
v -0.017811 0.040004 0.066276
v -0.017064 0.040086 0.067033
v -0.016980 0.040004 0.066831
v -0.017064 0.040086 0.067033
v -0.016980 0.040004 0.066831
v -0.016000 0.040031 0.067138
v -0.016000 0.040031 0.067138
v -0.016980 0.040004 0.066831
v -0.016000 0.040004 0.067026
v -0.018940 0.040263 0.064465
v -0.018933 0.040250 0.064465
v -0.018716 0.040263 0.065590
v -0.018716 0.040263 0.065590
v -0.018933 0.040250 0.064465
v -0.018568 0.040086 0.065529
v -0.018716 0.040263 0.065590
v -0.018568 0.040086 0.065529
v -0.018079 0.040263 0.066544
v -0.017966 0.040086 0.066431
v -0.018079 0.040263 0.066544
v -0.017966 0.040086 0.066431
v -0.017125 0.040263 0.067181
v -0.017064 0.040086 0.067033
v -0.017125 0.040263 0.067181
v -0.017064 0.040086 0.067033
v -0.016000 0.040146 0.067319
v -0.016000 0.040146 0.067319
v -0.017064 0.040086 0.067033
v -0.016000 0.040086 0.067245
v -0.019000 0.040500 0.064465
v -0.018940 0.040263 0.064465
v -0.018772 0.040500 0.065613
v -0.018716 0.040263 0.065590
v -0.018772 0.040500 0.065613
v -0.018716 0.040263 0.065590
v -0.018121 0.040500 0.066586
v -0.018079 0.040263 0.066544
v -0.018121 0.040500 0.066586
v -0.018079 0.040263 0.066544
v -0.017148 0.040500 0.067237
v -0.017125 0.040263 0.067181
v -0.017148 0.040500 0.067237
v -0.017125 0.040263 0.067181
v -0.016000 0.040500 0.067465
v -0.016000 0.040263 0.067405
v -0.018401 0.044348 0.064465
v -0.019000 0.043717 0.064465
v -0.018817 0.043724 0.065497
v -0.018256 0.044356 0.065280
v -0.018256 0.044356 0.065280
v -0.018817 0.043724 0.065497
v -0.018300 0.043745 0.066391
v -0.018256 0.044356 0.065280
v -0.018300 0.043745 0.066391
v -0.017848 0.044377 0.065985
v -0.017848 0.044377 0.065985
v -0.018300 0.043745 0.066391
v -0.017445 0.043781 0.067094
v -0.017174 0.044412 0.066540
v -0.017174 0.044412 0.066540
v -0.017445 0.043781 0.067094
v -0.016525 0.043819 0.067419
v -0.017174 0.044412 0.066540
v -0.016525 0.043819 0.067419
v -0.016448 0.044450 0.066796
v -0.016194 0.044497 0.066833
v -0.016448 0.044450 0.066796
v -0.016000 0.043895 0.067465
v -0.016000 0.043895 0.067465
v -0.016448 0.044450 0.066796
v -0.016525 0.043819 0.067419
v -0.013200 -0.040500 0.015315
v -0.011700 -0.040552 0.015315
v -0.011700 -0.040606 0.015002
v -0.013200 -0.040556 0.014985
v -0.013200 -0.040556 0.014985
v -0.011700 -0.040606 0.015002
v -0.011700 -0.040861 0.014616
v -0.013200 -0.040825 0.014577
v -0.013200 -0.040825 0.014577
v -0.011700 -0.040861 0.014616
v -0.011700 -0.041269 0.014396
v -0.013200 -0.041256 0.014345
v -0.013200 -0.041256 0.014345
v -0.011700 -0.041269 0.014396
v -0.011700 -0.041731 0.014396
v -0.013200 -0.041744 0.014345
v -0.013200 -0.041744 0.014345
v -0.011700 -0.041731 0.014396
v -0.011700 -0.042139 0.014616
v -0.013200 -0.042175 0.014577
v -0.013200 -0.042175 0.014577
v -0.011700 -0.042139 0.014616
v -0.011700 -0.042394 0.015002
v -0.013200 -0.042444 0.014985
v -0.013200 -0.042444 0.014985
v -0.011700 -0.042394 0.015002
v -0.011700 -0.042448 0.015315
v -0.013200 -0.042500 0.015315
v -0.013200 -0.052500 0.015315
v -0.011700 -0.052552 0.015315
v -0.011700 -0.052606 0.015002
v -0.013200 -0.052556 0.014985
v -0.013200 -0.052556 0.014985
v -0.011700 -0.052606 0.015002
v -0.011700 -0.052861 0.014616
v -0.013200 -0.052825 0.014577
v -0.013200 -0.052825 0.014577
v -0.011700 -0.052861 0.014616
v -0.011700 -0.053268 0.014396
v -0.013200 -0.053256 0.014345
v -0.013200 -0.053256 0.014345
v -0.011700 -0.053268 0.014396
v -0.011700 -0.053732 0.014396
v -0.013200 -0.053744 0.014345
v -0.013200 -0.053744 0.014345
v -0.011700 -0.053732 0.014396
v -0.011700 -0.054139 0.014616
v -0.013200 -0.054175 0.014577
v -0.013200 -0.054175 0.014577
v -0.011700 -0.054139 0.014616
v -0.011700 -0.054394 0.015002
v -0.013200 -0.054444 0.014985
v -0.013200 -0.054444 0.014985
v -0.011700 -0.054394 0.015002
v -0.011700 -0.054448 0.015315
v -0.013200 -0.054500 0.015315
v -0.013200 -0.055200 0.003065
v -0.015700 -0.055200 0.003065
v -0.013200 -0.055200 0.012065
v -0.015700 -0.055200 0.012065
v -0.015700 -0.055200 0.003065
v -0.013200 -0.055200 0.003065
v -0.015700 -0.055074 0.002368
v -0.013200 -0.055074 0.002368
v -0.015700 -0.055074 0.002368
v -0.013200 -0.055074 0.002368
v -0.015700 -0.054605 0.001642
v -0.013200 -0.054605 0.001642
v -0.015700 -0.054605 0.001642
v -0.013200 -0.054605 0.001642
v -0.015700 -0.053874 0.001182
v -0.013200 -0.053874 0.001182
v -0.015700 -0.053874 0.001182
v -0.013200 -0.053874 0.001182
v -0.015700 -0.053194 0.001070
v -0.015700 -0.053194 0.001070
v -0.013200 -0.053874 0.001182
v -0.013200 -0.053200 0.001065
v -0.015700 -0.041806 0.001070
v -0.013200 -0.041800 0.001065
v -0.015700 -0.041122 0.001183
v -0.015700 -0.041122 0.001183
v -0.013200 -0.041800 0.001065
v -0.013200 -0.041122 0.001183
v -0.015700 -0.041122 0.001183
v -0.013200 -0.041122 0.001183
v -0.015700 -0.040388 0.001649
v -0.013200 -0.040388 0.001649
v -0.015700 -0.040388 0.001649
v -0.013200 -0.040388 0.001649
v -0.015700 -0.039921 0.002381
v -0.013200 -0.039921 0.002381
v -0.015700 -0.039921 0.002381
v -0.013200 -0.039921 0.002381
v -0.015700 -0.039800 0.003065
v -0.013200 -0.039800 0.003065
v -0.015700 -0.039800 0.003065
v -0.013200 -0.039800 0.003065
v -0.015700 -0.039800 0.012065
v -0.013200 -0.039800 0.012065
v -0.015700 -0.039800 0.012065
v -0.013200 -0.039800 0.012065
v -0.015700 -0.039921 0.012749
v -0.013200 -0.039921 0.012749
v -0.015700 -0.039921 0.012749
v -0.013200 -0.039921 0.012749
v -0.015700 -0.040388 0.013481
v -0.013200 -0.040388 0.013481
v -0.015700 -0.040388 0.013481
v -0.013200 -0.040388 0.013481
v -0.015700 -0.041122 0.013946
v -0.013200 -0.041122 0.013946
v -0.015700 -0.041122 0.013946
v -0.013200 -0.041122 0.013946
v -0.015700 -0.041806 0.014060
v -0.015700 -0.041806 0.014060
v -0.013200 -0.041122 0.013946
v -0.013200 -0.041800 0.014065
v -0.015700 -0.053194 0.014060
v -0.013200 -0.053200 0.014065
v -0.015700 -0.053878 0.013946
v -0.015700 -0.053878 0.013946
v -0.013200 -0.053200 0.014065
v -0.013200 -0.053878 0.013946
v -0.015700 -0.053878 0.013946
v -0.013200 -0.053878 0.013946
v -0.015700 -0.054612 0.013481
v -0.013200 -0.054612 0.013481
v -0.015700 -0.054612 0.013481
v -0.013200 -0.054612 0.013481
v -0.015700 -0.055080 0.012749
v -0.013200 -0.055080 0.012749
v -0.015700 -0.055080 0.012749
v -0.013200 -0.055080 0.012749
v -0.015700 -0.055200 0.012065
v -0.013200 -0.055200 0.012065
v -0.017500 -0.040500 0.016715
v -0.013200 -0.040500 0.016565
v -0.013200 -0.039808 0.016441
v -0.017500 -0.039756 0.016582
v -0.017500 -0.039756 0.016582
v -0.013200 -0.039808 0.016441
v -0.013200 -0.039086 0.015979
v -0.017500 -0.038980 0.016085
v -0.017500 -0.038980 0.016085
v -0.013200 -0.039086 0.015979
v -0.013200 -0.038624 0.015257
v -0.017500 -0.038483 0.015309
v -0.017500 -0.038483 0.015309
v -0.013200 -0.038624 0.015257
v -0.013200 -0.038500 0.014565
v -0.017500 -0.038350 0.014565
v -0.013200 -0.038500 0.000565
v -0.017500 -0.038350 0.000565
v -0.013200 -0.038500 0.014190
v -0.017500 -0.038350 0.014565
v -0.013200 -0.038500 0.014565
v -0.013200 -0.039808 -0.001311
v -0.013200 -0.040500 -0.001435
v -0.017500 -0.040500 -0.001585
v -0.017500 -0.039756 -0.001452
v -0.013200 -0.039808 -0.001311
v -0.017500 -0.039756 -0.001452
v -0.017500 -0.038980 -0.000955
v -0.013200 -0.039086 -0.000849
v -0.013200 -0.039086 -0.000849
v -0.017500 -0.038980 -0.000955
v -0.017500 -0.038483 -0.000179
v -0.013200 -0.038624 -0.000127
v -0.013200 -0.038624 -0.000127
v -0.017500 -0.038483 -0.000179
v -0.017500 -0.038350 0.000565
v -0.013200 -0.038500 0.000565
v -0.017500 -0.040500 -0.001585
v -0.013200 -0.040500 -0.001435
v -0.017500 -0.043000 -0.001585
v -0.013200 -0.043000 -0.001435
v -0.016000 -0.043220 -0.001549
v -0.013200 -0.043217 -0.001451
v -0.016000 -0.043952 -0.001595
v -0.016000 -0.043952 -0.001595
v -0.013200 -0.043217 -0.001451
v -0.013200 -0.043977 -0.001501
v -0.016000 -0.043952 -0.001595
v -0.013200 -0.043977 -0.001501
v -0.016000 -0.044716 -0.001998
v -0.013200 -0.044780 -0.001925
v -0.016000 -0.044716 -0.001998
v -0.013200 -0.044780 -0.001925
v -0.016000 -0.045173 -0.002590
v -0.013200 -0.045261 -0.002546
v -0.016000 -0.045762 -0.003366
v -0.016000 -0.045173 -0.002590
v -0.013200 -0.045261 -0.002546
v -0.013200 -0.049172 -0.003293
v -0.013200 -0.049739 -0.002546
v -0.016000 -0.049827 -0.002590
v -0.013200 -0.045828 -0.003293
v -0.016000 -0.045762 -0.003366
v -0.013200 -0.045828 -0.003293
v -0.013200 -0.046895 -0.003861
v -0.016000 -0.046872 -0.003956
v -0.016000 -0.046872 -0.003956
v -0.013200 -0.046895 -0.003861
v -0.013200 -0.048105 -0.003861
v -0.016000 -0.048128 -0.003956
v -0.016000 -0.048128 -0.003956
v -0.013200 -0.048105 -0.003861
v -0.013200 -0.049172 -0.003293
v -0.016000 -0.049238 -0.003366
v -0.016000 -0.049238 -0.003366
v -0.016000 -0.049827 -0.002590
v -0.013200 -0.049739 -0.002546
v -0.016000 -0.050284 -0.001998
v -0.013200 -0.050220 -0.001925
v -0.016000 -0.050284 -0.001998
v -0.013200 -0.050220 -0.001925
v -0.016000 -0.051048 -0.001595
v -0.013200 -0.051023 -0.001501
v -0.016000 -0.051048 -0.001595
v -0.013200 -0.051023 -0.001501
v -0.016000 -0.051780 -0.001549
v -0.016000 -0.051780 -0.001549
v -0.013200 -0.051023 -0.001501
v -0.013200 -0.051782 -0.001451
v -0.017500 -0.052000 -0.001585
v -0.013200 -0.052000 -0.001435
v -0.017500 -0.054500 -0.001585
v -0.013200 -0.054500 -0.001435
v -0.017500 -0.054500 -0.001585
v -0.013200 -0.054500 -0.001435
v -0.013200 -0.055192 -0.001311
v -0.017500 -0.055244 -0.001452
v -0.017500 -0.055244 -0.001452
v -0.013200 -0.055192 -0.001311
v -0.013200 -0.055914 -0.000849
v -0.017500 -0.056020 -0.000955
v -0.017500 -0.056020 -0.000955
v -0.013200 -0.055914 -0.000849
v -0.013200 -0.056376 -0.000127
v -0.017500 -0.056517 -0.000179
v -0.017500 -0.056517 -0.000179
v -0.013200 -0.056376 -0.000127
v -0.013200 -0.056500 0.000565
v -0.017500 -0.056650 0.000565
v -0.017500 -0.056650 0.000565
v -0.013200 -0.056500 0.000565
v -0.017500 -0.056650 0.014565
v -0.013200 -0.056500 0.014190
v -0.013200 -0.056500 0.014565
v -0.017500 -0.056650 0.014565
v -0.013200 -0.056500 0.014565
v -0.013200 -0.056376 0.015257
v -0.017500 -0.056517 0.015309
v -0.017500 -0.056517 0.015309
v -0.013200 -0.056376 0.015257
v -0.013200 -0.055914 0.015979
v -0.017500 -0.056020 0.016085
v -0.017500 -0.056020 0.016085
v -0.013200 -0.055914 0.015979
v -0.013200 -0.055192 0.016441
v -0.017500 -0.055244 0.016582
v -0.017500 -0.055244 0.016582
v -0.013200 -0.055192 0.016441
v -0.013200 -0.054500 0.016565
v -0.017500 -0.054500 0.016715
v -0.017500 -0.052500 0.016715
v -0.017500 -0.054500 0.016715
v -0.016000 -0.052500 0.016663
v -0.013200 -0.054500 0.016565
v -0.016000 -0.051531 0.016663
v -0.013200 -0.051531 0.016565
v -0.016000 -0.051531 0.016663
v -0.013200 -0.051531 0.016565
v -0.016000 -0.050876 0.016779
v -0.013200 -0.050842 0.016687
v -0.016000 -0.050876 0.016779
v -0.013200 -0.050842 0.016687
v -0.016000 -0.050223 0.017184
v -0.013200 -0.050155 0.017113
v -0.016000 -0.050223 0.017184
v -0.013200 -0.050155 0.017113
v -0.016000 -0.049827 0.017720
v -0.013200 -0.049739 0.017676
v -0.016000 -0.049238 0.018496
v -0.016000 -0.049827 0.017720
v -0.013200 -0.049739 0.017676
v -0.013200 -0.045828 0.018423
v -0.013200 -0.045261 0.017676
v -0.016000 -0.045173 0.017720
v -0.013200 -0.049172 0.018423
v -0.016000 -0.049238 0.018496
v -0.013200 -0.049172 0.018423
v -0.013200 -0.048105 0.018991
v -0.016000 -0.048128 0.019086
v -0.016000 -0.048128 0.019086
v -0.013200 -0.048105 0.018991
v -0.013200 -0.046895 0.018991
v -0.016000 -0.046872 0.019086
v -0.016000 -0.046872 0.019086
v -0.013200 -0.046895 0.018991
v -0.013200 -0.045828 0.018423
v -0.016000 -0.045762 0.018496
v -0.016000 -0.045762 0.018496
v -0.016000 -0.044778 0.017184
v -0.016000 -0.045173 0.017720
v -0.013200 -0.045261 0.017676
v -0.013200 -0.043469 0.016565
v -0.016000 -0.043469 0.016663
v -0.013200 -0.044158 0.016687
v -0.016000 -0.044124 0.016779
v -0.013200 -0.044158 0.016687
v -0.016000 -0.044124 0.016779
v -0.013200 -0.044509 0.016857
v -0.013200 -0.044509 0.016857
v -0.016000 -0.044124 0.016779
v -0.016000 -0.044778 0.017184
v -0.013200 -0.044509 0.016857
v -0.016000 -0.044778 0.017184
v -0.013200 -0.044845 0.017113
v -0.013200 -0.044845 0.017113
v -0.016000 -0.043469 0.016663
v -0.013200 -0.043469 0.016565
v -0.016000 -0.042500 0.016663
v -0.013200 -0.040500 0.016565
v -0.017500 -0.042500 0.016715
v -0.017500 -0.040500 0.016715
v -0.015700 0.041308 0.013941
v -0.015700 0.041806 0.014060
v -0.015700 0.041126 0.013948
v -0.015700 0.040586 0.013479
v -0.015700 0.040394 0.013488
v -0.015700 0.040124 0.012757
v -0.015700 0.039926 0.012762
v -0.015700 0.040000 0.012065
v -0.015700 0.039800 0.012065
v -0.015700 0.040000 0.003065
v -0.015700 0.039800 0.003065
v -0.015700 0.040124 0.002373
v -0.015700 0.039921 0.002381
v -0.015700 0.040586 0.001651
v -0.015700 0.040388 0.001649
v -0.015700 0.041308 0.001189
v -0.015700 0.041122 0.001183
v -0.015700 0.041806 0.001070
v -0.015700 0.055200 0.012065
v -0.013200 0.055200 0.012065
v -0.015700 0.055080 0.012749
v -0.013200 0.055080 0.012749
v -0.015700 0.055080 0.012749
v -0.013200 0.055080 0.012749
v -0.015700 0.054612 0.013481
v -0.013200 0.054612 0.013481
v -0.015700 0.054612 0.013481
v -0.013200 0.054612 0.013481
v -0.015700 0.053878 0.013946
v -0.013200 0.053878 0.013946
v -0.015700 0.053878 0.013946
v -0.013200 0.053878 0.013946
v -0.015700 0.053194 0.014060
v -0.015700 0.053194 0.014060
v -0.013200 0.053878 0.013946
v -0.013200 0.053200 0.014065
v -0.015700 0.041806 0.014060
v -0.013200 0.041800 0.014065
v -0.015700 0.041126 0.013948
v -0.015700 0.041126 0.013948
v -0.013200 0.041800 0.014065
v -0.013200 0.041126 0.013948
v -0.015700 0.041126 0.013948
v -0.013200 0.041126 0.013948
v -0.015700 0.040394 0.013488
v -0.013200 0.040394 0.013488
v -0.015700 0.040394 0.013488
v -0.013200 0.040394 0.013488
v -0.015700 0.039926 0.012762
v -0.013200 0.039926 0.012762
v -0.015700 0.039926 0.012762
v -0.013200 0.039926 0.012762
v -0.015700 0.039800 0.012065
v -0.013200 0.039800 0.012065
v -0.015700 0.053696 0.001190
v -0.015700 0.053194 0.001070
v -0.015700 0.053878 0.001183
v -0.015700 0.054421 0.001657
v -0.015700 0.054612 0.001649
v -0.015700 0.054881 0.002386
v -0.015700 0.055080 0.002381
v -0.015700 0.055000 0.003065
v -0.015700 0.055200 0.003065
v -0.015700 0.055000 0.012065
v -0.015700 0.055200 0.012065
v -0.015700 0.054876 0.012757
v -0.015700 0.055080 0.012749
v -0.015700 0.054414 0.013479
v -0.015700 0.054612 0.013481
v -0.015700 0.053692 0.013941
v -0.015700 0.053878 0.013946
v -0.015700 0.053194 0.014060
v -0.015700 0.039800 0.003065
v -0.013200 0.039800 0.003065
v -0.015700 0.039921 0.002381
v -0.013200 0.039921 0.002381
v -0.015700 0.039921 0.002381
v -0.013200 0.039921 0.002381
v -0.015700 0.040388 0.001649
v -0.013200 0.040388 0.001649
v -0.015700 0.040388 0.001649
v -0.013200 0.040388 0.001649
v -0.015700 0.041122 0.001183
v -0.013200 0.041122 0.001183
v -0.015700 0.041122 0.001183
v -0.013200 0.041122 0.001183
v -0.015700 0.041806 0.001070
v -0.015700 0.041806 0.001070
v -0.013200 0.041122 0.001183
v -0.013200 0.041800 0.001065
v -0.015700 0.053194 0.001070
v -0.013200 0.053200 0.001065
v -0.015700 0.053878 0.001183
v -0.015700 0.053878 0.001183
v -0.013200 0.053200 0.001065
v -0.013200 0.053878 0.001183
v -0.015700 0.053878 0.001183
v -0.013200 0.053878 0.001183
v -0.015700 0.054612 0.001649
v -0.013200 0.054612 0.001649
v -0.015700 0.054612 0.001649
v -0.013200 0.054612 0.001649
v -0.015700 0.055080 0.002381
v -0.013200 0.055080 0.002381
v -0.015700 0.055080 0.002381
v -0.013200 0.055080 0.002381
v -0.015700 0.055200 0.003065
v -0.013200 0.055200 0.003065
v -0.015700 -0.053692 0.013941
v -0.015700 -0.053194 0.014060
v -0.015700 -0.053878 0.013946
v -0.015700 -0.054414 0.013479
v -0.015700 -0.054612 0.013481
v -0.015700 -0.054876 0.012757
v -0.015700 -0.055080 0.012749
v -0.015700 -0.055000 0.012065
v -0.015700 -0.055200 0.012065
v -0.015700 -0.055000 0.003065
v -0.015700 -0.055200 0.003065
v -0.015700 -0.054876 0.002373
v -0.015700 -0.055074 0.002368
v -0.015700 -0.054414 0.001651
v -0.015700 -0.054605 0.001642
v -0.015700 -0.053692 0.001189
v -0.015700 -0.053874 0.001182
v -0.015700 -0.053194 0.001070
v -0.015700 -0.041308 0.001189
v -0.015700 -0.041806 0.001070
v -0.015700 -0.041122 0.001183
v -0.015700 -0.040586 0.001651
v -0.015700 -0.040388 0.001649
v -0.015700 -0.040124 0.002373
v -0.015700 -0.039921 0.002381
v -0.015700 -0.040000 0.003065
v -0.015700 -0.039800 0.003065
v -0.015700 -0.040000 0.012065
v -0.015700 -0.039800 0.012065
v -0.015700 -0.040124 0.012757
v -0.015700 -0.039921 0.012749
v -0.015700 -0.040586 0.013479
v -0.015700 -0.040388 0.013481
v -0.015700 -0.041308 0.013941
v -0.015700 -0.041122 0.013946
v -0.015700 -0.041806 0.014060
v -0.017500 -0.056500 -0.051945
v -0.017500 -0.054900 -0.051945
v -0.017500 -0.055108 -0.051908
v -0.017500 -0.056500 -0.058935
v -0.017500 -0.061757 -0.059642
v -0.017500 -0.055469 -0.044072
v -0.017500 -0.055354 -0.043891
v -0.017500 -0.057067 -0.043745
v -0.017500 -0.055173 -0.043776
v -0.017500 -0.055000 -0.043745
v -0.017500 -0.057843 0.045244
v -0.017500 -0.051500 0.045875
v -0.017500 -0.058099 0.045527
v -0.017500 -0.051500 0.059065
v -0.017500 -0.058382 0.045782
v -0.017500 -0.065000 -0.055985
v -0.017500 -0.064925 -0.056365
v -0.017500 -0.064707 -0.056692
v -0.017500 -0.061584 -0.011940
v -0.017500 -0.061500 -0.012435
v -0.017500 -0.050500 -0.003086
v -0.017500 -0.058750 0.049413
v -0.017500 -0.064707 0.056822
v -0.017500 -0.064760 0.056765
v -0.017500 -0.055324 -0.051769
v -0.017500 -0.055463 -0.051553
v -0.017500 -0.055500 -0.051345
v -0.017500 -0.067992 0.020696
v -0.017500 -0.068000 0.020565
v -0.017500 -0.064012 0.013672
v -0.017500 -0.051927 0.059885
v -0.017500 -0.052369 0.060057
v -0.017500 -0.052500 0.060065
v -0.017500 -0.061050 0.060065
v -0.017500 -0.052500 0.044875
v -0.017500 -0.052036 0.044989
v -0.017500 -0.051680 0.045302
v -0.017500 -0.055500 -0.044245
v -0.017500 -0.057926 -0.043939
v -0.017500 -0.064012 -0.011328
v -0.017500 -0.063367 -0.010980
v -0.017500 -0.062633 0.011111
v -0.017500 -0.057067 0.041875
v -0.017500 -0.057926 0.041681
v -0.017500 -0.058618 0.041138
v -0.017500 -0.060451 0.040141
v -0.017500 -0.052500 0.018565
v -0.017500 -0.051808 0.018689
v -0.017500 -0.065000 0.030365
v -0.017500 -0.061672 0.040284
v -0.017500 -0.062708 0.040944
v -0.017500 -0.051509 0.045744
v -0.017500 -0.057067 0.044875
v -0.017500 -0.057497 0.044972
v -0.017500 -0.061700 -0.059695
v -0.017500 -0.061596 -0.059773
v -0.017500 -0.061435 -0.059858
v -0.017500 -0.062633 0.014020
v -0.017500 -0.061440 0.024999
v -0.017500 -0.062134 0.023256
v -0.017500 -0.064562 0.029538
v -0.017500 -0.064280 0.029405
v -0.017500 -0.058653 0.046129
v -0.017500 -0.058750 0.046558
v -0.017500 -0.051614 0.059529
v -0.017500 -0.061430 0.059990
v -0.017500 -0.061757 0.059772
v -0.017500 -0.058618 -0.044482
v -0.017500 -0.059013 -0.044877
v -0.017500 -0.059556 -0.045569
v -0.017500 -0.059750 -0.046428
v -0.017500 -0.057500 -0.059935
v -0.017500 -0.057036 -0.059821
v -0.017500 -0.056680 -0.059508
v -0.017500 -0.050500 -0.039745
v -0.017500 -0.061988 -0.013542
v -0.017500 -0.062633 -0.013889
v -0.017500 -0.057067 -0.041745
v -0.017500 -0.061050 -0.059935
v -0.017500 -0.056509 -0.059066
v -0.017500 -0.061988 0.011458
v -0.017500 -0.062633 -0.010980
v -0.017500 -0.061584 0.012070
v -0.017500 -0.061988 -0.011328
v -0.017500 -0.050512 -0.002897
v -0.017500 -0.050590 -0.002574
v -0.017500 -0.062671 0.028490
v -0.017500 -0.062644 0.028464
v -0.017500 -0.061643 0.026939
v -0.017500 -0.065000 0.056115
v -0.017500 -0.062487 0.045007
v -0.017500 -0.061944 0.045699
v -0.017500 -0.052000 -0.001585
v -0.017500 -0.054500 -0.001585
v -0.017500 -0.055244 -0.001452
v -0.017500 -0.056020 -0.000955
v -0.017500 -0.056517 -0.000179
v -0.017500 -0.061500 0.012565
v -0.017500 -0.056650 0.014565
v -0.017500 -0.056650 0.000565
v -0.017500 -0.051306 -0.001755
v -0.017500 -0.050939 -0.002025
v -0.017500 -0.050780 -0.002212
v -0.017500 -0.052500 -0.041745
v -0.017500 -0.051808 -0.041621
v -0.017500 -0.051086 -0.041159
v -0.017500 -0.061988 0.013672
v -0.017500 -0.061622 0.026878
v -0.017500 -0.061584 0.013060
v -0.017500 -0.056517 0.015309
v -0.017500 -0.056020 0.016085
v -0.017500 -0.055244 0.016582
v -0.017500 -0.054500 0.016715
v -0.017500 -0.052500 0.016715
v -0.017500 -0.050624 0.040567
v -0.017500 -0.051086 0.041289
v -0.017500 -0.050500 0.039875
v -0.017500 -0.051808 0.041751
v -0.017500 -0.052500 0.041875
v -0.017500 -0.050500 0.020565
v -0.017500 -0.059290 0.040544
v -0.017500 -0.050624 0.019873
v -0.017500 -0.051086 0.019151
v -0.017500 -0.064882 0.029893
v -0.017500 -0.063354 0.041990
v -0.017500 -0.063500 0.042875
v -0.017500 -0.063234 0.044055
v -0.017500 -0.064838 0.056661
v -0.017500 -0.064923 0.056500
v -0.017500 -0.061750 0.049413
v -0.017500 -0.061750 0.046558
v -0.017500 -0.061584 -0.012930
v -0.017500 -0.050624 -0.040437
v -0.017500 -0.063504 -0.021913
v -0.017500 -0.062182 -0.023060
v -0.017500 -0.068000 -0.020435
v -0.017500 -0.064416 -0.012930
v -0.017500 -0.064500 -0.012435
v -0.017500 -0.067573 -0.021255
v -0.017500 -0.067131 -0.021427
v -0.017500 -0.064012 -0.013542
v -0.017500 -0.067000 -0.021435
v -0.017500 -0.063367 -0.013889
v -0.017500 -0.065400 -0.021435
v -0.017500 -0.063566 -0.021880
v -0.017500 -0.061440 -0.024869
v -0.017500 -0.059290 -0.040414
v -0.017500 -0.058618 -0.041008
v -0.017500 -0.064012 0.011458
v -0.017500 -0.063367 0.011111
v -0.017500 -0.064416 -0.011940
v -0.017500 -0.063464 0.022065
v -0.017500 -0.063566 0.022010
v -0.017500 -0.063367 0.014020
v -0.017500 -0.065400 0.021565
v -0.017500 -0.067000 0.021565
v -0.017500 -0.061632 -0.026777
v -0.017500 -0.062622 -0.028312
v -0.017500 -0.060451 -0.040011
v -0.017500 -0.062644 -0.028334
v -0.017500 -0.064280 -0.029275
v -0.017500 -0.062140 -0.023117
v -0.017500 -0.057926 -0.041551
v -0.017500 -0.067886 -0.020899
v -0.017500 -0.061944 -0.045569
v -0.017500 -0.062487 -0.044877
v -0.017500 -0.061750 -0.046428
v -0.017500 -0.061750 -0.049283
v -0.017500 -0.059750 -0.049283
v -0.017500 -0.063354 -0.041860
v -0.017500 -0.065000 -0.030235
v -0.017500 -0.063500 -0.042745
v -0.017500 -0.063234 -0.043925
v -0.017500 -0.061622 -0.026748
v -0.017500 -0.064416 0.012070
v -0.017500 -0.064500 0.012565
v -0.017500 -0.064416 0.013060
v -0.017500 -0.067464 0.021451
v -0.017500 -0.067820 0.021138
v -0.017500 -0.062708 -0.040814
v -0.017500 -0.061672 -0.040154
v -0.017500 -0.064951 -0.029927
v -0.017500 -0.064700 -0.029521
v -0.013865 -0.057067 -0.043745
v -0.013000 -0.057500 -0.043792
v -0.013000 -0.057926 -0.043939
v -0.013865 -0.057067 -0.043745
v -0.013000 -0.057926 -0.043939
v -0.017500 -0.057067 -0.043745
v -0.013000 -0.058618 -0.044482
v -0.017500 -0.058618 -0.044482
v -0.013000 -0.057926 -0.043939
v -0.017500 -0.057926 -0.043939
v -0.017500 -0.057926 -0.043939
v -0.016000 -0.054764 -0.043745
v -0.016000 -0.054764 -0.041745
v -0.015878 -0.055451 -0.043745
v -0.015878 -0.055451 -0.041745
v -0.015878 -0.055451 -0.043745
v -0.015878 -0.055451 -0.041745
v -0.015454 -0.056137 -0.043745
v -0.015454 -0.056137 -0.041745
v -0.015454 -0.056137 -0.043745
v -0.015454 -0.056137 -0.041745
v -0.014894 -0.056553 -0.043745
v -0.014894 -0.056553 -0.041745
v -0.016000 -0.043192 -0.041621
v -0.016000 -0.043914 -0.041159
v -0.016000 -0.054764 -0.043745
v -0.016000 -0.045762 -0.003366
v -0.016000 -0.044500 -0.039745
v -0.016000 -0.044500 -0.003034
v -0.016000 -0.043220 -0.001549
v -0.016000 -0.043952 -0.001595
v -0.016000 -0.043522 -0.001626
v -0.016000 -0.043876 -0.001816
v -0.016000 -0.044339 -0.002358
v -0.016000 -0.044716 -0.001998
v -0.016000 -0.045173 -0.002590
v -0.016000 -0.042500 -0.041745
v -0.016000 -0.040236 -0.043745
v -0.016000 -0.040236 -0.041745
v -0.016000 -0.044376 -0.040437
v -0.016000 -0.050624 -0.040437
v -0.016000 -0.050500 -0.039745
v -0.016000 -0.051086 -0.041159
v -0.016000 -0.051808 -0.041621
v -0.016000 -0.052500 -0.041745
v -0.016000 -0.054764 -0.041745
v -0.016000 -0.051780 -0.001549
v -0.016000 -0.051488 -0.001622
v -0.016000 -0.051048 -0.001595
v -0.016000 -0.051136 -0.001807
v -0.016000 -0.050284 -0.001998
v -0.016000 -0.050939 -0.001972
v -0.016000 -0.050667 -0.002345
v -0.016000 -0.049827 -0.002590
v -0.016000 -0.050500 -0.003034
v -0.016000 -0.049238 -0.003366
v -0.016000 -0.048128 -0.003956
v -0.016000 -0.046872 -0.003956
v -0.014894 -0.038447 -0.043745
v -0.014894 -0.038447 -0.041745
v -0.015454 -0.038863 -0.043745
v -0.015454 -0.038863 -0.041745
v -0.015454 -0.038863 -0.043745
v -0.015454 -0.038863 -0.041745
v -0.015878 -0.039549 -0.043745
v -0.015878 -0.039549 -0.041745
v -0.015878 -0.039549 -0.043745
v -0.015878 -0.039549 -0.041745
v -0.016000 -0.040236 -0.043745
v -0.016000 -0.040236 -0.041745
v -0.013865 -0.037933 -0.043745
v -0.017500 -0.037933 -0.043745
v -0.017500 -0.037074 -0.043939
v -0.013000 -0.037500 -0.043792
v -0.013865 -0.037933 -0.043745
v -0.013000 -0.037074 -0.043939
v -0.013000 -0.037074 -0.043939
v -0.013000 -0.037074 -0.043939
v -0.017500 -0.037074 -0.043939
v -0.013000 -0.036382 -0.044482
v -0.017500 -0.036382 -0.044482
v -0.017500 -0.039892 -0.051908
v -0.017500 -0.040100 -0.051945
v -0.017500 -0.038500 -0.051945
v -0.017500 0.038500 -0.051945
v -0.017500 0.040100 -0.051945
v -0.017500 0.039892 -0.051908
v -0.017500 0.039537 -0.044137
v -0.017500 0.039676 -0.043921
v -0.017500 0.037933 -0.043745
v -0.017500 0.039892 -0.043782
v -0.017500 0.040100 -0.043745
v -0.017500 0.038500 -0.058935
v -0.017500 -0.037500 -0.059935
v -0.017500 0.037500 -0.059935
v -0.017500 -0.037933 -0.043745
v -0.017500 -0.040100 -0.043745
v -0.017500 -0.039892 -0.043782
v -0.017500 -0.033123 -0.046604
v -0.017500 -0.033250 -0.047307
v -0.017500 0.033250 -0.047307
v -0.017500 -0.033250 -0.049401
v -0.017500 0.033250 -0.049401
v -0.017500 -0.038500 -0.058935
v -0.017500 0.039676 -0.051769
v -0.017500 0.039537 -0.051553
v -0.017500 0.039500 -0.051345
v -0.017500 -0.039500 -0.051345
v -0.017500 -0.039537 -0.051553
v -0.017500 -0.039676 -0.051769
v -0.017500 0.037964 -0.059821
v -0.017500 0.038320 -0.059508
v -0.017500 0.038491 -0.059066
v -0.017500 -0.038386 -0.059399
v -0.017500 -0.038073 -0.059755
v -0.017500 -0.037631 -0.059926
v -0.017500 0.032679 -0.045908
v -0.017500 0.032097 -0.045495
v -0.017500 -0.032097 -0.045495
v -0.017500 0.039500 -0.044345
v -0.017500 0.037074 -0.043939
v -0.017500 0.036382 -0.044482
v -0.017500 0.035987 -0.044877
v -0.017500 -0.039676 -0.043921
v -0.017500 -0.039537 -0.044137
v -0.017500 -0.037074 -0.043939
v -0.017500 -0.039500 -0.044345
v -0.017500 -0.036382 -0.044482
v -0.017500 -0.035987 -0.044877
v -0.017500 0.033123 -0.046604
v -0.017500 -0.032679 -0.045908
v -0.017500 -0.035444 -0.045569
v -0.017500 -0.035250 -0.046428
v -0.017500 -0.035250 -0.049401
v -0.017500 0.035250 -0.049401
v -0.017500 0.035250 -0.046428
v -0.017500 0.035444 -0.045569
v -0.014500 -0.055500 -0.056141
v -0.014500 -0.039500 -0.056141
v -0.016500 -0.055500 -0.052677
v -0.016500 -0.039500 -0.052677
v -0.016923 -0.055594 -0.051945
v -0.016923 -0.039406 -0.051945
v -0.017500 0.056500 -0.051945
v -0.017500 0.061750 -0.049283
v -0.017500 0.059750 -0.049283
v -0.017500 0.051509 0.059196
v -0.017500 0.051500 0.059065
v -0.017500 0.058750 0.049413
v -0.017500 0.055463 -0.051553
v -0.017500 0.055324 -0.051769
v -0.017500 0.055108 -0.051908
v -0.017500 0.054900 -0.051945
v -0.017500 0.057067 -0.043745
v -0.017500 0.054900 -0.043745
v -0.017500 0.055108 -0.043782
v -0.017500 0.051500 0.045875
v -0.017500 0.051614 0.045411
v -0.017500 0.051927 0.045055
v -0.017500 0.057843 0.045243
v -0.017500 0.058382 0.045782
v -0.017500 0.061757 0.059772
v -0.017500 0.061700 0.059825
v -0.017500 0.061596 0.059903
v -0.017500 0.064416 0.013060
v -0.017500 0.064500 0.012565
v -0.017500 0.068000 0.020565
v -0.017500 0.064707 -0.056692
v -0.017500 0.064760 -0.056635
v -0.017500 0.057496 0.044972
v -0.017500 0.057067 0.044875
v -0.017500 0.052500 0.044875
v -0.017500 0.052369 0.044884
v -0.017500 0.065000 0.056115
v -0.017500 0.064925 0.056495
v -0.017500 0.064707 0.056822
v -0.017500 0.064416 -0.012930
v -0.017500 0.064012 -0.013542
v -0.017500 0.068000 -0.020435
v -0.017500 0.058653 0.046129
v -0.017500 0.058750 0.046558
v -0.017500 0.061435 0.059988
v -0.017500 0.061050 0.060065
v -0.017500 0.052500 0.060065
v -0.017500 0.061944 0.045699
v -0.017500 0.062487 0.045007
v -0.017500 0.061750 0.046558
v -0.017500 0.061750 0.049413
v -0.017500 0.063356 0.041996
v -0.017500 0.065000 0.030365
v -0.017500 0.063475 0.043244
v -0.017500 0.063028 0.044415
v -0.017500 0.060381 0.040150
v -0.017500 0.061400 0.025565
v -0.017500 0.061621 0.026878
v -0.017500 0.050624 0.019873
v -0.017500 0.051086 0.019151
v -0.017500 0.051808 0.018689
v -0.017500 0.064500 -0.012435
v -0.017500 0.064416 -0.011940
v -0.017500 0.056500 -0.058935
v -0.017500 0.056614 -0.059399
v -0.017500 0.056927 -0.059755
v -0.017500 0.061921 0.027540
v -0.017500 0.062655 0.028475
v -0.017500 0.064280 0.029405
v -0.017500 0.061050 -0.059935
v -0.017500 0.057500 -0.059935
v -0.017500 0.057369 -0.059926
v -0.017500 0.061430 -0.059860
v -0.017500 0.061757 -0.059642
v -0.017500 0.062694 0.040930
v -0.017500 0.061629 0.040269
v -0.017500 0.064951 0.030057
v -0.017500 0.064700 0.029651
v -0.017500 0.059210 0.040597
v -0.017500 0.050500 0.020565
v -0.017500 0.058618 0.041138
v -0.017500 0.057926 0.041681
v -0.017500 0.063367 -0.013889
v -0.017500 0.062633 -0.013889
v -0.017500 0.063537 -0.021895
v -0.017500 0.064416 0.012070
v -0.017500 0.064012 -0.011328
v -0.017500 0.063367 0.011111
v -0.017500 0.062633 0.011111
v -0.017500 0.062633 -0.010980
v -0.017500 0.052036 0.059951
v -0.017500 0.051680 0.059638
v -0.017500 0.067464 -0.021321
v -0.017500 0.067820 -0.021008
v -0.017500 0.067992 -0.020566
v -0.017500 0.065000 -0.030235
v -0.017500 0.061629 -0.040139
v -0.017500 0.062694 -0.040801
v -0.017500 0.063566 -0.021880
v -0.017500 0.065400 -0.021435
v -0.017500 0.067000 -0.021435
v -0.017500 0.061584 -0.012930
v -0.017500 0.050500 -0.039745
v -0.017500 0.061988 -0.013542
v -0.017500 0.050624 -0.040437
v -0.017500 0.051086 -0.041159
v -0.017500 0.064012 0.011458
v -0.017500 0.063367 -0.010980
v -0.017500 0.055500 -0.051345
v -0.017500 0.059750 -0.046428
v -0.017500 0.055324 -0.043921
v -0.017500 0.055463 -0.044137
v -0.017500 0.057926 -0.043939
v -0.017500 0.055500 -0.044345
v -0.017500 0.058618 -0.044482
v -0.017500 0.059013 -0.044877
v -0.017500 0.059556 -0.045569
v -0.017500 0.051086 0.041289
v -0.017500 0.050624 0.040567
v -0.017500 0.051808 0.041751
v -0.017500 0.050500 0.039875
v -0.017500 0.052500 0.041875
v -0.017500 0.057067 0.041875
v -0.017500 0.051808 -0.041621
v -0.017500 0.052500 -0.041745
v -0.017500 0.057067 -0.041745
v -0.017500 0.057926 -0.041551
v -0.017500 0.061431 -0.024937
v -0.017500 0.061440 -0.024869
v -0.017500 0.062107 -0.023165
v -0.017500 0.063356 -0.041866
v -0.017500 0.063475 -0.043114
v -0.017500 0.065000 -0.055985
v -0.017500 0.056020 -0.000955
v -0.017500 0.055244 -0.001452
v -0.017500 0.052500 0.018565
v -0.017500 0.061988 0.013672
v -0.017500 0.062633 0.014020
v -0.017500 0.061621 -0.026748
v -0.017500 0.060381 -0.040020
v -0.017500 0.061873 -0.027321
v -0.017500 0.062644 -0.028334
v -0.017500 0.056517 -0.000179
v -0.017500 0.056650 0.000565
v -0.017500 0.061440 0.024999
v -0.017500 0.062140 0.023247
v -0.017500 0.064012 0.013672
v -0.017500 0.066200 0.021565
v -0.017500 0.063367 0.014020
v -0.017500 0.065400 0.021565
v -0.017500 0.063566 0.022010
v -0.017500 0.061400 -0.025435
v -0.017500 0.059210 -0.040467
v -0.017500 0.058618 -0.041008
v -0.017500 0.064562 -0.029408
v -0.017500 0.064280 -0.029275
v -0.017500 0.063143 -0.028737
v -0.017500 0.063028 -0.044285
v -0.017500 0.062487 -0.044877
v -0.017500 0.061944 -0.045569
v -0.017500 0.061500 -0.012435
v -0.017500 0.061584 -0.011940
v -0.017500 0.061988 -0.011328
v -0.017500 0.067573 0.021385
v -0.017500 0.067131 0.021557
v -0.017500 0.067000 0.021565
v -0.017500 0.064838 -0.056531
v -0.017500 0.064923 -0.056370
v -0.017500 0.061750 -0.046428
v -0.017500 0.054500 -0.001585
v -0.017500 0.052000 -0.001585
v -0.017500 0.051804 -0.001598
v -0.017500 0.052500 0.016715
v -0.017500 0.054500 0.016715
v -0.017500 0.055244 0.016582
v -0.017500 0.056020 0.016085
v -0.017500 0.061584 0.013060
v -0.017500 0.056517 0.015309
v -0.017500 0.061500 0.012565
v -0.017500 0.056650 0.014565
v -0.017500 0.061584 0.012070
v -0.017500 0.061988 0.011458
v -0.017500 0.067886 0.021029
v -0.017500 0.064882 -0.029763
v -0.017500 0.051478 -0.001679
v -0.017500 0.051149 -0.001850
v -0.017500 0.050500 -0.003086
v -0.017500 0.050934 -0.002030
v -0.017500 0.050649 -0.002433
v -0.013865 0.057067 -0.043745
v -0.017500 0.057067 -0.043745
v -0.017500 0.057926 -0.043939
v -0.013000 0.057500 -0.043792
v -0.013865 0.057067 -0.043745
v -0.013000 0.057926 -0.043939
v -0.013000 0.057926 -0.043939
v -0.013000 0.057926 -0.043939
v -0.017500 0.057926 -0.043939
v -0.013000 0.058618 -0.044482
v -0.017500 0.058618 -0.044482
v -0.014894 0.056553 -0.043745
v -0.014894 0.056553 -0.041745
v -0.015454 0.056137 -0.043745
v -0.015454 0.056137 -0.041745
v -0.015454 0.056137 -0.043745
v -0.015454 0.056137 -0.041745
v -0.015878 0.055451 -0.043745
v -0.015878 0.055451 -0.041745
v -0.015878 0.055451 -0.043745
v -0.015878 0.055451 -0.041745
v -0.016000 0.054764 -0.043745
v -0.016000 0.054764 -0.041745
v -0.016000 0.042500 -0.041745
v -0.016000 0.040236 -0.041745
v -0.016000 0.040236 -0.043745
v -0.016000 0.051808 -0.041621
v -0.016000 0.051086 -0.041159
v -0.016000 0.049238 -0.003366
v -0.016000 0.050500 -0.039745
v -0.016000 0.050500 -0.003034
v -0.016000 0.051780 -0.001549
v -0.016000 0.051048 -0.001595
v -0.016000 0.051478 -0.001626
v -0.016000 0.051124 -0.001816
v -0.016000 0.050661 -0.002358
v -0.016000 0.050284 -0.001998
v -0.016000 0.049827 -0.002590
v -0.016000 0.052500 -0.041745
v -0.016000 0.054764 -0.043745
v -0.016000 0.054764 -0.041745
v -0.016000 0.043192 -0.041621
v -0.016000 0.043914 -0.041159
v -0.016000 0.050624 -0.040437
v -0.016000 0.044376 -0.040437
v -0.016000 0.044500 -0.039745
v -0.016000 0.043220 -0.001549
v -0.016000 0.043512 -0.001622
v -0.016000 0.043952 -0.001595
v -0.016000 0.043864 -0.001807
v -0.016000 0.044716 -0.001998
v -0.016000 0.044061 -0.001972
v -0.016000 0.044333 -0.002345
v -0.016000 0.045173 -0.002590
v -0.016000 0.044500 -0.003034
v -0.016000 0.045762 -0.003366
v -0.016000 0.046872 -0.003956
v -0.016000 0.048128 -0.003956
v -0.016000 0.040236 -0.043745
v -0.016000 0.040236 -0.041745
v -0.015878 0.039549 -0.043745
v -0.015878 0.039549 -0.041745
v -0.015878 0.039549 -0.043745
v -0.015878 0.039549 -0.041745
v -0.015454 0.038863 -0.043745
v -0.015454 0.038863 -0.041745
v -0.015454 0.038863 -0.043745
v -0.015454 0.038863 -0.041745
v -0.014894 0.038447 -0.043745
v -0.014894 0.038447 -0.041745
v -0.017500 0.037074 -0.043939
v -0.013000 0.037074 -0.043939
v -0.017500 0.036382 -0.044482
v -0.013000 0.036382 -0.044482
v -0.017500 0.037074 -0.043939
v -0.017500 0.037933 -0.043745
v -0.013000 0.037074 -0.043939
v -0.013865 0.037933 -0.043745
v -0.013000 0.037074 -0.043939
v -0.013865 0.037933 -0.043745
v -0.013000 0.037500 -0.043792
v -0.014500 0.039500 -0.056141
v -0.014500 0.055500 -0.056141
v -0.016500 0.039500 -0.052677
v -0.016500 0.055500 -0.052677
v -0.016843 0.039439 -0.052082
v -0.016923 0.055594 -0.051945
v -0.016923 0.039406 -0.051945
v -0.013200 0.054500 0.015315
v -0.011700 0.054448 0.015315
v -0.011700 0.054394 0.015002
v -0.013200 0.054444 0.014985
v -0.013200 0.054444 0.014985
v -0.011700 0.054394 0.015002
v -0.011700 0.054139 0.014616
v -0.013200 0.054175 0.014577
v -0.013200 0.054175 0.014577
v -0.011700 0.054139 0.014616
v -0.011700 0.053732 0.014396
v -0.013200 0.053744 0.014345
v -0.013200 0.053744 0.014345
v -0.011700 0.053732 0.014396
v -0.011700 0.053268 0.014396
v -0.013200 0.053256 0.014345
v -0.013200 0.053256 0.014345
v -0.011700 0.053268 0.014396
v -0.011700 0.052861 0.014616
v -0.013200 0.052825 0.014577
v -0.013200 0.052825 0.014577
v -0.011700 0.052861 0.014616
v -0.011700 0.052606 0.015002
v -0.013200 0.052556 0.014985
v -0.013200 0.052556 0.014985
v -0.011700 0.052606 0.015002
v -0.011700 0.052552 0.015315
v -0.013200 0.052500 0.015315
v -0.013200 0.042500 0.015315
v -0.011700 0.042448 0.015315
v -0.011700 0.042394 0.015002
v -0.013200 0.042444 0.014985
v -0.013200 0.042444 0.014985
v -0.011700 0.042394 0.015002
v -0.011700 0.042139 0.014616
v -0.013200 0.042175 0.014577
v -0.013200 0.042175 0.014577
v -0.011700 0.042139 0.014616
v -0.011700 0.041731 0.014396
v -0.013200 0.041744 0.014345
v -0.013200 0.041744 0.014345
v -0.011700 0.041731 0.014396
v -0.011700 0.041269 0.014396
v -0.013200 0.041256 0.014345
v -0.013200 0.041256 0.014345
v -0.011700 0.041269 0.014396
v -0.011700 0.040861 0.014616
v -0.013200 0.040825 0.014577
v -0.013200 0.040825 0.014577
v -0.011700 0.040861 0.014616
v -0.011700 0.040606 0.015002
v -0.013200 0.040556 0.014985
v -0.013200 0.040556 0.014985
v -0.011700 0.040606 0.015002
v -0.011700 0.040552 0.015315
v -0.013200 0.040500 0.015315
v -0.013200 0.039800 0.003065
v -0.015700 0.039800 0.003065
v -0.013200 0.039800 0.012065
v -0.015700 0.039800 0.012065
v -0.015700 0.055200 0.003065
v -0.013200 0.055200 0.003065
v -0.015700 0.055200 0.012065
v -0.013200 0.055200 0.012065
v -0.017500 0.040500 -0.001585
v -0.013200 0.040500 -0.001435
v -0.013200 0.039808 -0.001311
v -0.017500 0.039756 -0.001452
v -0.017500 0.039756 -0.001452
v -0.013200 0.039808 -0.001311
v -0.013200 0.039086 -0.000849
v -0.017500 0.038980 -0.000955
v -0.017500 0.038980 -0.000955
v -0.013200 0.039086 -0.000849
v -0.013200 0.038624 -0.000127
v -0.017500 0.038483 -0.000179
v -0.017500 0.038483 -0.000179
v -0.013200 0.038624 -0.000127
v -0.013200 0.038500 0.000565
v -0.017500 0.038350 0.000565
v -0.017500 0.038350 0.000565
v -0.013200 0.038500 0.000565
v -0.017500 0.038350 0.014565
v -0.013200 0.038500 0.014190
v -0.013200 0.038500 0.014565
v -0.017500 0.038350 0.014565
v -0.013200 0.038500 0.014565
v -0.013200 0.038624 0.015257
v -0.017500 0.038483 0.015309
v -0.017500 0.038483 0.015309
v -0.013200 0.038624 0.015257
v -0.013200 0.039086 0.015979
v -0.017500 0.038980 0.016085
v -0.017500 0.038980 0.016085
v -0.013200 0.039086 0.015979
v -0.013200 0.039808 0.016441
v -0.017500 0.039756 0.016582
v -0.017500 0.039756 0.016582
v -0.013200 0.039808 0.016441
v -0.013200 0.040500 0.016565
v -0.017500 0.040500 0.016715
v -0.017500 0.042500 0.016715
v -0.017500 0.040500 0.016715
v -0.016000 0.042500 0.016663
v -0.013200 0.040500 0.016565
v -0.016000 0.043469 0.016663
v -0.013200 0.043469 0.016565
v -0.016000 0.043469 0.016663
v -0.013200 0.043469 0.016565
v -0.016000 0.044124 0.016779
v -0.013200 0.044158 0.016687
v -0.016000 0.044124 0.016779
v -0.013200 0.044158 0.016687
v -0.016000 0.044778 0.017184
v -0.013200 0.044845 0.017113
v -0.016000 0.044778 0.017184
v -0.013200 0.044845 0.017113
v -0.016000 0.045173 0.017720
v -0.013200 0.045261 0.017676
v -0.016000 0.045762 0.018496
v -0.016000 0.045173 0.017720
v -0.013200 0.045261 0.017676
v -0.013200 0.049172 0.018423
v -0.013200 0.049739 0.017676
v -0.016000 0.049827 0.017720
v -0.013200 0.045828 0.018423
v -0.016000 0.045762 0.018496
v -0.013200 0.045828 0.018423
v -0.013200 0.046895 0.018991
v -0.016000 0.046872 0.019086
v -0.016000 0.046872 0.019086
v -0.013200 0.046895 0.018991
v -0.013200 0.048105 0.018991
v -0.016000 0.048128 0.019086
v -0.016000 0.048128 0.019086
v -0.013200 0.048105 0.018991
v -0.013200 0.049172 0.018423
v -0.016000 0.049238 0.018496
v -0.016000 0.049238 0.018496
v -0.016000 0.050223 0.017184
v -0.016000 0.049827 0.017720
v -0.013200 0.049739 0.017676
v -0.013200 0.051531 0.016565
v -0.016000 0.051531 0.016663
v -0.013200 0.050842 0.016687
v -0.016000 0.050876 0.016779
v -0.013200 0.050842 0.016687
v -0.016000 0.050876 0.016779
v -0.013200 0.050491 0.016857
v -0.013200 0.050491 0.016857
v -0.016000 0.050876 0.016779
v -0.016000 0.050223 0.017184
v -0.013200 0.050491 0.016857
v -0.016000 0.050223 0.017184
v -0.013200 0.050155 0.017113
v -0.013200 0.050155 0.017113
v -0.016000 0.051531 0.016663
v -0.013200 0.051531 0.016565
v -0.016000 0.052500 0.016663
v -0.013200 0.054500 0.016565
v -0.017500 0.052500 0.016715
v -0.017500 0.054500 0.016715
v -0.017500 0.054500 0.016715
v -0.013200 0.054500 0.016565
v -0.013200 0.055192 0.016441
v -0.017500 0.055244 0.016582
v -0.017500 0.055244 0.016582
v -0.013200 0.055192 0.016441
v -0.013200 0.055914 0.015979
v -0.017500 0.056020 0.016085
v -0.017500 0.056020 0.016085
v -0.013200 0.055914 0.015979
v -0.013200 0.056376 0.015257
v -0.017500 0.056517 0.015309
v -0.017500 0.056517 0.015309
v -0.013200 0.056376 0.015257
v -0.013200 0.056500 0.014565
v -0.017500 0.056650 0.014565
v -0.013200 0.056500 0.000565
v -0.017500 0.056650 0.000565
v -0.013200 0.056500 0.014190
v -0.017500 0.056650 0.014565
v -0.013200 0.056500 0.014565
v -0.017500 0.056650 0.000565
v -0.013200 0.056500 0.000565
v -0.013200 0.056376 -0.000127
v -0.017500 0.056517 -0.000179
v -0.017500 0.056517 -0.000179
v -0.013200 0.056376 -0.000127
v -0.013200 0.055914 -0.000849
v -0.017500 0.056020 -0.000955
v -0.017500 0.056020 -0.000955
v -0.013200 0.055914 -0.000849
v -0.013200 0.055192 -0.001311
v -0.017500 0.055244 -0.001452
v -0.017500 0.055244 -0.001452
v -0.013200 0.055192 -0.001311
v -0.013200 0.054500 -0.001435
v -0.017500 0.054500 -0.001585
v -0.017500 0.054500 -0.001585
v -0.013200 0.054500 -0.001435
v -0.017500 0.052000 -0.001585
v -0.013200 0.052000 -0.001435
v -0.016000 0.051780 -0.001549
v -0.013200 0.051782 -0.001451
v -0.016000 0.051048 -0.001595
v -0.016000 0.051048 -0.001595
v -0.013200 0.051782 -0.001451
v -0.013200 0.051023 -0.001501
v -0.016000 0.051048 -0.001595
v -0.013200 0.051023 -0.001501
v -0.016000 0.050284 -0.001998
v -0.013200 0.050220 -0.001925
v -0.016000 0.050284 -0.001998
v -0.013200 0.050220 -0.001925
v -0.016000 0.049827 -0.002590
v -0.013200 0.049739 -0.002546
v -0.016000 0.049827 -0.002590
v -0.013200 0.049739 -0.002546
v -0.013200 0.049172 -0.003293
v -0.016000 0.049238 -0.003366
v -0.016000 0.049238 -0.003366
v -0.013200 0.049172 -0.003293
v -0.013200 0.048105 -0.003861
v -0.016000 0.048128 -0.003956
v -0.016000 0.048128 -0.003956
v -0.013200 0.048105 -0.003861
v -0.013200 0.046895 -0.003861
v -0.016000 0.046872 -0.003956
v -0.016000 0.046872 -0.003956
v -0.013200 0.046895 -0.003861
v -0.013200 0.045828 -0.003293
v -0.016000 0.045762 -0.003366
v -0.016000 0.045762 -0.003366
v -0.013200 0.045828 -0.003293
v -0.013200 0.045261 -0.002546
v -0.016000 0.045173 -0.002590
v -0.016000 0.045173 -0.002590
v -0.013200 0.045261 -0.002546
v -0.016000 0.044716 -0.001998
v -0.013200 0.044780 -0.001925
v -0.016000 0.044716 -0.001998
v -0.013200 0.044780 -0.001925
v -0.016000 0.043952 -0.001595
v -0.013200 0.043977 -0.001501
v -0.016000 0.043952 -0.001595
v -0.013200 0.043977 -0.001501
v -0.016000 0.043220 -0.001549
v -0.016000 0.043220 -0.001549
v -0.013200 0.043977 -0.001501
v -0.013200 0.043217 -0.001451
v -0.017500 0.043000 -0.001585
v -0.013200 0.043000 -0.001435
v -0.017500 0.040500 -0.001585
v -0.013200 0.040500 -0.001435
v -0.016000 -0.033371 -0.040139
v -0.016000 -0.034250 -0.039995
v -0.013000 -0.034619 -0.040020
v -0.013000 -0.034619 -0.040020
v -0.013000 -0.033371 -0.040139
v -0.016000 -0.033371 -0.040139
v -0.016000 -0.033371 -0.040139
v -0.013000 -0.033371 -0.040139
v -0.013000 -0.032306 -0.040801
v -0.016000 -0.032306 -0.040801
v -0.016000 -0.032306 -0.040801
v -0.013000 -0.032306 -0.040801
v -0.013000 -0.031644 -0.041866
v -0.016000 -0.031644 -0.041866
v -0.016000 -0.031644 -0.041866
v -0.013000 -0.031644 -0.041866
v -0.016000 -0.031500 -0.042745
v -0.013000 -0.031500 -0.042745
v -0.016000 -0.031500 -0.042745
v -0.013000 -0.031500 -0.042745
v -0.016000 -0.031525 -0.043114
v -0.013000 -0.031525 -0.043114
v -0.016000 -0.031525 -0.043114
v -0.013000 -0.031525 -0.043114
v -0.013000 -0.031972 -0.044285
v -0.016000 -0.031972 -0.044285
v -0.016000 -0.031972 -0.044285
v -0.013000 -0.031972 -0.044285
v -0.013000 -0.032513 -0.044877
v -0.016000 -0.032513 -0.044877
v -0.017500 -0.035790 -0.040467
v -0.017500 -0.036382 -0.041008
v -0.013000 -0.036382 -0.041008
v -0.013000 -0.035790 -0.040467
v -0.017500 -0.035790 -0.040467
v -0.013000 -0.035790 -0.040467
v -0.013000 -0.034619 -0.040020
v -0.017500 -0.034619 -0.040020
v -0.017500 -0.034619 -0.040020
v -0.013000 -0.034619 -0.040020
v -0.016000 -0.034250 -0.039995
v -0.017500 -0.034250 -0.039995
v -0.015235 -0.035250 -0.046965
v -0.015235 -0.033250 -0.046965
v -0.014052 -0.035250 -0.046428
v -0.014052 -0.033250 -0.046428
v -0.013000 -0.035308 -0.045950
v -0.013000 -0.033192 -0.045950
v -0.013000 -0.037500 -0.043792
v -0.013000 -0.037500 -0.041698
v -0.013865 -0.037933 -0.043745
v -0.013865 -0.037933 -0.041745
v -0.014894 -0.038447 -0.043745
v -0.014894 -0.038447 -0.041745
v -0.015235 -0.033250 0.047095
v -0.015235 -0.035250 0.047095
v -0.014052 -0.033250 0.046558
v -0.014052 -0.035250 0.046558
v -0.013000 -0.033192 0.046080
v -0.013000 -0.035308 0.046080
v -0.013000 -0.035790 0.040597
v -0.013000 -0.036382 0.041138
v -0.017500 -0.036382 0.041138
v -0.016000 -0.031972 0.044415
v -0.016000 -0.032513 0.045007
v -0.013000 -0.032513 0.045007
v -0.013000 -0.031972 0.044415
v -0.016000 -0.031972 0.044415
v -0.013000 -0.031972 0.044415
v -0.013000 -0.031525 0.043244
v -0.016000 -0.031525 0.043244
v -0.016000 -0.031525 0.043244
v -0.013000 -0.031525 0.043244
v -0.016000 -0.031500 0.042875
v -0.013000 -0.031500 0.042875
v -0.016000 -0.031500 0.042875
v -0.013000 -0.031500 0.042875
v -0.016000 -0.031644 0.041996
v -0.013000 -0.031644 0.041996
v -0.016000 -0.031644 0.041996
v -0.013000 -0.031644 0.041996
v -0.013000 -0.032306 0.040930
v -0.016000 -0.032306 0.040930
v -0.016000 -0.032306 0.040930
v -0.013000 -0.032306 0.040930
v -0.013000 -0.033371 0.040269
v -0.017500 -0.034619 0.040150
v -0.017500 -0.034250 0.040125
v -0.016000 -0.034250 0.040125
v -0.017500 -0.035790 0.040597
v -0.013000 -0.035790 0.040597
v -0.017500 -0.035790 0.040597
v -0.017500 -0.034619 0.040150
v -0.013000 -0.034619 0.040150
v -0.013000 -0.034619 0.040150
v -0.013000 -0.034619 0.040150
v -0.016000 -0.034250 0.040125
v -0.013000 -0.033371 0.040269
v -0.013000 -0.033371 0.040269
v -0.016000 -0.034250 0.040125
v -0.016000 -0.033371 0.040269
v -0.016000 -0.033371 0.040269
v -0.013000 -0.037500 0.041828
v -0.013000 -0.037500 0.043922
v -0.013865 -0.037933 0.041875
v -0.013865 -0.037933 0.043875
v -0.014894 -0.038447 0.041875
v -0.014894 -0.038447 0.043875
v -0.013000 -0.063234 0.044055
v -0.013000 -0.062487 0.045007
v -0.017500 -0.062487 0.045007
v -0.017500 -0.063234 0.044055
v -0.013000 -0.063234 0.044055
v -0.017500 -0.063234 0.044055
v -0.017500 -0.063500 0.042875
v -0.013000 -0.063500 0.042875
v -0.016328 -0.059750 0.047592
v -0.016328 -0.061750 0.047592
v -0.014052 -0.059750 0.046558
v -0.014052 -0.061750 0.046558
v -0.013000 -0.059692 0.046080
v -0.013000 -0.061808 0.046080
v -0.013000 -0.057500 0.043922
v -0.013000 -0.057500 0.041828
v -0.013865 -0.057067 0.043875
v -0.013865 -0.057067 0.041875
v -0.014894 -0.056553 0.043875
v -0.014894 -0.056553 0.041875
v -0.016328 -0.059750 -0.047462
v -0.013000 -0.059750 -0.045950
v -0.016328 -0.061750 -0.047462
v -0.013000 -0.061750 -0.045950
v -0.013000 -0.059290 -0.040414
v -0.013000 -0.058618 -0.041008
v -0.017500 -0.058618 -0.041008
v -0.017500 -0.059290 -0.040414
v -0.013000 -0.059290 -0.040414
v -0.017500 -0.059290 -0.040414
v -0.017500 -0.060451 -0.040011
v -0.013000 -0.060451 -0.040011
v -0.013000 -0.060451 -0.040011
v -0.017500 -0.060451 -0.040011
v -0.017500 -0.061672 -0.040154
v -0.013000 -0.061672 -0.040154
v -0.013000 -0.061672 -0.040154
v -0.017500 -0.061672 -0.040154
v -0.017500 -0.062708 -0.040814
v -0.013000 -0.062708 -0.040814
v -0.013000 -0.062708 -0.040814
v -0.017500 -0.062708 -0.040814
v -0.017500 -0.063354 -0.041860
v -0.013000 -0.063354 -0.041860
v -0.013000 -0.063354 -0.041860
v -0.017500 -0.063354 -0.041860
v -0.017500 -0.063500 -0.042745
v -0.013000 -0.063500 -0.042745
v -0.013000 -0.057500 -0.041698
v -0.013000 -0.057500 -0.043792
v -0.013865 -0.057067 -0.041745
v -0.013865 -0.057067 -0.043745
v -0.014894 -0.056553 -0.041745
v -0.014894 -0.056553 -0.043745
v -0.014894 0.038447 0.041875
v -0.014894 0.038447 0.043875
v -0.013865 0.037933 0.041875
v -0.013865 0.037933 0.043875
v -0.013000 0.037500 0.041828
v -0.013000 0.037500 0.043922
v -0.013000 0.031766 0.044055
v -0.013000 0.032513 0.045007
v -0.016000 0.032513 0.045007
v -0.016000 0.031766 0.044055
v -0.013000 0.031766 0.044055
v -0.016000 0.031766 0.044055
v -0.016000 0.031500 0.042875
v -0.013000 0.031500 0.042875
v -0.015235 0.035250 0.047095
v -0.015235 0.033250 0.047095
v -0.014052 0.035250 0.046558
v -0.014052 0.033250 0.046558
v -0.013000 0.035308 0.046080
v -0.013000 0.033192 0.046080
v -0.013000 0.037500 -0.041698
v -0.013000 0.037500 -0.043792
v -0.013865 0.037933 -0.041745
v -0.013865 0.037933 -0.043745
v -0.014894 0.038447 -0.041745
v -0.014894 0.038447 -0.043745
v -0.015235 0.033250 -0.046965
v -0.015235 0.035250 -0.046965
v -0.014052 0.033250 -0.046428
v -0.014052 0.035250 -0.046428
v -0.013000 0.033192 -0.045950
v -0.013000 0.035308 -0.045950
v -0.013000 0.033328 -0.040154
v -0.016000 0.032292 -0.040814
v -0.013000 0.032292 -0.040814
v -0.013000 0.032292 -0.040814
v -0.016000 0.032292 -0.040814
v -0.016000 0.031646 -0.041860
v -0.013000 0.031646 -0.041860
v -0.013000 0.031646 -0.041860
v -0.016000 0.031646 -0.041860
v -0.016000 0.031500 -0.042745
v -0.013000 0.031500 -0.042745
v -0.017500 0.034549 -0.040011
v -0.017500 0.034250 -0.039995
v -0.016000 0.034250 -0.039995
v -0.013000 0.035710 -0.040414
v -0.013000 0.036382 -0.041008
v -0.017500 0.036382 -0.041008
v -0.017500 0.035710 -0.040414
v -0.013000 0.035710 -0.040414
v -0.017500 0.035710 -0.040414
v -0.017500 0.034549 -0.040011
v -0.013000 0.034549 -0.040011
v -0.013000 0.034549 -0.040011
v -0.013000 0.034549 -0.040011
v -0.016000 0.034250 -0.039995
v -0.013000 0.033328 -0.040154
v -0.013000 0.033328 -0.040154
v -0.016000 0.034250 -0.039995
v -0.016000 0.033328 -0.040154
v -0.016000 0.033328 -0.040154
v -0.017500 0.059210 -0.040467
v -0.017500 0.058618 -0.041008
v -0.013000 0.058618 -0.041008
v -0.013000 0.062487 -0.044877
v -0.017500 0.062487 -0.044877
v -0.013000 0.063028 -0.044285
v -0.017500 0.063028 -0.044285
v -0.013000 0.063028 -0.044285
v -0.017500 0.063028 -0.044285
v -0.017500 0.063475 -0.043114
v -0.013000 0.059210 -0.040467
v -0.017500 0.059210 -0.040467
v -0.013000 0.059210 -0.040467
v -0.013000 0.060381 -0.040020
v -0.017500 0.060381 -0.040020
v -0.017500 0.060381 -0.040020
v -0.013000 0.060381 -0.040020
v -0.013000 0.061629 -0.040139
v -0.017500 0.061629 -0.040139
v -0.017500 0.061629 -0.040139
v -0.013000 0.061629 -0.040139
v -0.013000 0.062694 -0.040801
v -0.017500 0.062694 -0.040801
v -0.017500 0.062694 -0.040801
v -0.013000 0.062694 -0.040801
v -0.013000 0.063356 -0.041866
v -0.017500 0.063356 -0.041866
v -0.017500 0.063356 -0.041866
v -0.013000 0.063356 -0.041866
v -0.013000 0.063500 -0.042745
v -0.017500 0.063356 -0.041866
v -0.013000 0.063500 -0.042745
v -0.017500 0.063475 -0.043114
v -0.017500 0.063475 -0.043114
v -0.013000 0.063500 -0.042745
v -0.013000 0.063475 -0.043114
v -0.013000 0.063475 -0.043114
v -0.016328 0.059750 -0.047462
v -0.016328 0.061750 -0.047462
v -0.014052 0.059750 -0.046428
v -0.014052 0.061750 -0.046428
v -0.013000 0.059692 -0.045950
v -0.013000 0.061808 -0.045950
v -0.014894 0.056553 -0.041745
v -0.014894 0.056553 -0.043745
v -0.013865 0.057067 -0.041745
v -0.013865 0.057067 -0.043745
v -0.013000 0.057500 -0.041698
v -0.013000 0.057500 -0.043792
v -0.013000 0.059692 0.046080
v -0.013000 0.061808 0.046080
v -0.014052 0.059750 0.046558
v -0.014052 0.061750 0.046558
v -0.016328 0.059750 0.047592
v -0.016328 0.061750 0.047592
v -0.017500 0.063028 0.044415
v -0.017500 0.062487 0.045007
v -0.013000 0.062487 0.045007
v -0.013000 0.059210 0.040597
v -0.013000 0.058618 0.041138
v -0.017500 0.058618 0.041138
v -0.017500 0.063356 0.041996
v -0.013000 0.062694 0.040930
v -0.017500 0.062694 0.040930
v -0.017500 0.062694 0.040930
v -0.013000 0.062694 0.040930
v -0.013000 0.061629 0.040269
v -0.017500 0.061629 0.040269
v -0.017500 0.061629 0.040269
v -0.013000 0.061629 0.040269
v -0.013000 0.060381 0.040150
v -0.017500 0.060381 0.040150
v -0.017500 0.060381 0.040150
v -0.013000 0.060381 0.040150
v -0.013000 0.059210 0.040597
v -0.017500 0.059210 0.040597
v -0.017500 0.059210 0.040597
v -0.013000 0.063028 0.044415
v -0.017500 0.063028 0.044415
v -0.013000 0.063028 0.044415
v -0.013000 0.063475 0.043244
v -0.017500 0.063475 0.043244
v -0.017500 0.063475 0.043244
v -0.013000 0.063475 0.043244
v -0.013000 0.063500 0.042875
v -0.017500 0.063475 0.043244
v -0.013000 0.063500 0.042875
v -0.017500 0.063356 0.041996
v -0.017500 0.063356 0.041996
v -0.013000 0.063500 0.042875
v -0.013000 0.063356 0.041996
v -0.013000 0.063356 0.041996
v -0.014894 0.056553 0.043875
v -0.014894 0.056553 0.041875
v -0.013865 0.057067 0.043875
v -0.013865 0.057067 0.041875
v -0.013000 0.057500 0.043922
v -0.013000 0.057500 0.041828
v -0.014700 -0.066900 0.025565
v -0.016500 -0.066900 0.025565
v -0.014700 -0.066816 0.026060
v -0.016500 -0.066816 0.026060
v -0.014700 -0.066816 0.026060
v -0.016500 -0.066816 0.026060
v -0.014700 -0.066412 0.026672
v -0.016500 -0.066412 0.026672
v -0.014700 -0.066412 0.026672
v -0.016500 -0.066412 0.026672
v -0.014700 -0.065766 0.027020
v -0.016500 -0.065766 0.027020
v -0.014700 -0.065766 0.027020
v -0.016500 -0.065766 0.027020
v -0.014700 -0.065400 0.027065
v -0.016500 -0.065400 0.027065
v -0.014700 -0.065400 0.027065
v -0.016500 -0.065400 0.027065
v -0.014700 -0.065034 0.027020
v -0.016500 -0.065034 0.027020
v -0.014700 -0.065034 0.027020
v -0.016500 -0.065034 0.027020
v -0.014700 -0.064388 0.026672
v -0.016500 -0.064388 0.026672
v -0.014700 -0.064388 0.026672
v -0.016500 -0.064388 0.026672
v -0.014700 -0.063984 0.026060
v -0.016500 -0.063984 0.026060
v -0.014700 -0.063984 0.026060
v -0.016500 -0.063984 0.026060
v -0.014700 -0.063900 0.025565
v -0.016500 -0.063900 0.025565
v -0.014700 0.063900 0.025565
v -0.016500 0.063900 0.025565
v -0.014700 0.063984 0.026060
v -0.016500 0.063984 0.026060
v -0.014700 0.063984 0.026060
v -0.016500 0.063984 0.026060
v -0.014700 0.064388 0.026672
v -0.016500 0.064388 0.026672
v -0.014700 0.064388 0.026672
v -0.016500 0.064388 0.026672
v -0.014700 0.065034 0.027020
v -0.016500 0.065034 0.027020
v -0.014700 0.065034 0.027020
v -0.016500 0.065034 0.027020
v -0.014700 0.065400 0.027065
v -0.016500 0.065400 0.027065
v -0.014700 0.065400 0.027065
v -0.016500 0.065400 0.027065
v -0.014700 0.065766 0.027020
v -0.016500 0.065766 0.027020
v -0.014700 0.065766 0.027020
v -0.016500 0.065766 0.027020
v -0.014700 0.066412 0.026672
v -0.016500 0.066412 0.026672
v -0.014700 0.066412 0.026672
v -0.016500 0.066412 0.026672
v -0.014700 0.066816 0.026060
v -0.016500 0.066816 0.026060
v -0.014700 0.066816 0.026060
v -0.016500 0.066816 0.026060
v -0.014700 0.066900 0.025565
v -0.016500 0.066900 0.025565
v -0.014700 0.063900 -0.025435
v -0.016500 0.063900 -0.025435
v -0.014700 0.063984 -0.024940
v -0.016500 0.063984 -0.024940
v -0.014700 0.063984 -0.024940
v -0.016500 0.063984 -0.024940
v -0.014700 0.064388 -0.024328
v -0.016500 0.064388 -0.024328
v -0.014700 0.064388 -0.024328
v -0.016500 0.064388 -0.024328
v -0.014700 0.065034 -0.023981
v -0.016500 0.065034 -0.023981
v -0.014700 0.065034 -0.023981
v -0.016500 0.065034 -0.023981
v -0.014700 0.065400 -0.023935
v -0.016500 0.065400 -0.023935
v -0.014700 0.065400 -0.023935
v -0.016500 0.065400 -0.023935
v -0.014700 0.065766 -0.023981
v -0.016500 0.065766 -0.023981
v -0.014700 0.065766 -0.023981
v -0.016500 0.065766 -0.023981
v -0.014700 0.066412 -0.024328
v -0.016500 0.066412 -0.024328
v -0.014700 0.066412 -0.024328
v -0.016500 0.066412 -0.024328
v -0.014700 0.066816 -0.024940
v -0.016500 0.066816 -0.024940
v -0.014700 0.066816 -0.024940
v -0.016500 0.066816 -0.024940
v -0.014700 0.066900 -0.025435
v -0.016500 0.066900 -0.025435
v -0.014700 -0.066900 -0.025435
v -0.016500 -0.066900 -0.025435
v -0.014700 -0.066816 -0.024940
v -0.016500 -0.066816 -0.024940
v -0.014700 -0.066816 -0.024940
v -0.016500 -0.066816 -0.024940
v -0.014700 -0.066412 -0.024328
v -0.016500 -0.066412 -0.024328
v -0.014700 -0.066412 -0.024328
v -0.016500 -0.066412 -0.024328
v -0.014700 -0.065766 -0.023981
v -0.016500 -0.065766 -0.023981
v -0.014700 -0.065766 -0.023981
v -0.016500 -0.065766 -0.023981
v -0.014700 -0.065400 -0.023935
v -0.016500 -0.065400 -0.023935
v -0.014700 -0.065400 -0.023935
v -0.016500 -0.065400 -0.023935
v -0.014700 -0.065034 -0.023981
v -0.016500 -0.065034 -0.023981
v -0.014700 -0.065034 -0.023981
v -0.016500 -0.065034 -0.023981
v -0.014700 -0.064388 -0.024328
v -0.016500 -0.064388 -0.024328
v -0.014700 -0.064388 -0.024328
v -0.016500 -0.064388 -0.024328
v -0.014700 -0.063984 -0.024940
v -0.016500 -0.063984 -0.024940
v -0.014700 -0.063984 -0.024940
v -0.016500 -0.063984 -0.024940
v -0.014700 -0.063900 -0.025435
v -0.016500 -0.063900 -0.025435
v -0.007500 0.040000 0.063565
v -0.018500 0.040000 0.063565
v -0.007500 0.039924 0.063182
v -0.018500 0.039924 0.063182
v -0.007500 0.039924 0.063182
v -0.018500 0.039924 0.063182
v -0.007500 0.039707 0.062858
v -0.018500 0.039707 0.062858
v -0.007500 0.039707 0.062858
v -0.018500 0.039707 0.062858
v -0.007500 0.039383 0.062641
v -0.018500 0.039383 0.062641
v -0.007500 0.039383 0.062641
v -0.018500 0.039383 0.062641
v -0.007500 0.039000 0.062565
v -0.018500 0.039000 0.062565
v -0.007000 -0.039000 0.062065
v -0.007000 0.039000 0.062065
v -0.007004 -0.039000 0.062126
v -0.007004 -0.039000 0.062126
v -0.007000 0.039000 0.062065
v -0.007060 0.039000 0.062302
v -0.007004 -0.039000 0.062126
v -0.007060 0.039000 0.062302
v -0.007067 -0.039000 0.062315
v -0.007067 -0.039000 0.062315
v -0.007060 0.039000 0.062302
v -0.007067 0.039000 0.062315
v -0.007067 -0.039000 0.062315
v -0.007067 0.039000 0.062315
v -0.007086 -0.039000 0.062345
v -0.007086 -0.039000 0.062345
v -0.007067 0.039000 0.062315
v -0.007220 0.039000 0.062479
v -0.007086 -0.039000 0.062345
v -0.007220 0.039000 0.062479
v -0.007250 -0.039000 0.062498
v -0.007250 -0.039000 0.062498
v -0.007220 0.039000 0.062479
v -0.007250 0.039000 0.062498
v -0.007250 -0.039000 0.062498
v -0.007250 0.039000 0.062498
v -0.007263 -0.039000 0.062505
v -0.007263 -0.039000 0.062505
v -0.007250 0.039000 0.062498
v -0.007439 0.039000 0.062561
v -0.007263 -0.039000 0.062505
v -0.007439 0.039000 0.062561
v -0.007500 -0.039000 0.062565
v -0.007500 -0.039000 0.062565
v -0.007439 0.039000 0.062561
v -0.007500 0.039000 0.062565
v -0.018500 -0.040000 0.063565
v -0.007500 -0.040000 0.063565
v -0.018500 -0.039924 0.063182
v -0.007500 -0.039924 0.063182
v -0.018500 -0.039924 0.063182
v -0.007500 -0.039924 0.063182
v -0.018500 -0.039707 0.062858
v -0.007500 -0.039707 0.062858
v -0.018500 -0.039707 0.062858
v -0.007500 -0.039707 0.062858
v -0.018500 -0.039383 0.062641
v -0.007500 -0.039383 0.062641
v -0.018500 -0.039383 0.062641
v -0.007500 -0.039383 0.062641
v -0.018500 -0.039000 0.062565
v -0.007500 -0.039000 0.062565
v -0.018500 -0.040000 0.064465
v -0.018310 -0.040000 0.065422
v -0.017768 -0.040000 0.066233
v -0.007871 -0.040000 0.065281
v -0.007680 -0.040000 0.065183
v -0.007545 -0.040000 0.065006
v -0.016957 -0.040000 0.066775
v -0.016000 -0.040000 0.066965
v -0.018500 -0.040000 0.063565
v -0.014157 -0.040000 0.066965
v -0.007500 -0.040000 0.063565
v -0.007500 -0.040000 0.064798
v -0.015500 -0.045449 0.066833
v -0.014868 -0.045449 0.067465
v -0.015578 -0.045061 0.066833
v -0.014996 -0.044815 0.067465
v -0.015578 -0.045061 0.066833
v -0.014996 -0.044815 0.067465
v -0.015848 -0.044691 0.066833
v -0.015436 -0.044211 0.067465
v -0.015848 -0.044691 0.066833
v -0.015436 -0.044211 0.067465
v -0.016194 -0.044497 0.066833
v -0.016000 -0.043895 0.067465
v -0.015500 -0.049551 0.066833
v -0.014868 -0.049551 0.067465
v -0.015500 -0.045449 0.066833
v -0.014868 -0.045449 0.067465
v -0.016194 -0.050503 0.066833
v -0.016000 -0.051105 0.067465
v -0.015848 -0.050309 0.066833
v -0.015436 -0.050789 0.067465
v -0.015848 -0.050309 0.066833
v -0.015436 -0.050789 0.067465
v -0.015578 -0.049939 0.066833
v -0.014996 -0.050185 0.067465
v -0.015578 -0.049939 0.066833
v -0.014996 -0.050185 0.067465
v -0.015500 -0.049551 0.066833
v -0.014868 -0.049551 0.067465
v -0.014098 -0.054734 0.067407
v -0.014091 -0.054500 0.067465
v -0.016000 -0.054500 0.067465
v -0.016000 -0.055000 0.066965
v -0.014157 -0.055000 0.066965
v -0.016000 -0.054996 0.067026
v -0.014148 -0.054996 0.067028
v -0.016000 -0.054996 0.067026
v -0.014148 -0.054996 0.067028
v -0.016000 -0.054969 0.067138
v -0.014134 -0.054969 0.067138
v -0.016000 -0.054969 0.067138
v -0.014134 -0.054969 0.067138
v -0.016000 -0.054914 0.067245
v -0.016000 -0.054914 0.067245
v -0.014134 -0.054969 0.067138
v -0.014118 -0.054907 0.067255
v -0.016000 -0.054914 0.067245
v -0.014118 -0.054907 0.067255
v -0.016000 -0.054854 0.067319
v -0.016000 -0.054854 0.067319
v -0.014118 -0.054907 0.067255
v -0.014110 -0.054854 0.067318
v -0.016000 -0.054854 0.067319
v -0.014110 -0.054854 0.067318
v -0.016000 -0.054737 0.067405
v -0.016000 -0.054737 0.067405
v -0.014110 -0.054854 0.067318
v -0.014098 -0.054734 0.067407
v -0.016000 -0.054737 0.067405
v -0.014098 -0.054734 0.067407
v -0.016000 -0.054673 0.067434
v -0.016000 -0.054673 0.067434
v -0.014098 -0.054734 0.067407
v -0.016000 -0.054500 0.067465
v -0.011109 -0.048718 0.066666
v -0.011795 -0.049100 0.066850
v -0.007741 -0.054500 0.065764
v -0.007741 -0.040500 0.065764
v -0.011795 -0.045900 0.066850
v -0.011109 -0.046282 0.066666
v -0.014091 -0.054500 0.067465
v -0.012574 -0.049100 0.067059
v -0.013260 -0.048718 0.067242
v -0.012574 -0.045900 0.067059
v -0.014091 -0.040500 0.067465
v -0.013260 -0.046282 0.067242
v -0.013689 -0.048045 0.067357
v -0.013778 -0.047500 0.067381
v -0.013689 -0.046955 0.067357
v -0.010680 -0.046955 0.066551
v -0.010591 -0.047500 0.066527
v -0.010680 -0.048045 0.066551
v -0.014157 -0.040000 0.066965
v -0.016000 -0.040000 0.066965
v -0.014148 -0.040004 0.067028
v -0.014148 -0.040004 0.067028
v -0.016000 -0.040000 0.066965
v -0.016000 -0.040058 0.067199
v -0.014134 -0.040031 0.067138
v -0.014134 -0.040031 0.067138
v -0.016000 -0.040058 0.067199
v -0.014119 -0.040093 0.067255
v -0.014119 -0.040093 0.067255
v -0.016000 -0.040058 0.067199
v -0.016000 -0.040146 0.067319
v -0.014119 -0.040093 0.067255
v -0.016000 -0.040146 0.067319
v -0.014110 -0.040146 0.067318
v -0.014110 -0.040146 0.067318
v -0.016000 -0.040146 0.067319
v -0.016000 -0.040217 0.067377
v -0.014110 -0.040146 0.067318
v -0.016000 -0.040217 0.067377
v -0.014099 -0.040266 0.067407
v -0.014099 -0.040266 0.067407
v -0.016000 -0.040217 0.067377
v -0.016000 -0.040327 0.067434
v -0.014099 -0.040266 0.067407
v -0.016000 -0.040327 0.067434
v -0.014091 -0.040500 0.067465
v -0.016000 -0.040436 0.067461
v -0.014091 -0.040500 0.067465
v -0.016000 -0.040436 0.067461
v -0.016000 -0.040500 0.067465
v -0.016448 -0.044450 0.066796
v -0.016448 -0.044450 0.062515
v -0.016245 -0.044482 0.062526
v -0.016448 -0.044450 0.066796
v -0.016245 -0.044482 0.062526
v -0.016194 -0.044497 0.066833
v -0.015578 -0.045061 0.066833
v -0.015558 -0.045114 0.062562
v -0.015500 -0.045449 0.066833
v -0.015500 -0.045449 0.066833
v -0.015558 -0.045114 0.062562
v -0.015500 -0.045449 0.062565
v -0.016245 -0.044482 0.062526
v -0.016116 -0.044525 0.062533
v -0.016194 -0.044497 0.066833
v -0.016194 -0.044497 0.066833
v -0.016116 -0.044525 0.062533
v -0.015876 -0.044667 0.062545
v -0.016194 -0.044497 0.066833
v -0.015876 -0.044667 0.062545
v -0.015848 -0.044691 0.066833
v -0.015848 -0.044691 0.066833
v -0.015876 -0.044667 0.062545
v -0.015775 -0.044761 0.062551
v -0.015848 -0.044691 0.066833
v -0.015775 -0.044761 0.062551
v -0.015578 -0.045061 0.066833
v -0.015578 -0.045061 0.066833
v -0.015775 -0.044761 0.062551
v -0.015582 -0.045052 0.062561
v -0.015578 -0.045061 0.066833
v -0.015582 -0.045052 0.062561
v -0.015558 -0.045114 0.062562
v -0.015500 -0.049551 0.066833
v -0.015500 -0.049551 0.062565
v -0.015505 -0.049654 0.062565
v -0.016448 -0.050550 0.062515
v -0.016448 -0.050550 0.066796
v -0.016194 -0.050503 0.066833
v -0.016448 -0.050550 0.062515
v -0.016194 -0.050503 0.066833
v -0.015997 -0.050415 0.062539
v -0.015997 -0.050415 0.062539
v -0.016194 -0.050503 0.066833
v -0.015848 -0.050309 0.066833
v -0.015997 -0.050415 0.062539
v -0.015848 -0.050309 0.066833
v -0.015775 -0.050239 0.062551
v -0.015500 -0.049551 0.066833
v -0.015505 -0.049654 0.062565
v -0.015578 -0.049939 0.066833
v -0.015578 -0.049939 0.066833
v -0.015505 -0.049654 0.062565
v -0.015557 -0.049886 0.062562
v -0.015578 -0.049939 0.066833
v -0.015557 -0.049886 0.062562
v -0.015848 -0.050309 0.066833
v -0.015848 -0.050309 0.066833
v -0.015557 -0.049886 0.062562
v -0.015653 -0.050083 0.062557
v -0.015848 -0.050309 0.066833
v -0.015653 -0.050083 0.062557
v -0.015775 -0.050239 0.062551
v -0.018500 -0.055000 0.064465
v -0.018500 -0.055000 0.063565
v -0.007500 -0.055000 0.064798
v -0.007500 -0.055000 0.063565
v -0.016957 -0.055000 0.066775
v -0.017768 -0.055000 0.066233
v -0.016000 -0.055000 0.066965
v -0.018310 -0.055000 0.065422
v -0.007529 -0.055000 0.064965
v -0.007659 -0.055000 0.065163
v -0.007871 -0.055000 0.065281
v -0.014157 -0.055000 0.066965
v -0.018500 -0.056000 0.062565
v -0.007500 -0.056000 0.062565
v -0.018500 -0.055617 0.062641
v -0.018500 -0.055617 0.062641
v -0.007500 -0.056000 0.062565
v -0.007500 -0.055500 0.062699
v -0.018500 -0.055617 0.062641
v -0.007500 -0.055500 0.062699
v -0.018500 -0.055500 0.062699
v -0.018500 -0.055500 0.062699
v -0.007500 -0.055500 0.062699
v -0.018500 -0.055293 0.062858
v -0.018500 -0.055293 0.062858
v -0.007500 -0.055500 0.062699
v -0.007500 -0.055134 0.063065
v -0.018500 -0.055293 0.062858
v -0.007500 -0.055134 0.063065
v -0.018500 -0.055134 0.063065
v -0.018500 -0.055134 0.063065
v -0.007500 -0.055134 0.063065
v -0.018500 -0.055076 0.063182
v -0.018500 -0.055076 0.063182
v -0.007500 -0.055134 0.063065
v -0.007500 -0.055000 0.063565
v -0.018500 -0.055076 0.063182
v -0.007500 -0.055000 0.063565
v -0.018500 -0.055000 0.063565
v -0.007000 -0.061672 0.062065
v -0.007000 -0.056000 0.062065
v -0.007004 -0.061672 0.062126
v -0.007004 -0.056000 0.062126
v -0.007004 -0.061672 0.062126
v -0.007004 -0.056000 0.062126
v -0.007067 -0.061672 0.062315
v -0.007067 -0.056000 0.062315
v -0.007067 -0.061672 0.062315
v -0.007067 -0.056000 0.062315
v -0.007086 -0.061672 0.062345
v -0.007086 -0.056000 0.062345
v -0.007086 -0.061672 0.062345
v -0.007086 -0.056000 0.062345
v -0.007250 -0.061672 0.062498
v -0.007250 -0.056000 0.062498
v -0.007250 -0.061672 0.062498
v -0.007250 -0.056000 0.062498
v -0.007263 -0.061672 0.062505
v -0.007263 -0.056000 0.062505
v -0.007263 -0.061672 0.062505
v -0.007263 -0.056000 0.062505
v -0.007500 -0.061672 0.062565
v -0.007500 -0.056000 0.062565
v -0.007500 -0.061672 0.062565
v -0.018500 -0.061672 0.062565
v -0.018500 -0.062437 0.062413
v -0.007500 -0.062437 0.062413
v -0.007500 -0.062437 0.062413
v -0.018500 -0.062437 0.062413
v -0.018500 -0.063086 0.061979
v -0.007500 -0.063086 0.061979
v -0.018500 -0.067500 0.056737
v -0.007500 -0.067500 0.056737
v -0.007500 -0.067348 0.057502
v -0.018500 -0.067348 0.057502
v -0.018500 -0.067348 0.057502
v -0.007500 -0.067348 0.057502
v -0.007500 -0.066914 0.058151
v -0.018500 -0.066914 0.058151
v -0.007500 -0.063086 0.061979
v -0.007500 -0.066914 0.058151
v -0.007439 -0.066912 0.058148
v -0.007500 -0.063086 0.061979
v -0.007439 -0.066912 0.058148
v -0.007263 -0.063043 0.061937
v -0.007439 -0.066912 0.058148
v -0.007309 -0.066887 0.058124
v -0.007263 -0.063043 0.061937
v -0.007263 -0.063043 0.061937
v -0.007309 -0.066887 0.058124
v -0.007220 -0.066854 0.058090
v -0.007263 -0.063043 0.061937
v -0.007220 -0.066854 0.058090
v -0.007146 -0.062982 0.061876
v -0.007146 -0.062982 0.061876
v -0.007220 -0.066854 0.058090
v -0.007146 -0.066811 0.058047
v -0.007146 -0.062982 0.061876
v -0.007146 -0.066811 0.058047
v -0.007086 -0.062930 0.061824
v -0.007086 -0.062930 0.061824
v -0.007146 -0.066811 0.058047
v -0.007060 -0.066728 0.057965
v -0.007086 -0.062930 0.061824
v -0.007060 -0.066728 0.057965
v -0.007038 -0.062867 0.061761
v -0.007038 -0.062867 0.061761
v -0.007060 -0.066728 0.057965
v -0.007004 -0.062775 0.061669
v -0.007004 -0.062775 0.061669
v -0.007060 -0.066728 0.057965
v -0.007000 -0.066561 0.057797
v -0.007004 -0.062775 0.061669
v -0.007000 -0.066561 0.057797
v -0.007000 -0.062732 0.061626
v -0.007500 -0.067500 0.030893
v -0.018500 -0.067500 0.030893
v -0.007500 -0.067652 0.030128
v -0.018500 -0.067652 0.030128
v -0.007500 -0.067652 0.030128
v -0.018500 -0.067652 0.030128
v -0.007500 -0.068086 0.029479
v -0.018500 -0.068086 0.029479
v -0.007500 -0.067500 0.056737
v -0.007500 -0.067500 0.030893
v -0.007439 -0.067496 0.056737
v -0.007439 -0.067496 0.030893
v -0.007439 -0.067496 0.056737
v -0.007439 -0.067496 0.030893
v -0.007250 -0.067433 0.056737
v -0.007250 -0.067433 0.030893
v -0.007250 -0.067433 0.056737
v -0.007250 -0.067433 0.030893
v -0.007220 -0.067414 0.056737
v -0.007220 -0.067414 0.030893
v -0.007220 -0.067414 0.056737
v -0.007220 -0.067414 0.030893
v -0.007067 -0.067250 0.056737
v -0.007067 -0.067250 0.030893
v -0.007067 -0.067250 0.056737
v -0.007067 -0.067250 0.030893
v -0.007060 -0.067237 0.056737
v -0.007060 -0.067237 0.030893
v -0.007060 -0.067237 0.056737
v -0.007060 -0.067237 0.030893
v -0.007000 -0.067000 0.056737
v -0.007000 -0.067000 0.030893
v -0.018500 -0.070500 0.026237
v -0.007500 -0.070500 0.026237
v -0.007500 -0.070348 0.027002
v -0.018500 -0.070348 0.027002
v -0.018500 -0.070348 0.027002
v -0.007500 -0.070348 0.027002
v -0.007500 -0.069914 0.027651
v -0.018500 -0.069914 0.027651
v -0.007500 -0.068086 0.029479
v -0.007500 -0.069914 0.027651
v -0.007439 -0.068083 0.029477
v -0.007439 -0.069912 0.027648
v -0.007439 -0.068083 0.029477
v -0.007439 -0.069912 0.027648
v -0.007309 -0.068059 0.029452
v -0.007309 -0.069887 0.027624
v -0.007309 -0.068059 0.029452
v -0.007309 -0.069887 0.027624
v -0.007220 -0.068025 0.029419
v -0.007220 -0.069854 0.027590
v -0.007220 -0.068025 0.029419
v -0.007220 -0.069854 0.027590
v -0.007146 -0.067982 0.029376
v -0.007146 -0.069811 0.027547
v -0.007146 -0.067982 0.029376
v -0.007146 -0.069811 0.027547
v -0.007060 -0.067900 0.029293
v -0.007060 -0.069728 0.027465
v -0.007060 -0.067900 0.029293
v -0.007060 -0.069728 0.027465
v -0.007038 -0.067868 0.029261
v -0.007038 -0.069696 0.027432
v -0.007038 -0.067868 0.029261
v -0.007038 -0.069696 0.027432
v -0.007000 -0.069561 0.027297
v -0.007000 -0.067732 0.029126
v -0.018500 -0.069914 -0.027521
v -0.007500 -0.069914 -0.027521
v -0.007500 -0.070348 -0.026872
v -0.018500 -0.070348 -0.026872
v -0.018500 -0.070348 -0.026872
v -0.007500 -0.070348 -0.026872
v -0.007500 -0.070500 -0.026107
v -0.018500 -0.070500 -0.026107
v -0.007000 -0.070000 -0.026107
v -0.007000 -0.070000 0.026237
v -0.007060 -0.070237 -0.026107
v -0.007060 -0.070237 0.026237
v -0.007060 -0.070237 -0.026107
v -0.007060 -0.070237 0.026237
v -0.007067 -0.070250 -0.026107
v -0.007067 -0.070250 0.026237
v -0.007067 -0.070250 -0.026107
v -0.007067 -0.070250 0.026237
v -0.007220 -0.070414 -0.026107
v -0.007220 -0.070414 0.026237
v -0.007220 -0.070414 -0.026107
v -0.007220 -0.070414 0.026237
v -0.007250 -0.070433 -0.026107
v -0.007250 -0.070433 0.026237
v -0.007250 -0.070433 -0.026107
v -0.007250 -0.070433 0.026237
v -0.007439 -0.070496 -0.026107
v -0.007439 -0.070496 0.026237
v -0.007439 -0.070496 -0.026107
v -0.007439 -0.070496 0.026237
v -0.007500 -0.070500 -0.026107
v -0.007500 -0.070500 0.026237
v -0.007500 -0.068086 -0.029349
v -0.018500 -0.068086 -0.029349
v -0.007500 -0.067652 -0.029998
v -0.018500 -0.067652 -0.029998
v -0.007500 -0.067652 -0.029998
v -0.018500 -0.067652 -0.029998
v -0.007500 -0.067500 -0.030763
v -0.018500 -0.067500 -0.030763
v -0.007500 -0.069914 -0.027521
v -0.007500 -0.068086 -0.029349
v -0.007439 -0.069912 -0.027518
v -0.007439 -0.068083 -0.029347
v -0.007439 -0.069912 -0.027518
v -0.007439 -0.068083 -0.029347
v -0.007250 -0.069867 -0.027473
v -0.007250 -0.068038 -0.029302
v -0.007250 -0.069867 -0.027473
v -0.007250 -0.068038 -0.029302
v -0.007220 -0.069854 -0.027460
v -0.007220 -0.068025 -0.029289
v -0.007220 -0.069854 -0.027460
v -0.007220 -0.068025 -0.029289
v -0.007067 -0.069737 -0.027344
v -0.007067 -0.067909 -0.029172
v -0.007067 -0.069737 -0.027344
v -0.007067 -0.067909 -0.029172
v -0.007060 -0.069728 -0.027335
v -0.007060 -0.067900 -0.029163
v -0.007060 -0.069728 -0.027335
v -0.007060 -0.067900 -0.029163
v -0.007000 -0.069561 -0.027167
v -0.007000 -0.067732 -0.028996
v -0.018500 -0.066914 -0.058021
v -0.007500 -0.066914 -0.058021
v -0.007500 -0.067348 -0.057372
v -0.018500 -0.067348 -0.057372
v -0.018500 -0.067348 -0.057372
v -0.007500 -0.067348 -0.057372
v -0.007500 -0.067500 -0.056607
v -0.018500 -0.067500 -0.056607
v -0.007000 -0.067000 -0.056607
v -0.007000 -0.067000 -0.030763
v -0.007060 -0.067237 -0.056607
v -0.007060 -0.067237 -0.030763
v -0.007060 -0.067237 -0.056607
v -0.007060 -0.067237 -0.030763
v -0.007067 -0.067250 -0.056607
v -0.007067 -0.067250 -0.030763
v -0.007067 -0.067250 -0.056607
v -0.007067 -0.067250 -0.030763
v -0.007220 -0.067414 -0.056607
v -0.007220 -0.067414 -0.030763
v -0.007220 -0.067414 -0.056607
v -0.007220 -0.067414 -0.030763
v -0.007250 -0.067433 -0.056607
v -0.007250 -0.067433 -0.030763
v -0.007250 -0.067433 -0.056607
v -0.007250 -0.067433 -0.030763
v -0.007439 -0.067496 -0.056607
v -0.007439 -0.067496 -0.030763
v -0.007439 -0.067496 -0.056607
v -0.007439 -0.067496 -0.030763
v -0.007500 -0.067500 -0.056607
v -0.007500 -0.067500 -0.030763
v -0.018500 -0.061672 -0.062435
v -0.007500 -0.061672 -0.062435
v -0.007500 -0.062437 -0.062283
v -0.018500 -0.062437 -0.062283
v -0.018500 -0.062437 -0.062283
v -0.007500 -0.062437 -0.062283
v -0.007500 -0.063086 -0.061849
v -0.018500 -0.063086 -0.061849
v -0.007000 -0.062732 -0.061496
v -0.007000 -0.066561 -0.057667
v -0.007060 -0.062900 -0.061663
v -0.007060 -0.066728 -0.057835
v -0.007060 -0.062900 -0.061663
v -0.007060 -0.066728 -0.057835
v -0.007067 -0.062909 -0.061672
v -0.007067 -0.066737 -0.057844
v -0.007067 -0.062909 -0.061672
v -0.007067 -0.066737 -0.057844
v -0.007220 -0.063025 -0.061789
v -0.007220 -0.066854 -0.057960
v -0.007220 -0.063025 -0.061789
v -0.007220 -0.066854 -0.057960
v -0.007250 -0.063038 -0.061802
v -0.007250 -0.066867 -0.057973
v -0.007250 -0.063038 -0.061802
v -0.007250 -0.066867 -0.057973
v -0.007439 -0.063083 -0.061847
v -0.007439 -0.066912 -0.058018
v -0.007439 -0.063083 -0.061847
v -0.007439 -0.066912 -0.058018
v -0.007500 -0.063086 -0.061849
v -0.007500 -0.066914 -0.058021
v -0.018500 0.063086 -0.061849
v -0.007500 0.063086 -0.061849
v -0.007500 0.062437 -0.062283
v -0.018500 0.062437 -0.062283
v -0.018500 0.062437 -0.062283
v -0.007500 0.062437 -0.062283
v -0.007500 0.061672 -0.062435
v -0.018500 0.061672 -0.062435
v -0.007000 0.061672 -0.061935
v -0.007000 -0.061672 -0.061935
v -0.007060 0.061672 -0.062172
v -0.007060 -0.061672 -0.062172
v -0.007060 0.061672 -0.062172
v -0.007060 -0.061672 -0.062172
v -0.007067 0.061672 -0.062185
v -0.007067 -0.061672 -0.062185
v -0.007067 0.061672 -0.062185
v -0.007067 -0.061672 -0.062185
v -0.007220 0.061672 -0.062349
v -0.007220 -0.061672 -0.062349
v -0.007220 0.061672 -0.062349
v -0.007220 -0.061672 -0.062349
v -0.007250 0.061672 -0.062368
v -0.007250 -0.061672 -0.062368
v -0.007250 0.061672 -0.062368
v -0.007250 -0.061672 -0.062368
v -0.007439 0.061672 -0.062431
v -0.007439 -0.061672 -0.062431
v -0.007439 0.061672 -0.062431
v -0.007439 -0.061672 -0.062431
v -0.007500 0.061672 -0.062435
v -0.007500 -0.061672 -0.062435
v -0.018500 0.067500 -0.056607
v -0.007500 0.067500 -0.056607
v -0.007500 0.067348 -0.057372
v -0.018500 0.067348 -0.057372
v -0.018500 0.067348 -0.057372
v -0.007500 0.067348 -0.057372
v -0.007500 0.066914 -0.058021
v -0.018500 0.066914 -0.058021
v -0.007500 0.063086 -0.061849
v -0.007500 0.066914 -0.058021
v -0.007439 0.063083 -0.061847
v -0.007439 0.066912 -0.058018
v -0.007439 0.063083 -0.061847
v -0.007439 0.066912 -0.058018
v -0.007309 0.063059 -0.061822
v -0.007309 0.066887 -0.057994
v -0.007309 0.063059 -0.061822
v -0.007309 0.066887 -0.057994
v -0.007220 0.063025 -0.061789
v -0.007220 0.066854 -0.057960
v -0.007220 0.063025 -0.061789
v -0.007220 0.066854 -0.057960
v -0.007146 0.062982 -0.061746
v -0.007146 0.066811 -0.057917
v -0.007146 0.062982 -0.061746
v -0.007146 0.066811 -0.057917
v -0.007060 0.062900 -0.061663
v -0.007060 0.066728 -0.057835
v -0.007060 0.062900 -0.061663
v -0.007060 0.066728 -0.057835
v -0.007038 0.062867 -0.061631
v -0.007038 0.066696 -0.057802
v -0.007038 0.062867 -0.061631
v -0.007038 0.066696 -0.057802
v -0.007000 0.066561 -0.057667
v -0.007000 0.062732 -0.061496
v -0.018500 0.068086 -0.029349
v -0.007500 0.068086 -0.029349
v -0.018500 0.067652 -0.029998
v -0.007500 0.067652 -0.029998
v -0.018500 0.067652 -0.029998
v -0.007500 0.067652 -0.029998
v -0.018500 0.067500 -0.030763
v -0.007500 0.067500 -0.030763
v -0.007000 0.067000 -0.030763
v -0.007000 0.067000 -0.056607
v -0.007004 0.067061 -0.030763
v -0.007004 0.067061 -0.030763
v -0.007000 0.067000 -0.056607
v -0.007060 0.067237 -0.056607
v -0.007004 0.067061 -0.030763
v -0.007060 0.067237 -0.056607
v -0.007067 0.067250 -0.030763
v -0.007067 0.067250 -0.030763
v -0.007060 0.067237 -0.056607
v -0.007067 0.067250 -0.056607
v -0.007067 0.067250 -0.030763
v -0.007067 0.067250 -0.056607
v -0.007086 0.067280 -0.030763
v -0.007086 0.067280 -0.030763
v -0.007067 0.067250 -0.056607
v -0.007220 0.067414 -0.056607
v -0.007086 0.067280 -0.030763
v -0.007220 0.067414 -0.056607
v -0.007250 0.067433 -0.030763
v -0.007250 0.067433 -0.030763
v -0.007220 0.067414 -0.056607
v -0.007250 0.067433 -0.056607
v -0.007250 0.067433 -0.030763
v -0.007250 0.067433 -0.056607
v -0.007263 0.067440 -0.030763
v -0.007263 0.067440 -0.030763
v -0.007250 0.067433 -0.056607
v -0.007439 0.067496 -0.056607
v -0.007263 0.067440 -0.030763
v -0.007439 0.067496 -0.056607
v -0.007500 0.067500 -0.030763
v -0.007500 0.067500 -0.030763
v -0.007439 0.067496 -0.056607
v -0.007500 0.067500 -0.056607
v -0.007500 0.068086 -0.029349
v -0.007500 0.069914 -0.027521
v -0.007439 0.069912 -0.027518
v -0.007500 0.068086 -0.029349
v -0.007439 0.069912 -0.027518
v -0.007263 0.068044 -0.029307
v -0.007439 0.069912 -0.027518
v -0.007309 0.069887 -0.027494
v -0.007263 0.068044 -0.029307
v -0.007263 0.068044 -0.029307
v -0.007309 0.069887 -0.027494
v -0.007220 0.069854 -0.027460
v -0.007263 0.068044 -0.029307
v -0.007220 0.069854 -0.027460
v -0.007146 0.067982 -0.029246
v -0.007146 0.067982 -0.029246
v -0.007220 0.069854 -0.027460
v -0.007146 0.069811 -0.027417
v -0.007146 0.067982 -0.029246
v -0.007146 0.069811 -0.027417
v -0.007086 0.067930 -0.029194
v -0.007086 0.067930 -0.029194
v -0.007146 0.069811 -0.027417
v -0.007060 0.069728 -0.027335
v -0.007086 0.067930 -0.029194
v -0.007060 0.069728 -0.027335
v -0.007038 0.067868 -0.029131
v -0.007038 0.067868 -0.029131
v -0.007060 0.069728 -0.027335
v -0.007004 0.067775 -0.029039
v -0.007004 0.067775 -0.029039
v -0.007060 0.069728 -0.027335
v -0.007000 0.069561 -0.027167
v -0.007004 0.067775 -0.029039
v -0.007000 0.069561 -0.027167
v -0.007000 0.067732 -0.028996
v -0.018500 0.070500 -0.026107
v -0.007500 0.070500 -0.026107
v -0.007500 0.070348 -0.026872
v -0.018500 0.070348 -0.026872
v -0.018500 0.070348 -0.026872
v -0.007500 0.070348 -0.026872
v -0.007500 0.069914 -0.027521
v -0.018500 0.069914 -0.027521
v -0.007000 0.070000 0.026237
v -0.007000 0.070000 -0.026107
v -0.007060 0.070237 0.026237
v -0.007060 0.070237 -0.026107
v -0.007060 0.070237 0.026237
v -0.007060 0.070237 -0.026107
v -0.007067 0.070250 0.026237
v -0.007067 0.070250 -0.026107
v -0.007067 0.070250 0.026237
v -0.007067 0.070250 -0.026107
v -0.007220 0.070414 0.026237
v -0.007220 0.070414 -0.026107
v -0.007220 0.070414 0.026237
v -0.007220 0.070414 -0.026107
v -0.007250 0.070433 0.026237
v -0.007250 0.070433 -0.026107
v -0.007250 0.070433 0.026237
v -0.007250 0.070433 -0.026107
v -0.007439 0.070496 0.026237
v -0.007439 0.070496 -0.026107
v -0.007439 0.070496 0.026237
v -0.007439 0.070496 -0.026107
v -0.007500 0.070500 0.026237
v -0.007500 0.070500 -0.026107
v -0.018500 0.069914 0.027651
v -0.007500 0.069914 0.027651
v -0.007500 0.070348 0.027002
v -0.018500 0.070348 0.027002
v -0.018500 0.070348 0.027002
v -0.007500 0.070348 0.027002
v -0.007500 0.070500 0.026237
v -0.018500 0.070500 0.026237
v -0.007000 0.067732 0.029126
v -0.007000 0.069561 0.027297
v -0.007004 0.067775 0.029169
v -0.007004 0.067775 0.029169
v -0.007000 0.069561 0.027297
v -0.007060 0.069728 0.027465
v -0.007004 0.067775 0.029169
v -0.007060 0.069728 0.027465
v -0.007067 0.067909 0.029302
v -0.007067 0.067909 0.029302
v -0.007060 0.069728 0.027465
v -0.007067 0.069737 0.027474
v -0.007067 0.067909 0.029302
v -0.007067 0.069737 0.027474
v -0.007086 0.067930 0.029324
v -0.007086 0.067930 0.029324
v -0.007067 0.069737 0.027474
v -0.007220 0.069854 0.027590
v -0.007086 0.067930 0.029324
v -0.007220 0.069854 0.027590
v -0.007250 0.068038 0.029432
v -0.007250 0.068038 0.029432
v -0.007220 0.069854 0.027590
v -0.007250 0.069867 0.027603
v -0.007250 0.068038 0.029432
v -0.007250 0.069867 0.027603
v -0.007263 0.068044 0.029437
v -0.007263 0.068044 0.029437
v -0.007250 0.069867 0.027603
v -0.007439 0.069912 0.027648
v -0.007263 0.068044 0.029437
v -0.007439 0.069912 0.027648
v -0.007500 0.068086 0.029479
v -0.007500 0.068086 0.029479
v -0.007439 0.069912 0.027648
v -0.007500 0.069914 0.027651
v -0.018500 0.067500 0.030893
v -0.007500 0.067500 0.030893
v -0.018500 0.067652 0.030128
v -0.007500 0.067652 0.030128
v -0.018500 0.067652 0.030128
v -0.007500 0.067652 0.030128
v -0.018500 0.068086 0.029479
v -0.007500 0.068086 0.029479
v -0.007500 0.067500 0.056737
v -0.018500 0.067500 0.056737
v -0.018500 0.067348 0.057502
v -0.007500 0.067348 0.057502
v -0.007500 0.067348 0.057502
v -0.018500 0.067348 0.057502
v -0.018500 0.066914 0.058151
v -0.007500 0.066914 0.058151
v -0.007000 0.067000 0.056737
v -0.007000 0.067000 0.030893
v -0.007004 0.067061 0.056737
v -0.007004 0.067061 0.030893
v -0.007004 0.067061 0.056737
v -0.007004 0.067061 0.030893
v -0.007067 0.067250 0.056737
v -0.007067 0.067250 0.030893
v -0.007067 0.067250 0.056737
v -0.007067 0.067250 0.030893
v -0.007086 0.067280 0.056737
v -0.007086 0.067280 0.030893
v -0.007086 0.067280 0.056737
v -0.007086 0.067280 0.030893
v -0.007250 0.067433 0.056737
v -0.007250 0.067433 0.030893
v -0.007250 0.067433 0.056737
v -0.007250 0.067433 0.030893
v -0.007263 0.067440 0.056737
v -0.007263 0.067440 0.030893
v -0.007263 0.067440 0.056737
v -0.007263 0.067440 0.030893
v -0.007500 0.067500 0.056737
v -0.007500 0.067500 0.030893
v -0.018500 0.061672 0.062565
v -0.007500 0.061672 0.062565
v -0.007500 0.062437 0.062413
v -0.018500 0.062437 0.062413
v -0.018500 0.062437 0.062413
v -0.007500 0.062437 0.062413
v -0.007500 0.063086 0.061979
v -0.018500 0.063086 0.061979
v -0.007250 0.066867 0.058103
v -0.007263 0.066872 0.058109
v -0.007439 0.063083 0.061977
v -0.007439 0.063083 0.061977
v -0.007263 0.066872 0.058109
v -0.007500 0.066914 0.058151
v -0.007439 0.063083 0.061977
v -0.007500 0.066914 0.058151
v -0.007500 0.063086 0.061979
v -0.007439 0.063083 0.061977
v -0.007250 0.063038 0.061932
v -0.007250 0.066867 0.058103
v -0.007250 0.066867 0.058103
v -0.007250 0.063038 0.061932
v -0.007220 0.063025 0.061919
v -0.007250 0.066867 0.058103
v -0.007220 0.063025 0.061919
v -0.007086 0.066759 0.057995
v -0.007086 0.066759 0.057995
v -0.007220 0.063025 0.061919
v -0.007067 0.062909 0.061802
v -0.007000 0.062732 0.061626
v -0.007000 0.066561 0.057797
v -0.007060 0.062900 0.061793
v -0.007060 0.062900 0.061793
v -0.007000 0.066561 0.057797
v -0.007004 0.066604 0.057840
v -0.007060 0.062900 0.061793
v -0.007004 0.066604 0.057840
v -0.007067 0.062909 0.061802
v -0.007067 0.062909 0.061802
v -0.007004 0.066604 0.057840
v -0.007067 0.066737 0.057974
v -0.007067 0.062909 0.061802
v -0.007067 0.066737 0.057974
v -0.007086 0.066759 0.057995
v -0.007500 0.061672 0.062565
v -0.007500 0.056000 0.062565
v -0.007439 0.061672 0.062561
v -0.007439 0.056000 0.062561
v -0.007439 0.061672 0.062561
v -0.007439 0.056000 0.062561
v -0.007250 0.061672 0.062498
v -0.007250 0.056000 0.062498
v -0.007250 0.061672 0.062498
v -0.007250 0.056000 0.062498
v -0.007220 0.061672 0.062479
v -0.007220 0.056000 0.062479
v -0.007220 0.061672 0.062479
v -0.007220 0.056000 0.062479
v -0.007067 0.061672 0.062315
v -0.007067 0.056000 0.062315
v -0.007067 0.061672 0.062315
v -0.007067 0.056000 0.062315
v -0.007060 0.061672 0.062302
v -0.007060 0.056000 0.062302
v -0.007060 0.061672 0.062302
v -0.007060 0.056000 0.062302
v -0.007000 0.061672 0.062065
v -0.007000 0.056000 0.062065
v -0.007500 0.056000 0.062565
v -0.018500 0.056000 0.062565
v -0.007500 0.055617 0.062641
v -0.018500 0.055617 0.062641
v -0.007500 0.055617 0.062641
v -0.018500 0.055617 0.062641
v -0.007500 0.055293 0.062858
v -0.018500 0.055293 0.062858
v -0.007500 0.055293 0.062858
v -0.018500 0.055293 0.062858
v -0.007500 0.055076 0.063182
v -0.018500 0.055076 0.063182
v -0.007500 0.055076 0.063182
v -0.018500 0.055076 0.063182
v -0.007500 0.055000 0.063565
v -0.018500 0.055000 0.063565
v -0.007500 0.055000 0.064798
v -0.007500 0.055000 0.063565
v -0.018500 0.055000 0.063565
v -0.018500 0.055000 0.064465
v -0.018310 0.055000 0.065422
v -0.017768 0.055000 0.066233
v -0.007679 0.055000 0.065181
v -0.007547 0.055000 0.065009
v -0.007871 0.055000 0.065281
v -0.014157 0.055000 0.066965
v -0.016000 0.055000 0.066965
v -0.016957 0.055000 0.066775
v -0.011109 0.046282 0.066666
v -0.011795 0.045900 0.066850
v -0.007741 0.040500 0.065764
v -0.013689 0.048045 0.067357
v -0.014091 0.054500 0.067465
v -0.013778 0.047500 0.067381
v -0.014091 0.040500 0.067465
v -0.013689 0.046955 0.067357
v -0.013260 0.046282 0.067242
v -0.012574 0.045900 0.067059
v -0.013260 0.048718 0.067242
v -0.012574 0.049100 0.067059
v -0.007741 0.054500 0.065764
v -0.011795 0.049100 0.066850
v -0.011109 0.048718 0.066666
v -0.010680 0.048045 0.066551
v -0.010591 0.047500 0.066527
v -0.010680 0.046955 0.066551
v -0.014157 0.055000 0.066965
v -0.016000 0.055000 0.066965
v -0.014148 0.054996 0.067028
v -0.014148 0.054996 0.067028
v -0.016000 0.055000 0.066965
v -0.016000 0.054942 0.067199
v -0.014134 0.054969 0.067138
v -0.014134 0.054969 0.067138
v -0.016000 0.054942 0.067199
v -0.014119 0.054907 0.067255
v -0.014119 0.054907 0.067255
v -0.016000 0.054942 0.067199
v -0.016000 0.054854 0.067319
v -0.014119 0.054907 0.067255
v -0.016000 0.054854 0.067319
v -0.014110 0.054854 0.067318
v -0.014110 0.054854 0.067318
v -0.016000 0.054854 0.067319
v -0.016000 0.054783 0.067377
v -0.014110 0.054854 0.067318
v -0.016000 0.054783 0.067377
v -0.014099 0.054734 0.067407
v -0.014099 0.054734 0.067407
v -0.016000 0.054783 0.067377
v -0.016000 0.054673 0.067434
v -0.014099 0.054734 0.067407
v -0.016000 0.054673 0.067434
v -0.014091 0.054500 0.067465
v -0.016000 0.054564 0.067461
v -0.014091 0.054500 0.067465
v -0.016000 0.054564 0.067461
v -0.016000 0.054500 0.067465
v -0.015500 0.049551 0.066833
v -0.014868 0.049551 0.067465
v -0.015578 0.049939 0.066833
v -0.014996 0.050185 0.067465
v -0.015578 0.049939 0.066833
v -0.014996 0.050185 0.067465
v -0.015848 0.050309 0.066833
v -0.015436 0.050789 0.067465
v -0.015848 0.050309 0.066833
v -0.015436 0.050789 0.067465
v -0.016194 0.050503 0.066833
v -0.016000 0.051105 0.067465
v -0.015500 0.045449 0.066833
v -0.014868 0.045449 0.067465
v -0.015500 0.049551 0.066833
v -0.014868 0.049551 0.067465
v -0.016194 0.044497 0.066833
v -0.016000 0.043895 0.067465
v -0.015848 0.044691 0.066833
v -0.015436 0.044211 0.067465
v -0.015848 0.044691 0.066833
v -0.015436 0.044211 0.067465
v -0.015578 0.045061 0.066833
v -0.014996 0.044815 0.067465
v -0.015578 0.045061 0.066833
v -0.014996 0.044815 0.067465
v -0.015500 0.045449 0.066833
v -0.014868 0.045449 0.067465
v -0.014091 0.040500 0.067465
v -0.016000 0.040500 0.067465
v -0.014092 0.040434 0.067461
v -0.014092 0.040434 0.067461
v -0.016000 0.040500 0.067465
v -0.016000 0.040263 0.067405
v -0.014128 0.040050 0.067184
v -0.014110 0.040146 0.067318
v -0.016000 0.040146 0.067319
v -0.016000 0.040146 0.067319
v -0.014110 0.040146 0.067318
v -0.014102 0.040218 0.067378
v -0.016000 0.040146 0.067319
v -0.014102 0.040218 0.067378
v -0.016000 0.040263 0.067405
v -0.016000 0.040263 0.067405
v -0.014102 0.040218 0.067378
v -0.014095 0.040327 0.067434
v -0.014095 0.040327 0.067434
v -0.016000 0.040146 0.067319
v -0.016000 0.040086 0.067245
v -0.014128 0.040050 0.067184
v -0.014128 0.040050 0.067184
v -0.016000 0.040086 0.067245
v -0.016000 0.040031 0.067138
v -0.014128 0.040050 0.067184
v -0.016000 0.040031 0.067138
v -0.014157 0.040000 0.066965
v -0.014157 0.040000 0.066965
v -0.016000 0.040031 0.067138
v -0.016000 0.040004 0.067026
v -0.014157 0.040000 0.066965
v -0.016000 0.040004 0.067026
v -0.016000 0.040000 0.066965
v -0.016448 0.050550 0.066796
v -0.016448 0.050550 0.062515
v -0.016245 0.050519 0.062526
v -0.016448 0.050550 0.066796
v -0.016245 0.050519 0.062526
v -0.016194 0.050503 0.066833
v -0.015578 0.049939 0.066833
v -0.015558 0.049886 0.062562
v -0.015500 0.049551 0.066833
v -0.015500 0.049551 0.066833
v -0.015558 0.049886 0.062562
v -0.015500 0.049551 0.062565
v -0.016245 0.050519 0.062526
v -0.016116 0.050475 0.062533
v -0.016194 0.050503 0.066833
v -0.016194 0.050503 0.066833
v -0.016116 0.050475 0.062533
v -0.015876 0.050333 0.062545
v -0.016194 0.050503 0.066833
v -0.015876 0.050333 0.062545
v -0.015848 0.050309 0.066833
v -0.015848 0.050309 0.066833
v -0.015876 0.050333 0.062545
v -0.015775 0.050239 0.062551
v -0.015848 0.050309 0.066833
v -0.015775 0.050239 0.062551
v -0.015578 0.049939 0.066833
v -0.015578 0.049939 0.066833
v -0.015775 0.050239 0.062551
v -0.015582 0.049948 0.062561
v -0.015578 0.049939 0.066833
v -0.015582 0.049948 0.062561
v -0.015558 0.049886 0.062562
v -0.015500 0.045449 0.066833
v -0.015500 0.045449 0.062565
v -0.015505 0.045346 0.062565
v -0.016448 0.044450 0.062515
v -0.016448 0.044450 0.066796
v -0.016194 0.044497 0.066833
v -0.016448 0.044450 0.062515
v -0.016194 0.044497 0.066833
v -0.015997 0.044585 0.062539
v -0.015997 0.044585 0.062539
v -0.016194 0.044497 0.066833
v -0.015848 0.044691 0.066833
v -0.015997 0.044585 0.062539
v -0.015848 0.044691 0.066833
v -0.015775 0.044761 0.062551
v -0.015500 0.045449 0.066833
v -0.015505 0.045346 0.062565
v -0.015578 0.045061 0.066833
v -0.015578 0.045061 0.066833
v -0.015505 0.045346 0.062565
v -0.015557 0.045114 0.062562
v -0.015578 0.045061 0.066833
v -0.015557 0.045114 0.062562
v -0.015848 0.044691 0.066833
v -0.015848 0.044691 0.066833
v -0.015557 0.045114 0.062562
v -0.015653 0.044917 0.062557
v -0.015848 0.044691 0.066833
v -0.015653 0.044917 0.062557
v -0.015775 0.044761 0.062551
v -0.018500 0.040000 0.063565
v -0.007500 0.040000 0.063565
v -0.007500 0.040000 0.064798
v -0.007546 0.040000 0.065007
v -0.007681 0.040000 0.065183
v -0.007871 0.040000 0.065281
v -0.017768 0.040000 0.066233
v -0.018310 0.040000 0.065422
v -0.016957 0.040000 0.066775
v -0.018500 0.040000 0.064465
v -0.016000 0.040000 0.066965
v -0.014157 0.040000 0.066965
v -0.011700 -0.040606 0.015002
v -0.011700 -0.040552 0.015315
v -0.011700 -0.042394 0.015002
v -0.011700 -0.040606 0.015628
v -0.011700 -0.042394 0.015628
v -0.011700 -0.042448 0.015315
v -0.011700 -0.041269 0.014396
v -0.011700 -0.040861 0.014616
v -0.011700 -0.041731 0.014396
v -0.011700 -0.042139 0.014616
v -0.011700 -0.041731 0.016234
v -0.011700 -0.042139 0.016014
v -0.011700 -0.041269 0.016234
v -0.011700 -0.040861 0.016014
v -0.011700 -0.052861 0.016014
v -0.011700 -0.053268 0.016234
v -0.011700 -0.053732 0.016234
v -0.011700 -0.054448 0.015315
v -0.011700 -0.052606 0.015628
v -0.011700 -0.054394 0.015628
v -0.011700 -0.054139 0.016014
v -0.011700 -0.053732 0.014396
v -0.011700 -0.053268 0.014396
v -0.011700 -0.054139 0.014616
v -0.011700 -0.052861 0.014616
v -0.011700 -0.054394 0.015002
v -0.011700 -0.052606 0.015002
v -0.011700 -0.052552 0.015315
v -0.017500 -0.042500 0.016715
v -0.017500 -0.040500 0.016715
v -0.017500 -0.042500 0.018565
v -0.017500 0.034549 0.040141
v -0.017500 0.034250 0.040125
v -0.017500 0.040500 0.016715
v -0.017500 0.042500 0.016715
v -0.017500 0.042500 0.018565
v -0.017500 -0.044500 0.020565
v -0.017500 -0.044376 0.019873
v -0.017500 -0.034619 0.040150
v -0.017500 -0.034250 0.040125
v -0.017500 -0.043192 0.018689
v -0.017500 -0.043914 0.019151
v -0.017500 -0.028621 0.018936
v -0.017500 -0.038980 0.016085
v -0.017500 -0.038483 0.015309
v -0.017500 -0.035790 0.040597
v -0.017500 -0.036382 0.041138
v -0.017500 -0.044500 0.039875
v -0.017500 -0.037074 0.041681
v -0.017500 -0.037933 0.041875
v -0.017500 -0.043914 0.041289
v -0.017500 -0.044376 0.040567
v -0.017500 -0.043192 0.041751
v -0.017500 -0.042500 0.041875
v -0.017500 0.038483 0.015309
v -0.017500 0.038980 0.016085
v -0.017500 0.029500 0.016815
v -0.017500 -0.044500 -0.039745
v -0.017500 -0.028621 -0.023306
v -0.017500 -0.029315 -0.022223
v -0.017500 -0.040500 -0.001585
v -0.017500 -0.043000 -0.001585
v -0.017500 -0.043196 -0.001598
v -0.017500 -0.038350 0.000565
v -0.017500 -0.038483 -0.000179
v -0.017500 -0.029500 -0.021185
v -0.017500 -0.038980 -0.000955
v -0.017500 -0.039756 -0.001452
v -0.017500 -0.027538 0.019630
v -0.017500 -0.039756 0.016582
v -0.017500 0.044500 -0.039745
v -0.017500 0.040500 -0.001585
v -0.017500 0.039756 -0.001452
v -0.017500 0.039756 0.016582
v -0.017500 0.028621 -0.023306
v -0.017500 0.027538 -0.024000
v -0.017500 0.034250 -0.039995
v -0.017500 0.026500 -0.024185
v -0.017500 -0.034250 -0.039995
v -0.017500 -0.026500 0.019815
v -0.017500 0.026500 0.019815
v -0.017500 0.035710 0.040544
v -0.017500 0.027538 0.019630
v -0.017500 0.028621 0.018936
v -0.017500 0.036382 0.041138
v -0.017500 0.044500 0.039875
v -0.017500 0.044500 0.020565
v -0.017500 0.029315 0.017853
v -0.017500 0.029315 -0.022223
v -0.017500 0.029500 -0.021185
v -0.017500 0.038980 -0.000955
v -0.017500 0.043192 0.018689
v -0.017500 0.044376 0.019873
v -0.017500 0.043914 0.019151
v -0.017500 0.034549 -0.040011
v -0.017500 0.035710 -0.040414
v -0.017500 0.036382 -0.041008
v -0.017500 0.037074 -0.041551
v -0.017500 0.042500 -0.041745
v -0.017500 0.043192 -0.041621
v -0.017500 0.043914 -0.041159
v -0.017500 0.037074 0.041681
v -0.017500 0.037933 0.041875
v -0.017500 0.042500 0.041875
v -0.017500 0.044376 0.040567
v -0.017500 0.043192 0.041751
v -0.017500 0.043914 0.041289
v -0.017500 0.037933 -0.041745
v -0.017500 0.044376 -0.040437
v -0.017500 -0.043522 -0.001679
v -0.017500 -0.043851 -0.001850
v -0.017500 -0.044500 -0.003086
v -0.017500 -0.044066 -0.002030
v -0.017500 -0.044351 -0.002433
v -0.017500 -0.038350 0.014565
v -0.017500 -0.029500 0.016815
v -0.017500 -0.029315 0.017853
v -0.017500 0.044500 -0.003086
v -0.017500 0.044488 -0.002897
v -0.017500 0.044410 -0.002574
v -0.017500 0.038483 -0.000179
v -0.017500 0.038350 0.000565
v -0.017500 0.038350 0.014565
v -0.017500 -0.043914 -0.041159
v -0.017500 -0.043192 -0.041621
v -0.017500 -0.044376 -0.040437
v -0.017500 -0.042500 -0.041745
v -0.017500 -0.037933 -0.041745
v -0.017500 -0.026500 -0.024185
v -0.017500 -0.027538 -0.024000
v -0.017500 -0.034619 -0.040020
v -0.017500 -0.035790 -0.040467
v -0.017500 -0.036382 -0.041008
v -0.017500 -0.037074 -0.041551
v -0.017500 0.044220 -0.002212
v -0.017500 0.044061 -0.002025
v -0.017500 0.043000 -0.001585
v -0.017500 0.043694 -0.001755
v -0.016000 -0.044500 -0.003034
v -0.017500 -0.044500 -0.003086
v -0.017500 -0.044351 -0.002433
v -0.013200 -0.043217 -0.001451
v -0.016000 -0.043220 -0.001549
v -0.013200 -0.043109 -0.001439
v -0.013200 -0.043109 -0.001439
v -0.016000 -0.043220 -0.001549
v -0.017500 -0.043000 -0.001585
v -0.013200 -0.043109 -0.001439
v -0.017500 -0.043000 -0.001585
v -0.013200 -0.043000 -0.001435
v -0.016000 -0.044500 -0.003034
v -0.017500 -0.044351 -0.002433
v -0.016000 -0.044339 -0.002358
v -0.016000 -0.044339 -0.002358
v -0.017500 -0.044351 -0.002433
v -0.017500 -0.044066 -0.002030
v -0.016000 -0.044339 -0.002358
v -0.017500 -0.044066 -0.002030
v -0.016000 -0.043876 -0.001816
v -0.016000 -0.043876 -0.001816
v -0.017500 -0.044066 -0.002030
v -0.017500 -0.043851 -0.001850
v -0.016000 -0.043876 -0.001816
v -0.017500 -0.043851 -0.001850
v -0.016000 -0.043522 -0.001626
v -0.016000 -0.043522 -0.001626
v -0.017500 -0.043851 -0.001850
v -0.017500 -0.043522 -0.001679
v -0.016000 -0.043522 -0.001626
v -0.017500 -0.043522 -0.001679
v -0.016000 -0.043220 -0.001549
v -0.016000 -0.043220 -0.001549
v -0.017500 -0.043522 -0.001679
v -0.017500 -0.043196 -0.001598
v -0.016000 -0.043220 -0.001549
v -0.017500 -0.043196 -0.001598
v -0.017500 -0.043000 -0.001585
v -0.013200 -0.051891 -0.001439
v -0.013200 -0.052000 -0.001435
v -0.017500 -0.052000 -0.001585
v -0.017500 -0.050939 -0.002025
v -0.017500 -0.050780 -0.002212
v -0.016000 -0.050667 -0.002345
v -0.016000 -0.050667 -0.002345
v -0.017500 -0.050780 -0.002212
v -0.017500 -0.050590 -0.002574
v -0.016000 -0.050667 -0.002345
v -0.017500 -0.050590 -0.002574
v -0.016000 -0.050500 -0.003034
v -0.016000 -0.050500 -0.003034
v -0.017500 -0.050590 -0.002574
v -0.017500 -0.050512 -0.002897
v -0.016000 -0.050500 -0.003034
v -0.017500 -0.050512 -0.002897
v -0.017500 -0.050500 -0.003086
v -0.013200 -0.051782 -0.001451
v -0.013200 -0.051891 -0.001439
v -0.016000 -0.051780 -0.001549
v -0.016000 -0.051780 -0.001549
v -0.013200 -0.051891 -0.001439
v -0.017500 -0.052000 -0.001585
v -0.016000 -0.051780 -0.001549
v -0.017500 -0.052000 -0.001585
v -0.016000 -0.051488 -0.001622
v -0.017500 -0.051306 -0.001755
v -0.016000 -0.051488 -0.001622
v -0.017500 -0.051306 -0.001755
v -0.016000 -0.051136 -0.001807
v -0.016000 -0.051136 -0.001807
v -0.017500 -0.051306 -0.001755
v -0.017500 -0.050939 -0.002025
v -0.016000 -0.051136 -0.001807
v -0.017500 -0.050939 -0.002025
v -0.016000 -0.050939 -0.001972
v -0.016000 -0.050939 -0.001972
v -0.017500 -0.050939 -0.002025
v -0.016000 -0.050667 -0.002345
v -0.016000 -0.052500 0.016663
v -0.016000 -0.051531 0.016663
v -0.016000 -0.052500 0.018565
v -0.016000 -0.051808 0.018689
v -0.016000 -0.043914 0.041289
v -0.016000 -0.050500 0.045875
v -0.016000 -0.050624 0.045183
v -0.016000 -0.042500 0.061065
v -0.016000 -0.052500 0.061065
v -0.016000 -0.043192 0.060941
v -0.016000 -0.043914 0.060479
v -0.016000 -0.044500 0.020565
v -0.016000 -0.046872 0.019086
v -0.016000 -0.044376 0.019873
v -0.016000 -0.045762 0.018496
v -0.016000 -0.043914 0.019151
v -0.016000 -0.045173 0.017720
v -0.016000 -0.044778 0.017184
v -0.016000 -0.043192 0.018689
v -0.016000 -0.044376 0.040567
v -0.016000 -0.051086 0.044461
v -0.016000 -0.044500 0.039875
v -0.016000 -0.051808 0.060941
v -0.016000 -0.051086 0.060479
v -0.016000 -0.050624 0.059757
v -0.016000 -0.042500 0.016663
v -0.016000 -0.042500 0.018565
v -0.016000 -0.043469 0.016663
v -0.016000 -0.044124 0.016779
v -0.016000 -0.050500 0.039875
v -0.016000 -0.048128 0.019086
v -0.016000 -0.050500 0.020565
v -0.016000 -0.049238 0.018496
v -0.016000 -0.050624 0.019873
v -0.016000 -0.049827 0.017720
v -0.016000 -0.051086 0.019151
v -0.016000 -0.050223 0.017184
v -0.016000 -0.050876 0.016779
v -0.016000 -0.054764 0.043875
v -0.016000 -0.054764 0.041875
v -0.016000 -0.052500 0.043875
v -0.016000 -0.052500 0.041875
v -0.016000 -0.051808 0.043999
v -0.016000 -0.051808 0.041751
v -0.016000 -0.051086 0.041289
v -0.016000 -0.050624 0.040567
v -0.016000 -0.040236 0.041875
v -0.016000 -0.040236 0.043875
v -0.016000 -0.042500 0.041875
v -0.016000 -0.042500 0.043875
v -0.016000 -0.043192 0.041751
v -0.016000 -0.043192 0.043999
v -0.016000 -0.043914 0.044461
v -0.016000 -0.044376 0.045183
v -0.016000 -0.044500 0.045875
v -0.016000 -0.050500 0.059065
v -0.016000 -0.044500 0.059065
v -0.016000 -0.044376 0.059757
v -0.017500 -0.061500 -0.012435
v -0.012500 -0.061500 -0.012435
v -0.012500 -0.061584 -0.012930
v -0.017500 -0.061584 -0.012930
v -0.017500 -0.061584 -0.012930
v -0.012500 -0.061584 -0.012930
v -0.012500 -0.061988 -0.013542
v -0.017500 -0.061988 -0.013542
v -0.017500 -0.061988 -0.013542
v -0.012500 -0.061988 -0.013542
v -0.012500 -0.062633 -0.013889
v -0.017500 -0.062633 -0.013889
v -0.017500 -0.062633 -0.013889
v -0.012500 -0.062633 -0.013889
v -0.012500 -0.063367 -0.013889
v -0.017500 -0.063367 -0.013889
v -0.017500 -0.063367 -0.013889
v -0.012500 -0.063367 -0.013889
v -0.012500 -0.064012 -0.013542
v -0.017500 -0.064012 -0.013542
v -0.017500 -0.064012 -0.013542
v -0.012500 -0.064012 -0.013542
v -0.012500 -0.064416 -0.012930
v -0.017500 -0.064416 -0.012930
v -0.017500 -0.064416 -0.012930
v -0.012500 -0.064416 -0.012930
v -0.012500 -0.064500 -0.012435
v -0.017500 -0.064500 -0.012435
v -0.017500 -0.061500 0.012565
v -0.012500 -0.061500 0.012565
v -0.012500 -0.061584 0.012070
v -0.017500 -0.061584 0.012070
v -0.017500 -0.061584 0.012070
v -0.012500 -0.061584 0.012070
v -0.012500 -0.061988 0.011458
v -0.017500 -0.061988 0.011458
v -0.017500 -0.061988 0.011458
v -0.012500 -0.061988 0.011458
v -0.012500 -0.062633 0.011111
v -0.017500 -0.062633 0.011111
v -0.017500 -0.062633 0.011111
v -0.012500 -0.062633 0.011111
v -0.012500 -0.063367 0.011111
v -0.017500 -0.063367 0.011111
v -0.017500 -0.063367 0.011111
v -0.012500 -0.063367 0.011111
v -0.012500 -0.064012 0.011458
v -0.017500 -0.064012 0.011458
v -0.017500 -0.064012 0.011458
v -0.012500 -0.064012 0.011458
v -0.012500 -0.064416 0.012070
v -0.017500 -0.064416 0.012070
v -0.017500 -0.064416 0.012070
v -0.012500 -0.064416 0.012070
v -0.012500 -0.064500 0.012565
v -0.017500 -0.064500 0.012565
v -0.017500 -0.059556 -0.045569
v -0.013106 -0.059549 -0.045554
v -0.017500 -0.059750 -0.046428
v -0.017500 -0.059750 -0.046428
v -0.013106 -0.059549 -0.045554
v -0.014679 -0.059750 -0.046428
v -0.017500 -0.059556 -0.045569
v -0.017500 -0.059013 -0.044877
v -0.013106 -0.059549 -0.045554
v -0.013106 -0.059549 -0.045554
v -0.017500 -0.059013 -0.044877
v -0.013000 -0.059013 -0.044877
v -0.013106 -0.059549 -0.045554
v -0.013000 -0.059013 -0.044877
v -0.013000 -0.059519 -0.045495
v -0.017370 -0.059750 -0.048574
v -0.017500 -0.059750 -0.049283
v -0.017500 -0.059750 -0.046428
v -0.013000 -0.059750 -0.045495
v -0.013000 -0.059750 -0.045950
v -0.014679 -0.059750 -0.046428
v -0.016328 -0.059750 -0.047462
v -0.016919 -0.059750 -0.047874
v -0.016328 -0.059750 -0.047462
v -0.016328 -0.061750 -0.047462
v -0.016919 -0.059750 -0.047874
v -0.016919 -0.061750 -0.047874
v -0.016919 -0.059750 -0.047874
v -0.016919 -0.061750 -0.047874
v -0.017370 -0.059750 -0.048574
v -0.017370 -0.061750 -0.048574
v -0.017370 -0.059750 -0.048574
v -0.017370 -0.061750 -0.048574
v -0.017500 -0.059750 -0.049283
v -0.017500 -0.061750 -0.049283
v -0.017500 -0.061750 -0.046428
v -0.017500 -0.061750 -0.049283
v -0.017370 -0.061750 -0.048574
v -0.016919 -0.061750 -0.047874
v -0.016328 -0.061750 -0.047462
v -0.014679 -0.061750 -0.046428
v -0.013000 -0.061750 -0.045950
v -0.013000 -0.061750 -0.045495
v -0.017500 -0.061944 -0.045569
v -0.017500 -0.061750 -0.046428
v -0.014679 -0.061750 -0.046428
v -0.014679 -0.061750 -0.046428
v -0.014522 -0.061752 -0.046341
v -0.017500 -0.061944 -0.045569
v -0.017500 -0.061944 -0.045569
v -0.014522 -0.061752 -0.046341
v -0.013000 -0.061981 -0.045495
v -0.017500 -0.061944 -0.045569
v -0.013000 -0.061981 -0.045495
v -0.017500 -0.062487 -0.044877
v -0.013000 -0.061981 -0.045495
v -0.013000 -0.062487 -0.044877
v -0.013865 -0.057067 -0.041745
v -0.017500 -0.057067 -0.041745
v -0.017500 -0.057926 -0.041551
v -0.013000 -0.057500 -0.041698
v -0.013865 -0.057067 -0.041745
v -0.013000 -0.057926 -0.041551
v -0.013000 -0.057926 -0.041551
v -0.013000 -0.057926 -0.041551
v -0.017500 -0.057926 -0.041551
v -0.013000 -0.058618 -0.041008
v -0.017500 -0.058618 -0.041008
v -0.015454 -0.056137 -0.041745
v -0.017500 -0.057067 -0.041745
v -0.014894 -0.056553 -0.041745
v -0.013865 -0.057067 -0.041745
v -0.016000 -0.052500 -0.041745
v -0.017500 -0.052500 -0.041745
v -0.016000 -0.054764 -0.041745
v -0.015878 -0.055451 -0.041745
v -0.017500 -0.052500 -0.041745
v -0.016000 -0.052500 -0.041745
v -0.017500 -0.051808 -0.041621
v -0.016000 -0.051808 -0.041621
v -0.017500 -0.051808 -0.041621
v -0.016000 -0.051808 -0.041621
v -0.017500 -0.051086 -0.041159
v -0.016000 -0.051086 -0.041159
v -0.017500 -0.051086 -0.041159
v -0.016000 -0.051086 -0.041159
v -0.017500 -0.050624 -0.040437
v -0.016000 -0.050624 -0.040437
v -0.017500 -0.050624 -0.040437
v -0.016000 -0.050624 -0.040437
v -0.017500 -0.050500 -0.039745
v -0.016000 -0.050500 -0.039745
v -0.017500 -0.050500 -0.003086
v -0.017500 -0.050500 -0.039745
v -0.016000 -0.050500 -0.003034
v -0.016000 -0.050500 -0.039745
v -0.017500 -0.052500 0.016715
v -0.016000 -0.052500 0.016663
v -0.017500 -0.052500 0.018565
v -0.016000 -0.052500 0.018565
v -0.017500 -0.052500 0.018565
v -0.016000 -0.052500 0.018565
v -0.017500 -0.051808 0.018689
v -0.016000 -0.051808 0.018689
v -0.017500 -0.051808 0.018689
v -0.016000 -0.051808 0.018689
v -0.017500 -0.051086 0.019151
v -0.016000 -0.051086 0.019151
v -0.017500 -0.051086 0.019151
v -0.016000 -0.051086 0.019151
v -0.017500 -0.050624 0.019873
v -0.016000 -0.050624 0.019873
v -0.017500 -0.050624 0.019873
v -0.016000 -0.050624 0.019873
v -0.017500 -0.050500 0.020565
v -0.016000 -0.050500 0.020565
v -0.016000 -0.050500 0.020565
v -0.016000 -0.050500 0.039875
v -0.017500 -0.050500 0.020565
v -0.017500 -0.050500 0.039875
v -0.016000 -0.052500 0.041875
v -0.017500 -0.052500 0.041875
v -0.016000 -0.051808 0.041751
v -0.017500 -0.051808 0.041751
v -0.016000 -0.051808 0.041751
v -0.017500 -0.051808 0.041751
v -0.016000 -0.051086 0.041289
v -0.017500 -0.051086 0.041289
v -0.016000 -0.051086 0.041289
v -0.017500 -0.051086 0.041289
v -0.016000 -0.050624 0.040567
v -0.017500 -0.050624 0.040567
v -0.016000 -0.050624 0.040567
v -0.017500 -0.050624 0.040567
v -0.016000 -0.050500 0.039875
v -0.017500 -0.050500 0.039875
v -0.015878 -0.055451 0.041875
v -0.015454 -0.056137 0.041875
v -0.017500 -0.057067 0.041875
v -0.014894 -0.056553 0.041875
v -0.013865 -0.057067 0.041875
v -0.017500 -0.052500 0.041875
v -0.016000 -0.052500 0.041875
v -0.016000 -0.054764 0.041875
v -0.013865 -0.057067 0.041875
v -0.013000 -0.057500 0.041828
v -0.013000 -0.057926 0.041681
v -0.013865 -0.057067 0.041875
v -0.013000 -0.057926 0.041681
v -0.017500 -0.057067 0.041875
v -0.013000 -0.058618 0.041138
v -0.017500 -0.058618 0.041138
v -0.013000 -0.057926 0.041681
v -0.017500 -0.057926 0.041681
v -0.017500 -0.057926 0.041681
v -0.014052 -0.061750 0.046558
v -0.017500 -0.061750 0.046558
v -0.017500 -0.061944 0.045699
v -0.013000 -0.061808 0.046080
v -0.014052 -0.061750 0.046558
v -0.013000 -0.061944 0.045699
v -0.013000 -0.061944 0.045699
v -0.013000 -0.061944 0.045699
v -0.017500 -0.061944 0.045699
v -0.017370 -0.061750 0.048704
v -0.017500 -0.061750 0.049413
v -0.017500 -0.061750 0.046558
v -0.014052 -0.061750 0.046558
v -0.016328 -0.061750 0.047592
v -0.016919 -0.061750 0.048004
v -0.017215 -0.059449 0.048384
v -0.017302 -0.059347 0.048546
v -0.017370 -0.061750 0.048704
v -0.017370 -0.061750 0.048704
v -0.017302 -0.059347 0.048546
v -0.017500 -0.061750 0.049413
v -0.017500 -0.061750 0.049413
v -0.017302 -0.059347 0.048546
v -0.017441 -0.059090 0.048929
v -0.017500 -0.061750 0.049413
v -0.017441 -0.059090 0.048929
v -0.017500 -0.058750 0.049413
v -0.017215 -0.059449 0.048384
v -0.017370 -0.061750 0.048704
v -0.016808 -0.059701 0.047900
v -0.016808 -0.059701 0.047900
v -0.017370 -0.061750 0.048704
v -0.016919 -0.061750 0.048004
v -0.016808 -0.059701 0.047900
v -0.016919 -0.061750 0.048004
v -0.016500 -0.059750 0.047681
v -0.016500 -0.059750 0.047681
v -0.016919 -0.061750 0.048004
v -0.016328 -0.061750 0.047592
v -0.016500 -0.059750 0.047681
v -0.016328 -0.061750 0.047592
v -0.016328 -0.059750 0.047592
v -0.017500 -0.058776 0.046558
v -0.017500 -0.058750 0.046558
v -0.017500 -0.058750 0.049413
v -0.017500 -0.058776 0.046558
v -0.017500 -0.058750 0.049413
v -0.017375 -0.059234 0.046558
v -0.016500 -0.059750 0.047681
v -0.016500 -0.059750 0.046558
v -0.016613 -0.059744 0.046558
v -0.016500 -0.059750 0.047681
v -0.016613 -0.059744 0.046558
v -0.016808 -0.059701 0.047900
v -0.016808 -0.059701 0.047900
v -0.016613 -0.059744 0.046558
v -0.016846 -0.059688 0.046558
v -0.016808 -0.059701 0.047900
v -0.016846 -0.059688 0.046558
v -0.017215 -0.059449 0.048384
v -0.016846 -0.059688 0.046558
v -0.017051 -0.059584 0.046558
v -0.017215 -0.059449 0.048384
v -0.017215 -0.059449 0.048384
v -0.017051 -0.059584 0.046558
v -0.017207 -0.059457 0.046558
v -0.017215 -0.059449 0.048384
v -0.017207 -0.059457 0.046558
v -0.017302 -0.059347 0.048546
v -0.017302 -0.059347 0.048546
v -0.017207 -0.059457 0.046558
v -0.017375 -0.059234 0.046558
v -0.017302 -0.059347 0.048546
v -0.017375 -0.059234 0.046558
v -0.017441 -0.059090 0.048929
v -0.017441 -0.059090 0.048929
v -0.017375 -0.059234 0.046558
v -0.017500 -0.058750 0.049413
v -0.016613 -0.059009 0.045012
v -0.016500 -0.059013 0.045007
v -0.016500 -0.058618 0.044612
v -0.017276 -0.058332 0.044846
v -0.017330 -0.058275 0.044891
v -0.017330 -0.058734 0.045350
v -0.017500 -0.058099 0.045527
v -0.017500 -0.058382 0.045782
v -0.017500 -0.058398 0.045762
v -0.017500 -0.058398 0.045762
v -0.017375 -0.058687 0.045407
v -0.017500 -0.058099 0.045527
v -0.017500 -0.058099 0.045527
v -0.017375 -0.058687 0.045407
v -0.017481 -0.057995 0.045120
v -0.017500 -0.058099 0.045527
v -0.017481 -0.057995 0.045120
v -0.017500 -0.057843 0.045244
v -0.017330 -0.058734 0.045350
v -0.017330 -0.058275 0.044891
v -0.017375 -0.058687 0.045407
v -0.017375 -0.058687 0.045407
v -0.017330 -0.058275 0.044891
v -0.017441 -0.058106 0.045030
v -0.017375 -0.058687 0.045407
v -0.017441 -0.058106 0.045030
v -0.017481 -0.057995 0.045120
v -0.017276 -0.058332 0.044846
v -0.017330 -0.058734 0.045350
v -0.016959 -0.058531 0.044682
v -0.016959 -0.058531 0.044682
v -0.017330 -0.058734 0.045350
v -0.017051 -0.058909 0.045136
v -0.016959 -0.058531 0.044682
v -0.017051 -0.058909 0.045136
v -0.016976 -0.058937 0.045101
v -0.016613 -0.059009 0.045012
v -0.016500 -0.058618 0.044612
v -0.016976 -0.058937 0.045101
v -0.016976 -0.058937 0.045101
v -0.016500 -0.058618 0.044612
v -0.016848 -0.058569 0.044651
v -0.016976 -0.058937 0.045101
v -0.016848 -0.058569 0.044651
v -0.016959 -0.058531 0.044682
v -0.017500 -0.052500 0.044875
v -0.017500 -0.057067 0.044875
v -0.017484 -0.052500 0.044696
v -0.017484 -0.052500 0.044696
v -0.017500 -0.057067 0.044875
v -0.017441 -0.057067 0.044536
v -0.017484 -0.052500 0.044696
v -0.017441 -0.057067 0.044536
v -0.017441 -0.052500 0.044536
v -0.017441 -0.052500 0.044536
v -0.017441 -0.057067 0.044536
v -0.017322 -0.052500 0.044306
v -0.017322 -0.052500 0.044306
v -0.017441 -0.057067 0.044536
v -0.017211 -0.057067 0.044171
v -0.017322 -0.052500 0.044306
v -0.017211 -0.057067 0.044171
v -0.017210 -0.052500 0.044171
v -0.017210 -0.052500 0.044171
v -0.017211 -0.057067 0.044171
v -0.016965 -0.052500 0.043989
v -0.016965 -0.052500 0.043989
v -0.017211 -0.057067 0.044171
v -0.016848 -0.057067 0.043938
v -0.016965 -0.052500 0.043989
v -0.016848 -0.057067 0.043938
v -0.016848 -0.052500 0.043938
v -0.016848 -0.052500 0.043938
v -0.016848 -0.057067 0.043938
v -0.016500 -0.057067 0.043875
v -0.016500 -0.052500 0.043875
v -0.017385 -0.051036 0.045875
v -0.017383 -0.051031 0.059065
v -0.017500 -0.051500 0.045875
v -0.017500 -0.051500 0.045875
v -0.017383 -0.051031 0.059065
v -0.017484 -0.051321 0.059065
v -0.017500 -0.051500 0.045875
v -0.017484 -0.051321 0.059065
v -0.017500 -0.051500 0.059065
v -0.016500 -0.050500 0.045875
v -0.016500 -0.050500 0.059065
v -0.016679 -0.050516 0.045875
v -0.016679 -0.050516 0.045875
v -0.016500 -0.050500 0.059065
v -0.016628 -0.050508 0.059065
v -0.016679 -0.050516 0.045875
v -0.016628 -0.050508 0.059065
v -0.016848 -0.050563 0.045875
v -0.016848 -0.050563 0.045875
v -0.016628 -0.050508 0.059065
v -0.016965 -0.050614 0.059065
v -0.016848 -0.050563 0.045875
v -0.016965 -0.050614 0.059065
v -0.017069 -0.050678 0.045875
v -0.017069 -0.050678 0.045875
v -0.016965 -0.050614 0.059065
v -0.017065 -0.050675 0.059065
v -0.017069 -0.050678 0.045875
v -0.017065 -0.050675 0.059065
v -0.017210 -0.050796 0.045875
v -0.017210 -0.050796 0.059065
v -0.017210 -0.050796 0.045875
v -0.017210 -0.050796 0.059065
v -0.017385 -0.051036 0.045875
v -0.017385 -0.051036 0.045875
v -0.017210 -0.050796 0.059065
v -0.017322 -0.050931 0.059065
v -0.017385 -0.051036 0.045875
v -0.017322 -0.050931 0.059065
v -0.017383 -0.051031 0.059065
v -0.017207 -0.052500 0.060772
v -0.017069 -0.052500 0.060887
v -0.017050 -0.061050 0.060900
v -0.017050 -0.061050 0.060900
v -0.017069 -0.052500 0.060887
v -0.016846 -0.061050 0.061003
v -0.016500 -0.052500 0.061065
v -0.016500 -0.061050 0.061065
v -0.016679 -0.052500 0.061049
v -0.016679 -0.052500 0.061049
v -0.016500 -0.061050 0.061065
v -0.016611 -0.061050 0.061059
v -0.016679 -0.052500 0.061049
v -0.016611 -0.061050 0.061059
v -0.016846 -0.052500 0.061003
v -0.016846 -0.052500 0.061003
v -0.016611 -0.061050 0.061059
v -0.016846 -0.061050 0.061003
v -0.016846 -0.052500 0.061003
v -0.016846 -0.061050 0.061003
v -0.017065 -0.052500 0.060890
v -0.017065 -0.052500 0.060890
v -0.016846 -0.061050 0.061003
v -0.017069 -0.052500 0.060887
v -0.017500 -0.061050 0.060065
v -0.017500 -0.052500 0.060065
v -0.017500 -0.061050 0.060093
v -0.017500 -0.061050 0.060093
v -0.017500 -0.052500 0.060065
v -0.017386 -0.052500 0.060530
v -0.017500 -0.061050 0.060093
v -0.017386 -0.052500 0.060530
v -0.017374 -0.061050 0.060550
v -0.017374 -0.061050 0.060550
v -0.017386 -0.052500 0.060530
v -0.017207 -0.052500 0.060772
v -0.017374 -0.061050 0.060550
v -0.017207 -0.052500 0.060772
v -0.017207 -0.061050 0.060772
v -0.017207 -0.061050 0.060772
v -0.017207 -0.052500 0.060772
v -0.017050 -0.061050 0.060900
v -0.017374 -0.062101 0.060115
v -0.017427 -0.064973 0.057088
v -0.017500 -0.061777 0.059792
v -0.017500 -0.061777 0.059792
v -0.017427 -0.064973 0.057088
v -0.017500 -0.064707 0.056822
v -0.017500 -0.061777 0.059792
v -0.017500 -0.064707 0.056822
v -0.017500 -0.061757 0.059772
v -0.016500 -0.062465 0.060479
v -0.016500 -0.065414 0.057530
v -0.016611 -0.062460 0.060475
v -0.016611 -0.062460 0.060475
v -0.016500 -0.065414 0.057530
v -0.016885 -0.065360 0.057475
v -0.016611 -0.062460 0.060475
v -0.016885 -0.065360 0.057475
v -0.017000 -0.062370 0.060385
v -0.017000 -0.062370 0.060385
v -0.016885 -0.065360 0.057475
v -0.017000 -0.065320 0.057435
v -0.017000 -0.062370 0.060385
v -0.017000 -0.065320 0.057435
v -0.017050 -0.062348 0.060363
v -0.017050 -0.062348 0.060363
v -0.017000 -0.065320 0.057435
v -0.017211 -0.065205 0.057320
v -0.017050 -0.062348 0.060363
v -0.017211 -0.065205 0.057320
v -0.017374 -0.062101 0.060115
v -0.017374 -0.062101 0.060115
v -0.017211 -0.065205 0.057320
v -0.017366 -0.065061 0.057176
v -0.017374 -0.062101 0.060115
v -0.017366 -0.065061 0.057176
v -0.017427 -0.064973 0.057088
v -0.017500 -0.064760 0.056765
v -0.017427 -0.065271 0.056642
v -0.017500 -0.064923 0.056500
v -0.017500 -0.064838 0.056661
v -0.017427 -0.065376 0.056115
v -0.017500 -0.065000 0.056115
v -0.017500 -0.064923 0.056500
v -0.016500 -0.065848 0.056881
v -0.016885 -0.065777 0.056851
v -0.016500 -0.065414 0.057530
v -0.016885 -0.065360 0.057475
v -0.016885 -0.065360 0.057475
v -0.016885 -0.065777 0.056851
v -0.017000 -0.065320 0.057435
v -0.017000 -0.065320 0.057435
v -0.016885 -0.065777 0.056851
v -0.017211 -0.065574 0.056767
v -0.017000 -0.065320 0.057435
v -0.017211 -0.065574 0.056767
v -0.017211 -0.065205 0.057320
v -0.017211 -0.065205 0.057320
v -0.017211 -0.065574 0.056767
v -0.017366 -0.065061 0.057176
v -0.017366 -0.065061 0.057176
v -0.017211 -0.065574 0.056767
v -0.017427 -0.065271 0.056642
v -0.017366 -0.065061 0.057176
v -0.017427 -0.065271 0.056642
v -0.017427 -0.064973 0.057088
v -0.017427 -0.064973 0.057088
v -0.017427 -0.065271 0.056642
v -0.017500 -0.064838 0.056661
v -0.017427 -0.064973 0.057088
v -0.017500 -0.064838 0.056661
v -0.017500 -0.064760 0.056765
v -0.017427 -0.065271 0.056642
v -0.017427 -0.065376 0.056115
v -0.017427 -0.065271 0.056642
v -0.017211 -0.065574 0.056767
v -0.017211 -0.065704 0.056115
v -0.017211 -0.065704 0.056115
v -0.017211 -0.065574 0.056767
v -0.016885 -0.065777 0.056851
v -0.016885 -0.065923 0.056115
v -0.016885 -0.065923 0.056115
v -0.016885 -0.065777 0.056851
v -0.016500 -0.065848 0.056881
v -0.016500 -0.066000 0.056115
v -0.017484 -0.065179 0.030365
v -0.017500 -0.065000 0.030365
v -0.017500 -0.065000 0.056115
v -0.017484 -0.065179 0.030365
v -0.017500 -0.065000 0.056115
v -0.017441 -0.065339 0.030365
v -0.017441 -0.065339 0.030365
v -0.017500 -0.065000 0.056115
v -0.017427 -0.065376 0.056115
v -0.017441 -0.065339 0.030365
v -0.017427 -0.065376 0.056115
v -0.017322 -0.065569 0.030365
v -0.017322 -0.065569 0.030365
v -0.017427 -0.065376 0.056115
v -0.017211 -0.065704 0.056115
v -0.017322 -0.065569 0.030365
v -0.017211 -0.065704 0.056115
v -0.017211 -0.065704 0.030365
v -0.017211 -0.065704 0.030365
v -0.017211 -0.065704 0.056115
v -0.016965 -0.065886 0.030365
v -0.016965 -0.065886 0.030365
v -0.017211 -0.065704 0.056115
v -0.016885 -0.065923 0.056115
v -0.016965 -0.065886 0.030365
v -0.016885 -0.065923 0.056115
v -0.016848 -0.065937 0.030365
v -0.016848 -0.065937 0.030365
v -0.016885 -0.065923 0.056115
v -0.016500 -0.066000 0.056115
v -0.016848 -0.065937 0.030365
v -0.016500 -0.066000 0.056115
v -0.016500 -0.066000 0.030365
v -0.017207 -0.065400 0.022272
v -0.017330 -0.065400 0.022123
v -0.017330 -0.063822 0.022506
v -0.016848 -0.064543 0.028505
v -0.016500 -0.064560 0.028445
v -0.016500 -0.063333 0.027739
v -0.017493 -0.062727 0.028377
v -0.017500 -0.062644 0.028464
v -0.017500 -0.062671 0.028490
v -0.017500 -0.062644 0.028464
v -0.017493 -0.062727 0.028377
v -0.017500 -0.061643 0.026939
v -0.017493 -0.061735 0.026839
v -0.017500 -0.061643 0.026939
v -0.017493 -0.061735 0.026839
v -0.017500 -0.061622 0.026878
v -0.017500 -0.061622 0.026878
v -0.017493 -0.061735 0.026839
v -0.017493 -0.061559 0.025016
v -0.017500 -0.061440 0.024999
v -0.017500 -0.061440 0.024999
v -0.017493 -0.061559 0.025016
v -0.017493 -0.062238 0.023316
v -0.017500 -0.062134 0.023256
v -0.017500 -0.062134 0.023256
v -0.017493 -0.062238 0.023316
v -0.017500 -0.063464 0.022065
v -0.017500 -0.063464 0.022065
v -0.017493 -0.062238 0.023316
v -0.017493 -0.063621 0.022117
v -0.017500 -0.063464 0.022065
v -0.017493 -0.063621 0.022117
v -0.017500 -0.063566 0.022010
v -0.016500 -0.065400 0.022565
v -0.016976 -0.065400 0.022444
v -0.016500 -0.064025 0.022899
v -0.016976 -0.063969 0.022792
v -0.016500 -0.064025 0.022899
v -0.016976 -0.063969 0.022792
v -0.016500 -0.063344 0.023381
v -0.016500 -0.063344 0.023381
v -0.016976 -0.063969 0.022792
v -0.016976 -0.062857 0.023756
v -0.016500 -0.063344 0.023381
v -0.016976 -0.062857 0.023756
v -0.016500 -0.062955 0.023826
v -0.016500 -0.062955 0.023826
v -0.016976 -0.062857 0.023756
v -0.016500 -0.062599 0.024490
v -0.016500 -0.062599 0.024490
v -0.016976 -0.062857 0.023756
v -0.016976 -0.062311 0.025124
v -0.016500 -0.062599 0.024490
v -0.016976 -0.062311 0.025124
v -0.016500 -0.062430 0.025141
v -0.016976 -0.062452 0.026589
v -0.016500 -0.062566 0.026550
v -0.016976 -0.062311 0.025124
v -0.016976 -0.062311 0.025124
v -0.016500 -0.062566 0.026550
v -0.016500 -0.062410 0.025813
v -0.016976 -0.062311 0.025124
v -0.016500 -0.062410 0.025813
v -0.016500 -0.062430 0.025141
v -0.016976 -0.064526 0.028561
v -0.016848 -0.064543 0.028505
v -0.016976 -0.063250 0.027827
v -0.016976 -0.063250 0.027827
v -0.016848 -0.064543 0.028505
v -0.016500 -0.063333 0.027739
v -0.016976 -0.063250 0.027827
v -0.016500 -0.063333 0.027739
v -0.016976 -0.062452 0.026589
v -0.016976 -0.062452 0.026589
v -0.016500 -0.063333 0.027739
v -0.016500 -0.062814 0.027086
v -0.016976 -0.062452 0.026589
v -0.016500 -0.062814 0.027086
v -0.016500 -0.062566 0.026550
v -0.017207 -0.065400 0.022272
v -0.017330 -0.063822 0.022506
v -0.016976 -0.065400 0.022444
v -0.017330 -0.063028 0.028060
v -0.017330 -0.064436 0.028870
v -0.017211 -0.064477 0.028729
v -0.016976 -0.065400 0.022444
v -0.017330 -0.063822 0.022506
v -0.016976 -0.063969 0.022792
v -0.016976 -0.063969 0.022792
v -0.017330 -0.063822 0.022506
v -0.017330 -0.062595 0.023570
v -0.016976 -0.062857 0.023756
v -0.016976 -0.062857 0.023756
v -0.017330 -0.062595 0.023570
v -0.017330 -0.061992 0.025078
v -0.016976 -0.062311 0.025124
v -0.016976 -0.062311 0.025124
v -0.017330 -0.061992 0.025078
v -0.017330 -0.062149 0.026695
v -0.016976 -0.062452 0.026589
v -0.016976 -0.062452 0.026589
v -0.017330 -0.062149 0.026695
v -0.017330 -0.063028 0.028060
v -0.016976 -0.063250 0.027827
v -0.016976 -0.063250 0.027827
v -0.017330 -0.063028 0.028060
v -0.017211 -0.064477 0.028729
v -0.016976 -0.063250 0.027827
v -0.017211 -0.064477 0.028729
v -0.016976 -0.064526 0.028561
v -0.017500 -0.065400 0.021565
v -0.017500 -0.063566 0.022010
v -0.017493 -0.065400 0.021685
v -0.017493 -0.063621 0.022117
v -0.017493 -0.065400 0.021685
v -0.017493 -0.063621 0.022117
v -0.017438 -0.065400 0.021911
v -0.017438 -0.065400 0.021911
v -0.017493 -0.063621 0.022117
v -0.017330 -0.065400 0.022123
v -0.017441 -0.064375 0.029079
v -0.017493 -0.062727 0.028377
v -0.017493 -0.064314 0.029290
v -0.017493 -0.064314 0.029290
v -0.017493 -0.062727 0.028377
v -0.017500 -0.062671 0.028490
v -0.017500 -0.064280 0.029405
v -0.017330 -0.065400 0.022123
v -0.017493 -0.063621 0.022117
v -0.017330 -0.063822 0.022506
v -0.017330 -0.063822 0.022506
v -0.017493 -0.063621 0.022117
v -0.017493 -0.062238 0.023316
v -0.017330 -0.062595 0.023570
v -0.017330 -0.062595 0.023570
v -0.017493 -0.062238 0.023316
v -0.017493 -0.061559 0.025016
v -0.017330 -0.061992 0.025078
v -0.017330 -0.061992 0.025078
v -0.017493 -0.061559 0.025016
v -0.017493 -0.061735 0.026839
v -0.017330 -0.062149 0.026695
v -0.017330 -0.062149 0.026695
v -0.017493 -0.061735 0.026839
v -0.017493 -0.062727 0.028377
v -0.017330 -0.063028 0.028060
v -0.017330 -0.063028 0.028060
v -0.017493 -0.062727 0.028377
v -0.017441 -0.064375 0.029079
v -0.017330 -0.063028 0.028060
v -0.017441 -0.064375 0.029079
v -0.017330 -0.064436 0.028870
v -0.017500 -0.067000 0.021565
v -0.017500 -0.065400 0.021565
v -0.017484 -0.067000 0.021744
v -0.017484 -0.067000 0.021744
v -0.017500 -0.065400 0.021565
v -0.017493 -0.065400 0.021685
v -0.017484 -0.067000 0.021744
v -0.017493 -0.065400 0.021685
v -0.017438 -0.067000 0.021911
v -0.017438 -0.067000 0.021911
v -0.017493 -0.065400 0.021685
v -0.017438 -0.065400 0.021911
v -0.017438 -0.067000 0.021911
v -0.017438 -0.065400 0.021911
v -0.017383 -0.067000 0.022034
v -0.017383 -0.067000 0.022034
v -0.017438 -0.065400 0.021911
v -0.017330 -0.065400 0.022123
v -0.017383 -0.067000 0.022034
v -0.017330 -0.065400 0.022123
v -0.017322 -0.067000 0.022134
v -0.017322 -0.067000 0.022134
v -0.017330 -0.065400 0.022123
v -0.017207 -0.065400 0.022272
v -0.017322 -0.067000 0.022134
v -0.017207 -0.065400 0.022272
v -0.017065 -0.067000 0.022390
v -0.017065 -0.067000 0.022390
v -0.017207 -0.065400 0.022272
v -0.016976 -0.065400 0.022444
v -0.017065 -0.067000 0.022390
v -0.016976 -0.065400 0.022444
v -0.016965 -0.067000 0.022451
v -0.016965 -0.067000 0.022451
v -0.016976 -0.065400 0.022444
v -0.016628 -0.067000 0.022557
v -0.016628 -0.067000 0.022557
v -0.016976 -0.065400 0.022444
v -0.016500 -0.065400 0.022565
v -0.016628 -0.067000 0.022557
v -0.016500 -0.065400 0.022565
v -0.016500 -0.067000 0.022565
v -0.017500 -0.068026 -0.020435
v -0.017500 -0.068000 -0.020435
v -0.017500 -0.068000 0.020565
v -0.017500 -0.068026 -0.020435
v -0.017500 -0.068000 0.020565
v -0.017375 -0.068484 -0.020435
v -0.016500 -0.069000 0.020565
v -0.016500 -0.069000 -0.020435
v -0.016628 -0.068992 0.020565
v -0.016613 -0.068994 -0.020435
v -0.016628 -0.068992 0.020565
v -0.016613 -0.068994 -0.020435
v -0.017000 -0.068866 0.020565
v -0.017000 -0.068866 0.020565
v -0.016613 -0.068994 -0.020435
v -0.017000 -0.068866 -0.020435
v -0.017000 -0.068866 0.020565
v -0.017000 -0.068866 -0.020435
v -0.017065 -0.068825 0.020565
v -0.017051 -0.068834 -0.020435
v -0.017065 -0.068825 0.020565
v -0.017051 -0.068834 -0.020435
v -0.017366 -0.068500 0.020565
v -0.017375 -0.068484 -0.020435
v -0.017366 -0.068500 0.020565
v -0.017375 -0.068484 -0.020435
v -0.017383 -0.068469 0.020565
v -0.017383 -0.068469 0.020565
v -0.017375 -0.068484 -0.020435
v -0.017500 -0.068000 0.020565
v -0.017500 -0.065400 -0.021435
v -0.017500 -0.067000 -0.021435
v -0.017493 -0.065400 -0.021554
v -0.017493 -0.065400 -0.021554
v -0.017500 -0.067000 -0.021435
v -0.017386 -0.067000 -0.021900
v -0.017493 -0.065400 -0.021554
v -0.017386 -0.067000 -0.021900
v -0.017438 -0.065400 -0.021781
v -0.016500 -0.067000 -0.022435
v -0.016500 -0.065400 -0.022435
v -0.016679 -0.067000 -0.022419
v -0.016679 -0.067000 -0.022419
v -0.016500 -0.065400 -0.022435
v -0.016977 -0.065400 -0.022314
v -0.016679 -0.067000 -0.022419
v -0.016977 -0.065400 -0.022314
v -0.016846 -0.067000 -0.022373
v -0.016846 -0.067000 -0.022373
v -0.016977 -0.065400 -0.022314
v -0.017051 -0.067000 -0.022269
v -0.017438 -0.065400 -0.021781
v -0.017386 -0.067000 -0.021900
v -0.017330 -0.065400 -0.021993
v -0.017330 -0.065400 -0.021993
v -0.017386 -0.067000 -0.021900
v -0.017375 -0.067000 -0.021919
v -0.017330 -0.065400 -0.021993
v -0.017375 -0.067000 -0.021919
v -0.017207 -0.065400 -0.022142
v -0.017207 -0.065400 -0.022142
v -0.017375 -0.067000 -0.021919
v -0.017207 -0.067000 -0.022142
v -0.017207 -0.065400 -0.022142
v -0.017207 -0.067000 -0.022142
v -0.016977 -0.065400 -0.022314
v -0.016977 -0.065400 -0.022314
v -0.017207 -0.067000 -0.022142
v -0.017069 -0.067000 -0.022257
v -0.016977 -0.065400 -0.022314
v -0.017069 -0.067000 -0.022257
v -0.017051 -0.067000 -0.022269
v -0.016613 -0.064558 -0.028321
v -0.016977 -0.064526 -0.028431
v -0.016977 -0.063250 -0.027697
v -0.017500 -0.064287 -0.029250
v -0.017500 -0.064280 -0.029275
v -0.017500 -0.062644 -0.028334
v -0.017500 -0.061632 -0.026777
v -0.017500 -0.061622 -0.026748
v -0.017493 -0.061734 -0.026709
v -0.017493 -0.061734 -0.026709
v -0.017500 -0.061622 -0.026748
v -0.017500 -0.061440 -0.024869
v -0.017493 -0.061558 -0.024886
v -0.017493 -0.061558 -0.024886
v -0.017500 -0.061440 -0.024869
v -0.017500 -0.062140 -0.023117
v -0.017493 -0.062237 -0.023186
v -0.017493 -0.062237 -0.023186
v -0.017500 -0.062140 -0.023117
v -0.017500 -0.062182 -0.023060
v -0.017493 -0.062237 -0.023186
v -0.017500 -0.062182 -0.023060
v -0.017493 -0.063621 -0.021986
v -0.017500 -0.063504 -0.021913
v -0.017493 -0.063621 -0.021986
v -0.017500 -0.063504 -0.021913
v -0.017500 -0.063566 -0.021880
v -0.017500 -0.061632 -0.026777
v -0.017493 -0.061734 -0.026709
v -0.017500 -0.062622 -0.028312
v -0.017493 -0.062726 -0.028248
v -0.017500 -0.062622 -0.028312
v -0.017493 -0.062726 -0.028248
v -0.017500 -0.062644 -0.028334
v -0.016500 -0.064560 -0.028315
v -0.016613 -0.064558 -0.028321
v -0.016500 -0.063333 -0.027609
v -0.016500 -0.063333 -0.027609
v -0.016613 -0.064558 -0.028321
v -0.016977 -0.063250 -0.027697
v -0.016500 -0.063333 -0.027609
v -0.016977 -0.063250 -0.027697
v -0.016500 -0.062814 -0.026956
v -0.016500 -0.062814 -0.026956
v -0.016977 -0.063250 -0.027697
v -0.016977 -0.062452 -0.026459
v -0.016500 -0.062814 -0.026956
v -0.016977 -0.062452 -0.026459
v -0.016500 -0.062566 -0.026420
v -0.016500 -0.062566 -0.026420
v -0.016977 -0.062452 -0.026459
v -0.016500 -0.062410 -0.025683
v -0.016500 -0.062410 -0.025683
v -0.016977 -0.062452 -0.026459
v -0.016977 -0.062310 -0.024994
v -0.016500 -0.062410 -0.025683
v -0.016977 -0.062310 -0.024994
v -0.016500 -0.062430 -0.025011
v -0.016977 -0.062857 -0.023626
v -0.016500 -0.062955 -0.023696
v -0.016977 -0.062310 -0.024994
v -0.016977 -0.062310 -0.024994
v -0.016500 -0.062955 -0.023696
v -0.016500 -0.062599 -0.024360
v -0.016977 -0.062310 -0.024994
v -0.016500 -0.062599 -0.024360
v -0.016500 -0.062430 -0.025011
v -0.016977 -0.065400 -0.022314
v -0.016500 -0.065400 -0.022435
v -0.016977 -0.063969 -0.022661
v -0.016500 -0.064025 -0.022769
v -0.016977 -0.063969 -0.022661
v -0.016500 -0.064025 -0.022769
v -0.016977 -0.062857 -0.023626
v -0.016977 -0.062857 -0.023626
v -0.016500 -0.064025 -0.022769
v -0.016500 -0.063344 -0.023251
v -0.016977 -0.062857 -0.023626
v -0.016500 -0.063344 -0.023251
v -0.016500 -0.062955 -0.023696
v -0.017330 -0.063822 -0.022376
v -0.017330 -0.065400 -0.021993
v -0.017207 -0.065400 -0.022142
v -0.016977 -0.064526 -0.028431
v -0.017330 -0.063028 -0.027930
v -0.016977 -0.063250 -0.027697
v -0.016977 -0.063250 -0.027697
v -0.017330 -0.063028 -0.027930
v -0.017330 -0.062148 -0.026565
v -0.016977 -0.062452 -0.026459
v -0.016977 -0.062452 -0.026459
v -0.017330 -0.062148 -0.026565
v -0.017330 -0.061992 -0.024948
v -0.016977 -0.062310 -0.024994
v -0.016977 -0.062310 -0.024994
v -0.017330 -0.061992 -0.024948
v -0.017330 -0.062595 -0.023440
v -0.016977 -0.062857 -0.023626
v -0.016977 -0.062857 -0.023626
v -0.017330 -0.062595 -0.023440
v -0.017330 -0.063822 -0.022376
v -0.016977 -0.063969 -0.022661
v -0.016977 -0.063969 -0.022661
v -0.017330 -0.063822 -0.022376
v -0.017207 -0.065400 -0.022142
v -0.016977 -0.063969 -0.022661
v -0.017207 -0.065400 -0.022142
v -0.016977 -0.065400 -0.022314
v -0.016977 -0.064526 -0.028431
v -0.017051 -0.064514 -0.028474
v -0.017330 -0.063028 -0.027930
v -0.017330 -0.063028 -0.027930
v -0.017051 -0.064514 -0.028474
v -0.017330 -0.064436 -0.028740
v -0.017330 -0.063028 -0.027930
v -0.017330 -0.064436 -0.028740
v -0.017375 -0.064415 -0.028810
v -0.017500 -0.063566 -0.021880
v -0.017500 -0.065400 -0.021435
v -0.017493 -0.063621 -0.021986
v -0.017493 -0.065400 -0.021554
v -0.017493 -0.063621 -0.021986
v -0.017493 -0.065400 -0.021554
v -0.017438 -0.065400 -0.021781
v -0.017500 -0.064287 -0.029250
v -0.017500 -0.062644 -0.028334
v -0.017375 -0.064415 -0.028810
v -0.017375 -0.064415 -0.028810
v -0.017500 -0.062644 -0.028334
v -0.017493 -0.062726 -0.028248
v -0.017375 -0.064415 -0.028810
v -0.017493 -0.062726 -0.028248
v -0.017330 -0.063028 -0.027930
v -0.017330 -0.063028 -0.027930
v -0.017493 -0.062726 -0.028248
v -0.017493 -0.061734 -0.026709
v -0.017330 -0.062148 -0.026565
v -0.017330 -0.062148 -0.026565
v -0.017493 -0.061734 -0.026709
v -0.017493 -0.061558 -0.024886
v -0.017330 -0.061992 -0.024948
v -0.017330 -0.061992 -0.024948
v -0.017493 -0.061558 -0.024886
v -0.017493 -0.062237 -0.023186
v -0.017330 -0.062595 -0.023440
v -0.017330 -0.062595 -0.023440
v -0.017493 -0.062237 -0.023186
v -0.017493 -0.063621 -0.021986
v -0.017330 -0.063822 -0.022376
v -0.017330 -0.063822 -0.022376
v -0.017493 -0.063621 -0.021986
v -0.017438 -0.065400 -0.021781
v -0.017330 -0.063822 -0.022376
v -0.017438 -0.065400 -0.021781
v -0.017330 -0.065400 -0.021993
v -0.016500 -0.066000 -0.030235
v -0.016500 -0.066000 -0.055985
v -0.016679 -0.065984 -0.030235
v -0.016679 -0.065984 -0.030235
v -0.016500 -0.066000 -0.055985
v -0.016611 -0.065994 -0.055985
v -0.016679 -0.065984 -0.030235
v -0.016611 -0.065994 -0.055985
v -0.016848 -0.065937 -0.030235
v -0.016848 -0.065937 -0.030235
v -0.016611 -0.065994 -0.055985
v -0.016848 -0.065937 -0.055985
v -0.017500 -0.065000 -0.055985
v -0.017500 -0.065000 -0.030235
v -0.017500 -0.065028 -0.055985
v -0.017500 -0.065028 -0.055985
v -0.017500 -0.065000 -0.030235
v -0.017385 -0.065465 -0.030235
v -0.017500 -0.065028 -0.055985
v -0.017385 -0.065465 -0.030235
v -0.017374 -0.065485 -0.055985
v -0.017374 -0.065485 -0.055985
v -0.017385 -0.065465 -0.030235
v -0.017210 -0.065704 -0.055985
v -0.017385 -0.065465 -0.030235
v -0.017375 -0.065484 -0.030235
v -0.017210 -0.065704 -0.055985
v -0.017375 -0.065484 -0.030235
v -0.017210 -0.065704 -0.030235
v -0.017210 -0.065704 -0.055985
v -0.017210 -0.065704 -0.030235
v -0.017050 -0.065835 -0.055985
v -0.017050 -0.065835 -0.055985
v -0.017210 -0.065704 -0.030235
v -0.017069 -0.065822 -0.030235
v -0.017050 -0.065835 -0.055985
v -0.017069 -0.065822 -0.030235
v -0.016848 -0.065937 -0.055985
v -0.016848 -0.065937 -0.055985
v -0.017069 -0.065822 -0.030235
v -0.017051 -0.065834 -0.030235
v -0.017051 -0.065834 -0.030235
v -0.016848 -0.065937 -0.030235
v -0.017374 -0.065050 -0.057036
v -0.017427 -0.062023 -0.059908
v -0.017500 -0.064727 -0.056712
v -0.017500 -0.064727 -0.056712
v -0.017427 -0.062023 -0.059908
v -0.017500 -0.061757 -0.059642
v -0.017500 -0.064727 -0.056712
v -0.017500 -0.061757 -0.059642
v -0.017500 -0.064707 -0.056692
v -0.016500 -0.065414 -0.057400
v -0.016500 -0.062465 -0.060349
v -0.016611 -0.065410 -0.057395
v -0.016611 -0.065410 -0.057395
v -0.016500 -0.062465 -0.060349
v -0.016885 -0.062410 -0.060295
v -0.016611 -0.065410 -0.057395
v -0.016885 -0.062410 -0.060295
v -0.017000 -0.065320 -0.057305
v -0.017000 -0.065320 -0.057305
v -0.016885 -0.062410 -0.060295
v -0.017000 -0.062370 -0.060254
v -0.017000 -0.065320 -0.057305
v -0.017000 -0.062370 -0.060254
v -0.017050 -0.065298 -0.057283
v -0.017050 -0.065298 -0.057283
v -0.017000 -0.062370 -0.060254
v -0.017211 -0.062255 -0.060140
v -0.017050 -0.065298 -0.057283
v -0.017211 -0.062255 -0.060140
v -0.017374 -0.065050 -0.057036
v -0.017374 -0.065050 -0.057036
v -0.017211 -0.062255 -0.060140
v -0.017366 -0.062111 -0.059996
v -0.017374 -0.065050 -0.057036
v -0.017366 -0.062111 -0.059996
v -0.017427 -0.062023 -0.059908
v -0.017500 -0.061700 -0.059695
v -0.017427 -0.061577 -0.060206
v -0.017500 -0.061435 -0.059858
v -0.017500 -0.061596 -0.059773
v -0.017427 -0.061050 -0.060311
v -0.017500 -0.061050 -0.059935
v -0.017500 -0.061435 -0.059858
v -0.016500 -0.061816 -0.060783
v -0.016885 -0.061786 -0.060712
v -0.016500 -0.062465 -0.060349
v -0.016885 -0.062410 -0.060295
v -0.016885 -0.062410 -0.060295
v -0.016885 -0.061786 -0.060712
v -0.017000 -0.062370 -0.060254
v -0.017000 -0.062370 -0.060254
v -0.016885 -0.061786 -0.060712
v -0.017211 -0.061702 -0.060509
v -0.017000 -0.062370 -0.060254
v -0.017211 -0.061702 -0.060509
v -0.017211 -0.062255 -0.060140
v -0.017211 -0.062255 -0.060140
v -0.017211 -0.061702 -0.060509
v -0.017366 -0.062111 -0.059996
v -0.017366 -0.062111 -0.059996
v -0.017211 -0.061702 -0.060509
v -0.017427 -0.061577 -0.060206
v -0.017366 -0.062111 -0.059996
v -0.017427 -0.061577 -0.060206
v -0.017427 -0.062023 -0.059908
v -0.017427 -0.062023 -0.059908
v -0.017427 -0.061577 -0.060206
v -0.017500 -0.061596 -0.059773
v -0.017427 -0.062023 -0.059908
v -0.017500 -0.061596 -0.059773
v -0.017500 -0.061700 -0.059695
v -0.017427 -0.061577 -0.060206
v -0.017427 -0.061050 -0.060311
v -0.017427 -0.061577 -0.060206
v -0.017211 -0.061702 -0.060509
v -0.017211 -0.061050 -0.060639
v -0.017211 -0.061050 -0.060639
v -0.017211 -0.061702 -0.060509
v -0.016885 -0.061786 -0.060712
v -0.016885 -0.061050 -0.060858
v -0.016885 -0.061050 -0.060858
v -0.016885 -0.061786 -0.060712
v -0.016500 -0.061816 -0.060783
v -0.016500 -0.061050 -0.060935
v -0.017484 -0.057500 -0.060114
v -0.017500 -0.057500 -0.059935
v -0.017500 -0.061050 -0.059935
v -0.017484 -0.057500 -0.060114
v -0.017500 -0.061050 -0.059935
v -0.017441 -0.057500 -0.060274
v -0.017441 -0.057500 -0.060274
v -0.017500 -0.061050 -0.059935
v -0.017427 -0.061050 -0.060311
v -0.017441 -0.057500 -0.060274
v -0.017427 -0.061050 -0.060311
v -0.017322 -0.057500 -0.060504
v -0.017322 -0.057500 -0.060504
v -0.017427 -0.061050 -0.060311
v -0.017211 -0.061050 -0.060639
v -0.017322 -0.057500 -0.060504
v -0.017211 -0.061050 -0.060639
v -0.017210 -0.057500 -0.060639
v -0.017210 -0.057500 -0.060639
v -0.017211 -0.061050 -0.060639
v -0.016965 -0.057500 -0.060821
v -0.016965 -0.057500 -0.060821
v -0.017211 -0.061050 -0.060639
v -0.016885 -0.061050 -0.060858
v -0.016965 -0.057500 -0.060821
v -0.016885 -0.061050 -0.060858
v -0.016848 -0.057500 -0.060872
v -0.016848 -0.057500 -0.060872
v -0.016885 -0.061050 -0.060858
v -0.016500 -0.061050 -0.060935
v -0.016848 -0.057500 -0.060872
v -0.016500 -0.061050 -0.060935
v -0.016500 -0.057500 -0.060935
v -0.016500 -0.055500 -0.058935
v -0.016500 -0.055500 -0.052677
v -0.016846 -0.055562 -0.058935
v -0.016846 -0.055562 -0.058935
v -0.016500 -0.055500 -0.052677
v -0.016923 -0.055594 -0.051945
v -0.016846 -0.055562 -0.058935
v -0.016923 -0.055594 -0.051945
v -0.017207 -0.055793 -0.058935
v -0.017207 -0.055793 -0.058935
v -0.016923 -0.055594 -0.051945
v -0.017207 -0.055793 -0.051945
v -0.017207 -0.055793 -0.058935
v -0.017207 -0.055793 -0.051945
v -0.017438 -0.056154 -0.058935
v -0.017438 -0.056154 -0.051945
v -0.017438 -0.056154 -0.058935
v -0.017438 -0.056154 -0.051945
v -0.017500 -0.056500 -0.058935
v -0.017500 -0.056500 -0.051945
v -0.017500 -0.059013 -0.044877
v -0.017500 -0.058618 -0.044482
v -0.013000 -0.059013 -0.044877
v -0.013000 -0.058618 -0.044482
v -0.017500 -0.044500 -0.039745
v -0.017500 -0.044500 -0.003086
v -0.016000 -0.044500 -0.039745
v -0.016000 -0.044500 -0.003034
v -0.017500 -0.044500 -0.039745
v -0.016000 -0.044500 -0.039745
v -0.017500 -0.044376 -0.040437
v -0.016000 -0.044376 -0.040437
v -0.017500 -0.044376 -0.040437
v -0.016000 -0.044376 -0.040437
v -0.017500 -0.043914 -0.041159
v -0.016000 -0.043914 -0.041159
v -0.017500 -0.043914 -0.041159
v -0.016000 -0.043914 -0.041159
v -0.017500 -0.043192 -0.041621
v -0.016000 -0.043192 -0.041621
v -0.017500 -0.043192 -0.041621
v -0.016000 -0.043192 -0.041621
v -0.017500 -0.042500 -0.041745
v -0.016000 -0.042500 -0.041745
v -0.017500 -0.042500 -0.041745
v -0.016000 -0.042500 -0.041745
v -0.017500 -0.037933 -0.041745
v -0.016000 -0.040236 -0.041745
v -0.015878 -0.039549 -0.041745
v -0.015454 -0.038863 -0.041745
v -0.014894 -0.038447 -0.041745
v -0.013865 -0.037933 -0.041745
v -0.017500 -0.036382 -0.044482
v -0.017500 -0.035987 -0.044877
v -0.013000 -0.036382 -0.044482
v -0.013000 -0.035987 -0.044877
v -0.014052 0.035250 -0.046428
v -0.017500 0.035250 -0.046428
v -0.017500 0.035444 -0.045569
v -0.013000 0.035308 -0.045950
v -0.014052 0.035250 -0.046428
v -0.013000 0.035444 -0.045569
v -0.013000 0.035444 -0.045569
v -0.013000 0.035444 -0.045569
v -0.017500 0.035444 -0.045569
v -0.013000 0.035987 -0.044877
v -0.017500 0.035987 -0.044877
v -0.017388 0.035250 -0.048740
v -0.017500 0.035250 -0.049401
v -0.017500 0.035250 -0.046428
v -0.016995 0.035250 -0.048071
v -0.014052 0.035250 -0.046428
v -0.015235 0.035250 -0.046965
v -0.016471 0.035250 -0.047652
v -0.016471 0.035250 -0.047652
v -0.016471 0.033250 -0.047652
v -0.016995 0.035250 -0.048071
v -0.016995 0.033250 -0.048071
v -0.016995 0.035250 -0.048071
v -0.016995 0.033250 -0.048071
v -0.017388 0.035250 -0.048740
v -0.017388 0.033250 -0.048740
v -0.017388 0.035250 -0.048740
v -0.017388 0.033250 -0.048740
v -0.017500 0.035250 -0.049401
v -0.017500 0.033250 -0.049401
v -0.017500 0.033250 -0.047307
v -0.017500 0.033250 -0.049401
v -0.017388 0.033250 -0.048740
v -0.016995 0.033250 -0.048071
v -0.016471 0.033250 -0.047652
v -0.016000 0.033250 -0.047307
v -0.015235 0.033250 -0.046965
v -0.016000 0.033250 -0.046428
v -0.014052 0.033250 -0.046428
v -0.016000 0.032097 -0.045495
v -0.017500 0.032097 -0.045495
v -0.016000 0.032679 -0.045908
v -0.017500 0.032679 -0.045908
v -0.016000 0.032679 -0.045908
v -0.017500 0.032679 -0.045908
v -0.016000 0.033123 -0.046604
v -0.017500 0.033123 -0.046604
v -0.016000 0.033123 -0.046604
v -0.017500 0.033123 -0.046604
v -0.016000 0.033250 -0.047307
v -0.017500 0.033250 -0.047307
v -0.017500 0.032097 -0.045495
v -0.016000 0.032097 -0.045495
v -0.017500 -0.032097 -0.045495
v -0.016000 -0.032097 -0.045495
v -0.016000 -0.033250 -0.047307
v -0.017500 -0.033250 -0.047307
v -0.016000 -0.033123 -0.046604
v -0.017500 -0.033123 -0.046604
v -0.016000 -0.033123 -0.046604
v -0.017500 -0.033123 -0.046604
v -0.016000 -0.032679 -0.045908
v -0.017500 -0.032679 -0.045908
v -0.016000 -0.032679 -0.045908
v -0.017500 -0.032679 -0.045908
v -0.016000 -0.032097 -0.045495
v -0.017500 -0.032097 -0.045495
v -0.017388 -0.033250 -0.048740
v -0.017500 -0.033250 -0.049401
v -0.017500 -0.033250 -0.047307
v -0.016995 -0.033250 -0.048071
v -0.016471 -0.033250 -0.047652
v -0.016000 -0.033250 -0.047307
v -0.015235 -0.033250 -0.046965
v -0.016000 -0.033250 -0.046428
v -0.014052 -0.033250 -0.046428
v -0.017500 -0.035250 -0.049401
v -0.017500 -0.033250 -0.049401
v -0.017388 -0.035250 -0.048740
v -0.017388 -0.033250 -0.048740
v -0.017388 -0.035250 -0.048740
v -0.017388 -0.033250 -0.048740
v -0.016995 -0.035250 -0.048071
v -0.016995 -0.033250 -0.048071
v -0.016995 -0.035250 -0.048071
v -0.016995 -0.033250 -0.048071
v -0.016471 -0.035250 -0.047652
v -0.016471 -0.033250 -0.047652
v -0.016995 -0.035250 -0.048071
v -0.017500 -0.035250 -0.046428
v -0.017388 -0.035250 -0.048740
v -0.017500 -0.035250 -0.049401
v -0.016471 -0.035250 -0.047652
v -0.015235 -0.035250 -0.046965
v -0.014052 -0.035250 -0.046428
v -0.014052 -0.035250 -0.046428
v -0.013000 -0.035308 -0.045950
v -0.013000 -0.035444 -0.045569
v -0.014052 -0.035250 -0.046428
v -0.013000 -0.035444 -0.045569
v -0.017500 -0.035250 -0.046428
v -0.013000 -0.035987 -0.044877
v -0.017500 -0.035987 -0.044877
v -0.013000 -0.035444 -0.045569
v -0.017500 -0.035444 -0.045569
v -0.017500 -0.035444 -0.045569
v -0.016500 -0.039500 -0.052677
v -0.016500 -0.039500 -0.058935
v -0.016613 -0.039494 -0.058935
v -0.016500 -0.039500 -0.052677
v -0.016613 -0.039494 -0.058935
v -0.016923 -0.039406 -0.051945
v -0.016613 -0.039494 -0.058935
v -0.016846 -0.039438 -0.058935
v -0.016923 -0.039406 -0.051945
v -0.016923 -0.039406 -0.051945
v -0.016846 -0.039438 -0.058935
v -0.017051 -0.039334 -0.058935
v -0.016923 -0.039406 -0.051945
v -0.017051 -0.039334 -0.058935
v -0.017207 -0.039207 -0.051945
v -0.017051 -0.039334 -0.058935
v -0.017207 -0.039207 -0.058935
v -0.017207 -0.039207 -0.051945
v -0.017207 -0.039207 -0.051945
v -0.017207 -0.039207 -0.058935
v -0.017375 -0.038984 -0.058935
v -0.017207 -0.039207 -0.051945
v -0.017375 -0.038984 -0.058935
v -0.017438 -0.038846 -0.051945
v -0.017438 -0.038846 -0.051945
v -0.017375 -0.038984 -0.058935
v -0.017500 -0.038526 -0.058935
v -0.017438 -0.038846 -0.051945
v -0.017500 -0.038526 -0.058935
v -0.017500 -0.038500 -0.051945
v -0.017500 -0.038500 -0.051945
v -0.017500 -0.038526 -0.058935
v -0.017500 -0.038500 -0.058935
v -0.016848 0.037500 -0.060872
v -0.016965 0.037500 -0.060821
v -0.016848 -0.037500 -0.060872
v -0.016848 0.037500 -0.060872
v -0.016848 -0.037500 -0.060872
v -0.016500 0.037500 -0.060935
v -0.016500 0.037500 -0.060935
v -0.016848 -0.037500 -0.060872
v -0.016613 -0.037500 -0.060929
v -0.016500 0.037500 -0.060935
v -0.016613 -0.037500 -0.060929
v -0.016500 -0.037500 -0.060935
v -0.017500 0.037500 -0.059935
v -0.017500 -0.037500 -0.059935
v -0.017484 0.037500 -0.060114
v -0.017484 0.037500 -0.060114
v -0.017500 -0.037500 -0.059935
v -0.017500 -0.037500 -0.059961
v -0.017484 0.037500 -0.060114
v -0.017500 -0.037500 -0.059961
v -0.017441 0.037500 -0.060274
v -0.017375 -0.037500 -0.060419
v -0.017441 0.037500 -0.060274
v -0.017375 -0.037500 -0.060419
v -0.017322 0.037500 -0.060504
v -0.017322 0.037500 -0.060504
v -0.017375 -0.037500 -0.060419
v -0.017210 0.037500 -0.060639
v -0.017210 0.037500 -0.060639
v -0.017375 -0.037500 -0.060419
v -0.017210 -0.037500 -0.060639
v -0.017210 0.037500 -0.060639
v -0.017210 -0.037500 -0.060639
v -0.016965 0.037500 -0.060821
v -0.016965 0.037500 -0.060821
v -0.017210 -0.037500 -0.060639
v -0.017051 -0.037500 -0.060769
v -0.016965 0.037500 -0.060821
v -0.017051 -0.037500 -0.060769
v -0.016848 -0.037500 -0.060872
v -0.017438 0.038846 -0.051945
v -0.017500 0.038500 -0.051945
v -0.017500 0.038500 -0.058935
v -0.016500 0.039500 -0.058935
v -0.016500 0.039500 -0.052677
v -0.016848 0.039437 -0.058935
v -0.016848 0.039437 -0.058935
v -0.016500 0.039500 -0.052677
v -0.016843 0.039439 -0.052082
v -0.016848 0.039437 -0.058935
v -0.016843 0.039439 -0.052082
v -0.017210 0.039204 -0.058935
v -0.017500 0.038500 -0.058935
v -0.017441 0.038839 -0.058935
v -0.017438 0.038846 -0.051945
v -0.017438 0.038846 -0.051945
v -0.017441 0.038839 -0.058935
v -0.017210 0.039204 -0.058935
v -0.017438 0.038846 -0.051945
v -0.017210 0.039204 -0.058935
v -0.017207 0.039207 -0.051945
v -0.017207 0.039207 -0.051945
v -0.017207 0.039207 -0.051945
v -0.016843 0.039439 -0.052082
v -0.016923 0.039406 -0.051945
v -0.014500 -0.057500 -0.060935
v -0.014500 -0.037500 -0.060935
v -0.014500 -0.056808 -0.060811
v -0.014500 -0.056086 -0.060349
v -0.014500 -0.038192 -0.060811
v -0.014500 -0.038914 -0.060349
v -0.014500 -0.039376 -0.059627
v -0.014500 -0.039500 -0.056141
v -0.014500 -0.055500 -0.056141
v -0.014500 -0.039500 -0.058935
v -0.014500 -0.055500 -0.058935
v -0.014500 -0.055624 -0.059627
v -0.016500 -0.055500 -0.058935
v -0.014500 -0.055500 -0.058935
v -0.016500 -0.055500 -0.052677
v -0.014500 -0.055500 -0.056141
v -0.016500 -0.039500 -0.052677
v -0.014500 -0.039500 -0.056141
v -0.016500 -0.039500 -0.058935
v -0.014500 -0.039500 -0.058935
v -0.017500 0.064500 -0.012435
v -0.012500 0.064500 -0.012435
v -0.012500 0.064416 -0.012930
v -0.017500 0.064416 -0.012930
v -0.017500 0.064416 -0.012930
v -0.012500 0.064416 -0.012930
v -0.012500 0.064012 -0.013542
v -0.017500 0.064012 -0.013542
v -0.017500 0.064012 -0.013542
v -0.012500 0.064012 -0.013542
v -0.012500 0.063367 -0.013889
v -0.017500 0.063367 -0.013889
v -0.017500 0.063367 -0.013889
v -0.012500 0.063367 -0.013889
v -0.012500 0.062633 -0.013889
v -0.017500 0.062633 -0.013889
v -0.017500 0.062633 -0.013889
v -0.012500 0.062633 -0.013889
v -0.012500 0.061988 -0.013542
v -0.017500 0.061988 -0.013542
v -0.017500 0.061988 -0.013542
v -0.012500 0.061988 -0.013542
v -0.012500 0.061584 -0.012930
v -0.017500 0.061584 -0.012930
v -0.017500 0.061584 -0.012930
v -0.012500 0.061584 -0.012930
v -0.012500 0.061500 -0.012435
v -0.017500 0.061500 -0.012435
v -0.017500 0.064500 0.012565
v -0.012500 0.064500 0.012565
v -0.012500 0.064416 0.012070
v -0.017500 0.064416 0.012070
v -0.017500 0.064416 0.012070
v -0.012500 0.064416 0.012070
v -0.012500 0.064012 0.011458
v -0.017500 0.064012 0.011458
v -0.017500 0.064012 0.011458
v -0.012500 0.064012 0.011458
v -0.012500 0.063367 0.011111
v -0.017500 0.063367 0.011111
v -0.017500 0.063367 0.011111
v -0.012500 0.063367 0.011111
v -0.012500 0.062633 0.011111
v -0.017500 0.062633 0.011111
v -0.017500 0.062633 0.011111
v -0.012500 0.062633 0.011111
v -0.012500 0.061988 0.011458
v -0.017500 0.061988 0.011458
v -0.017500 0.061988 0.011458
v -0.012500 0.061988 0.011458
v -0.012500 0.061584 0.012070
v -0.017500 0.061584 0.012070
v -0.017500 0.061584 0.012070
v -0.012500 0.061584 0.012070
v -0.012500 0.061500 0.012565
v -0.017500 0.061500 0.012565
v -0.016500 0.055500 -0.052677
v -0.016500 0.055500 -0.058935
v -0.016628 0.055508 -0.058935
v -0.016500 0.055500 -0.052677
v -0.016628 0.055508 -0.058935
v -0.016923 0.055594 -0.051945
v -0.016628 0.055508 -0.058935
v -0.016965 0.055614 -0.058935
v -0.016923 0.055594 -0.051945
v -0.016923 0.055594 -0.051945
v -0.016965 0.055614 -0.058935
v -0.017065 0.055675 -0.058935
v -0.016923 0.055594 -0.051945
v -0.017065 0.055675 -0.058935
v -0.017210 0.055796 -0.051945
v -0.017500 0.056500 -0.058935
v -0.017500 0.056500 -0.051945
v -0.017484 0.056321 -0.058935
v -0.017484 0.056321 -0.058935
v -0.017500 0.056500 -0.051945
v -0.017441 0.056161 -0.051945
v -0.017484 0.056321 -0.058935
v -0.017441 0.056161 -0.051945
v -0.017441 0.056161 -0.058935
v -0.017065 0.055675 -0.058935
v -0.017210 0.055796 -0.058935
v -0.017210 0.055796 -0.051945
v -0.017210 0.055796 -0.051945
v -0.017210 0.055796 -0.058935
v -0.017322 0.055931 -0.058935
v -0.017210 0.055796 -0.051945
v -0.017322 0.055931 -0.058935
v -0.017441 0.056161 -0.051945
v -0.017441 0.056161 -0.051945
v -0.017322 0.055931 -0.058935
v -0.017383 0.056031 -0.058935
v -0.017441 0.056161 -0.051945
v -0.017383 0.056031 -0.058935
v -0.017441 0.056161 -0.058935
v -0.017210 0.057500 -0.060639
v -0.017069 0.057500 -0.060757
v -0.017050 0.061050 -0.060770
v -0.017050 0.061050 -0.060770
v -0.017069 0.057500 -0.060757
v -0.016848 0.061050 -0.060872
v -0.016500 0.057500 -0.060935
v -0.016500 0.061050 -0.060935
v -0.016679 0.057500 -0.060919
v -0.016679 0.057500 -0.060919
v -0.016500 0.061050 -0.060935
v -0.016611 0.061050 -0.060929
v -0.016679 0.057500 -0.060919
v -0.016611 0.061050 -0.060929
v -0.016848 0.057500 -0.060872
v -0.016848 0.057500 -0.060872
v -0.016611 0.061050 -0.060929
v -0.016848 0.061050 -0.060872
v -0.016848 0.057500 -0.060872
v -0.016848 0.061050 -0.060872
v -0.017065 0.057500 -0.060760
v -0.017065 0.057500 -0.060760
v -0.016848 0.061050 -0.060872
v -0.017069 0.057500 -0.060757
v -0.017050 0.061050 -0.060770
v -0.017210 0.061050 -0.060639
v -0.017210 0.057500 -0.060639
v -0.017210 0.057500 -0.060639
v -0.017210 0.061050 -0.060639
v -0.017374 0.061050 -0.060420
v -0.017210 0.057500 -0.060639
v -0.017374 0.061050 -0.060420
v -0.017386 0.057500 -0.060399
v -0.017500 0.061050 -0.059935
v -0.017500 0.057500 -0.059935
v -0.017500 0.061050 -0.059963
v -0.017500 0.061050 -0.059963
v -0.017500 0.057500 -0.059935
v -0.017386 0.057500 -0.060399
v -0.017500 0.061050 -0.059963
v -0.017386 0.057500 -0.060399
v -0.017441 0.061050 -0.060274
v -0.017441 0.061050 -0.060274
v -0.017386 0.057500 -0.060399
v -0.017374 0.061050 -0.060420
v -0.017374 0.062101 -0.059985
v -0.017427 0.064973 -0.056958
v -0.017500 0.061777 -0.059662
v -0.017500 0.061777 -0.059662
v -0.017427 0.064973 -0.056958
v -0.017500 0.064707 -0.056692
v -0.017500 0.061777 -0.059662
v -0.017500 0.064707 -0.056692
v -0.017500 0.061757 -0.059642
v -0.016500 0.062465 -0.060349
v -0.016500 0.065414 -0.057400
v -0.016611 0.062460 -0.060345
v -0.016611 0.062460 -0.060345
v -0.016500 0.065414 -0.057400
v -0.016885 0.065360 -0.057345
v -0.016611 0.062460 -0.060345
v -0.016885 0.065360 -0.057345
v -0.017000 0.062370 -0.060254
v -0.017000 0.062370 -0.060254
v -0.016885 0.065360 -0.057345
v -0.017000 0.065320 -0.057305
v -0.017000 0.062370 -0.060254
v -0.017000 0.065320 -0.057305
v -0.017050 0.062348 -0.060233
v -0.017050 0.062348 -0.060233
v -0.017000 0.065320 -0.057305
v -0.017211 0.065205 -0.057190
v -0.017050 0.062348 -0.060233
v -0.017211 0.065205 -0.057190
v -0.017374 0.062101 -0.059985
v -0.017374 0.062101 -0.059985
v -0.017211 0.065205 -0.057190
v -0.017366 0.065061 -0.057046
v -0.017374 0.062101 -0.059985
v -0.017366 0.065061 -0.057046
v -0.017427 0.064973 -0.056958
v -0.017500 0.064760 -0.056635
v -0.017427 0.065271 -0.056512
v -0.017500 0.064923 -0.056370
v -0.017500 0.064838 -0.056531
v -0.017427 0.065376 -0.055985
v -0.017500 0.065000 -0.055985
v -0.017500 0.064923 -0.056370
v -0.016500 0.065848 -0.056751
v -0.016885 0.065777 -0.056721
v -0.016500 0.065414 -0.057400
v -0.016885 0.065360 -0.057345
v -0.016885 0.065360 -0.057345
v -0.016885 0.065777 -0.056721
v -0.017000 0.065320 -0.057305
v -0.017000 0.065320 -0.057305
v -0.016885 0.065777 -0.056721
v -0.017211 0.065574 -0.056637
v -0.017000 0.065320 -0.057305
v -0.017211 0.065574 -0.056637
v -0.017211 0.065205 -0.057190
v -0.017211 0.065205 -0.057190
v -0.017211 0.065574 -0.056637
v -0.017366 0.065061 -0.057046
v -0.017366 0.065061 -0.057046
v -0.017211 0.065574 -0.056637
v -0.017427 0.065271 -0.056512
v -0.017366 0.065061 -0.057046
v -0.017427 0.065271 -0.056512
v -0.017427 0.064973 -0.056958
v -0.017427 0.064973 -0.056958
v -0.017427 0.065271 -0.056512
v -0.017500 0.064838 -0.056531
v -0.017427 0.064973 -0.056958
v -0.017500 0.064838 -0.056531
v -0.017500 0.064760 -0.056635
v -0.017427 0.065271 -0.056512
v -0.017427 0.065376 -0.055985
v -0.017427 0.065271 -0.056512
v -0.017211 0.065574 -0.056637
v -0.017211 0.065704 -0.055985
v -0.017211 0.065704 -0.055985
v -0.017211 0.065574 -0.056637
v -0.016885 0.065777 -0.056721
v -0.016885 0.065923 -0.055985
v -0.016885 0.065923 -0.055985
v -0.016885 0.065777 -0.056721
v -0.016500 0.065848 -0.056751
v -0.016500 0.066000 -0.055985
v -0.016848 0.065937 -0.030235
v -0.016885 0.065923 -0.055985
v -0.016500 0.066000 -0.030235
v -0.016500 0.066000 -0.030235
v -0.016885 0.065923 -0.055985
v -0.016500 0.066000 -0.055985
v -0.017211 0.065704 -0.055985
v -0.017322 0.065569 -0.030235
v -0.017427 0.065376 -0.055985
v -0.017427 0.065376 -0.055985
v -0.017322 0.065569 -0.030235
v -0.017441 0.065339 -0.030235
v -0.017427 0.065376 -0.055985
v -0.017441 0.065339 -0.030235
v -0.017500 0.065000 -0.055985
v -0.017500 0.065000 -0.055985
v -0.017441 0.065339 -0.030235
v -0.017484 0.065179 -0.030235
v -0.017500 0.065000 -0.055985
v -0.017484 0.065179 -0.030235
v -0.017500 0.065000 -0.030235
v -0.016848 0.065937 -0.030235
v -0.016965 0.065886 -0.030235
v -0.016885 0.065923 -0.055985
v -0.016885 0.065923 -0.055985
v -0.016965 0.065886 -0.030235
v -0.016976 0.065879 -0.030235
v -0.016885 0.065923 -0.055985
v -0.016976 0.065879 -0.030235
v -0.017211 0.065704 -0.055985
v -0.017211 0.065704 -0.055985
v -0.016976 0.065879 -0.030235
v -0.017210 0.065704 -0.030235
v -0.017211 0.065704 -0.055985
v -0.017210 0.065704 -0.030235
v -0.017322 0.065569 -0.030235
v -0.017330 0.063028 -0.027930
v -0.017330 0.064436 -0.028740
v -0.016976 0.064526 -0.028431
v -0.017207 0.065400 -0.022142
v -0.017330 0.065400 -0.021993
v -0.017330 0.063822 -0.022376
v -0.017493 0.061559 -0.024886
v -0.017500 0.061431 -0.024937
v -0.017500 0.061400 -0.025435
v -0.017493 0.061559 -0.024886
v -0.017500 0.061400 -0.025435
v -0.017493 0.061735 -0.026709
v -0.017500 0.061431 -0.024937
v -0.017493 0.061559 -0.024886
v -0.017500 0.061440 -0.024869
v -0.017500 0.061440 -0.024869
v -0.017493 0.061559 -0.024886
v -0.017493 0.062238 -0.023186
v -0.017500 0.061440 -0.024869
v -0.017493 0.062238 -0.023186
v -0.017500 0.062107 -0.023165
v -0.017500 0.062107 -0.023165
v -0.017493 0.062238 -0.023186
v -0.017500 0.063537 -0.021895
v -0.017500 0.063537 -0.021895
v -0.017493 0.062238 -0.023186
v -0.017493 0.063621 -0.021987
v -0.017500 0.063537 -0.021895
v -0.017493 0.063621 -0.021987
v -0.017500 0.063566 -0.021880
v -0.017500 0.061400 -0.025435
v -0.017500 0.061621 -0.026748
v -0.017493 0.061735 -0.026709
v -0.017493 0.061735 -0.026709
v -0.017500 0.061621 -0.026748
v -0.017500 0.061873 -0.027321
v -0.017493 0.061735 -0.026709
v -0.017500 0.061873 -0.027321
v -0.017493 0.062727 -0.028247
v -0.017493 0.062727 -0.028247
v -0.017500 0.061873 -0.027321
v -0.017500 0.062644 -0.028334
v -0.017493 0.062727 -0.028247
v -0.017500 0.062644 -0.028334
v -0.017500 0.063143 -0.028737
v -0.016500 0.065400 -0.022435
v -0.016976 0.065400 -0.022314
v -0.016500 0.064025 -0.022769
v -0.016976 0.063969 -0.022662
v -0.016500 0.064025 -0.022769
v -0.016976 0.063969 -0.022662
v -0.016500 0.063279 -0.023314
v -0.016500 0.063279 -0.023314
v -0.016976 0.063969 -0.022662
v -0.016976 0.062857 -0.023626
v -0.016500 0.062400 -0.025435
v -0.016500 0.062430 -0.025011
v -0.016976 0.062311 -0.024994
v -0.016976 0.062311 -0.024994
v -0.016500 0.062430 -0.025011
v -0.016500 0.062585 -0.024397
v -0.016976 0.062311 -0.024994
v -0.016500 0.062585 -0.024397
v -0.016976 0.062857 -0.023626
v -0.016976 0.062857 -0.023626
v -0.016500 0.062585 -0.024397
v -0.016500 0.062955 -0.023696
v -0.016976 0.062857 -0.023626
v -0.016500 0.062955 -0.023696
v -0.016500 0.063279 -0.023314
v -0.016500 0.062400 -0.025435
v -0.016976 0.062311 -0.024994
v -0.016500 0.062566 -0.026420
v -0.016500 0.062566 -0.026420
v -0.016976 0.062311 -0.024994
v -0.016976 0.062452 -0.026459
v -0.016500 0.062566 -0.026420
v -0.016976 0.062452 -0.026459
v -0.016500 0.063333 -0.027609
v -0.016976 0.063250 -0.027697
v -0.016500 0.063333 -0.027609
v -0.016976 0.063250 -0.027697
v -0.016500 0.064560 -0.028315
v -0.017207 0.065400 -0.022142
v -0.017330 0.063822 -0.022376
v -0.016976 0.065400 -0.022314
v -0.016976 0.065400 -0.022314
v -0.017330 0.063822 -0.022376
v -0.016976 0.063969 -0.022662
v -0.016976 0.063969 -0.022662
v -0.017330 0.063822 -0.022376
v -0.017330 0.062595 -0.023440
v -0.016976 0.062857 -0.023626
v -0.016976 0.062857 -0.023626
v -0.017330 0.062595 -0.023440
v -0.017330 0.061992 -0.024948
v -0.016976 0.062311 -0.024994
v -0.016976 0.062311 -0.024994
v -0.017330 0.061992 -0.024948
v -0.017330 0.062149 -0.026565
v -0.016976 0.062452 -0.026459
v -0.016976 0.062452 -0.026459
v -0.017330 0.062149 -0.026565
v -0.017330 0.063028 -0.027930
v -0.016976 0.063250 -0.027697
v -0.016976 0.063250 -0.027697
v -0.016976 0.064526 -0.028431
v -0.017500 0.065400 -0.021435
v -0.017500 0.063566 -0.021880
v -0.017493 0.065400 -0.021555
v -0.017493 0.063621 -0.021987
v -0.017493 0.065400 -0.021555
v -0.017493 0.063621 -0.021987
v -0.017424 0.065400 -0.021818
v -0.017424 0.065400 -0.021818
v -0.017493 0.063621 -0.021987
v -0.017330 0.065400 -0.021993
v -0.017330 0.064436 -0.028740
v -0.017493 0.062727 -0.028247
v -0.017493 0.064314 -0.029160
v -0.017493 0.064314 -0.029160
v -0.017493 0.062727 -0.028247
v -0.017500 0.063143 -0.028737
v -0.017493 0.064314 -0.029160
v -0.017500 0.063143 -0.028737
v -0.017500 0.064280 -0.029275
v -0.017330 0.065400 -0.021993
v -0.017493 0.063621 -0.021987
v -0.017330 0.063822 -0.022376
v -0.017330 0.063822 -0.022376
v -0.017493 0.063621 -0.021987
v -0.017493 0.062238 -0.023186
v -0.017330 0.062595 -0.023440
v -0.017330 0.062595 -0.023440
v -0.017493 0.062238 -0.023186
v -0.017493 0.061559 -0.024886
v -0.017330 0.061992 -0.024948
v -0.017330 0.061992 -0.024948
v -0.017493 0.061559 -0.024886
v -0.017493 0.061735 -0.026709
v -0.017330 0.062149 -0.026565
v -0.017330 0.062149 -0.026565
v -0.017493 0.061735 -0.026709
v -0.017493 0.062727 -0.028247
v -0.017330 0.063028 -0.027930
v -0.017330 0.063028 -0.027930
v -0.017500 0.067000 -0.021435
v -0.017500 0.065400 -0.021435
v -0.017500 0.067000 -0.021461
v -0.017500 0.067000 -0.021461
v -0.017500 0.065400 -0.021435
v -0.017493 0.065400 -0.021555
v -0.017500 0.067000 -0.021461
v -0.017493 0.065400 -0.021555
v -0.017375 0.067000 -0.021919
v -0.017493 0.065400 -0.021555
v -0.017424 0.065400 -0.021818
v -0.017375 0.067000 -0.021919
v -0.017375 0.067000 -0.021919
v -0.017424 0.065400 -0.021818
v -0.017330 0.065400 -0.021993
v -0.017375 0.067000 -0.021919
v -0.017330 0.065400 -0.021993
v -0.017207 0.067000 -0.022142
v -0.017207 0.067000 -0.022142
v -0.017330 0.065400 -0.021993
v -0.017207 0.065400 -0.022142
v -0.017207 0.067000 -0.022142
v -0.017207 0.065400 -0.022142
v -0.017051 0.067000 -0.022269
v -0.017051 0.067000 -0.022269
v -0.017207 0.065400 -0.022142
v -0.016976 0.065400 -0.022314
v -0.017051 0.067000 -0.022269
v -0.016976 0.065400 -0.022314
v -0.016883 0.067000 -0.022359
v -0.016883 0.067000 -0.022359
v -0.016976 0.065400 -0.022314
v -0.016613 0.067000 -0.022429
v -0.016500 0.065400 -0.022435
v -0.016613 0.067000 -0.022429
v -0.016500 0.065400 -0.022435
v -0.016500 0.067000 -0.022435
v -0.017500 0.068000 0.020565
v -0.017500 0.068000 -0.020435
v -0.017484 0.068179 0.020565
v -0.017484 0.068179 0.020565
v -0.017500 0.068000 -0.020435
v -0.017500 0.068026 -0.020435
v -0.017484 0.068179 0.020565
v -0.017500 0.068026 -0.020435
v -0.017441 0.068339 0.020565
v -0.017375 0.068484 -0.020435
v -0.017441 0.068339 0.020565
v -0.017375 0.068484 -0.020435
v -0.017383 0.068469 0.020565
v -0.016500 0.069000 -0.020435
v -0.016500 0.069000 0.020565
v -0.016613 0.068994 -0.020435
v -0.016628 0.068992 0.020565
v -0.016613 0.068994 -0.020435
v -0.016628 0.068992 0.020565
v -0.016848 0.068938 -0.020435
v -0.016848 0.068938 -0.020435
v -0.016628 0.068992 0.020565
v -0.016965 0.068885 0.020565
v -0.016848 0.068938 -0.020435
v -0.016965 0.068885 0.020565
v -0.017051 0.068834 -0.020435
v -0.017051 0.068834 -0.020435
v -0.016965 0.068885 0.020565
v -0.017065 0.068825 0.020565
v -0.017051 0.068834 -0.020435
v -0.017065 0.068825 0.020565
v -0.017210 0.068704 -0.020435
v -0.017210 0.068704 -0.020435
v -0.017065 0.068825 0.020565
v -0.017210 0.068704 0.020565
v -0.017210 0.068704 -0.020435
v -0.017210 0.068704 0.020565
v -0.017375 0.068484 -0.020435
v -0.017375 0.068484 -0.020435
v -0.017210 0.068704 0.020565
v -0.017322 0.068569 0.020565
v -0.017375 0.068484 -0.020435
v -0.017322 0.068569 0.020565
v -0.017383 0.068469 0.020565
v -0.017493 0.061558 0.025016
v -0.017500 0.061621 0.026878
v -0.017500 0.061400 0.025565
v -0.017500 0.061400 0.025565
v -0.017500 0.061440 0.024999
v -0.017493 0.061558 0.025016
v -0.017493 0.061558 0.025016
v -0.017500 0.061440 0.024999
v -0.017500 0.062140 0.023247
v -0.017493 0.062237 0.023316
v -0.017493 0.062237 0.023316
v -0.017500 0.062140 0.023247
v -0.017500 0.063566 0.022010
v -0.017493 0.063621 0.022116
v -0.016500 0.063333 0.027739
v -0.016500 0.064560 0.028445
v -0.016628 0.064558 0.028453
v -0.016500 0.062566 0.026550
v -0.016500 0.063333 0.027739
v -0.016977 0.063250 0.027827
v -0.016977 0.062857 0.023756
v -0.016500 0.062955 0.023826
v -0.016977 0.062310 0.025124
v -0.016977 0.062310 0.025124
v -0.016500 0.062955 0.023826
v -0.016500 0.062585 0.024527
v -0.016977 0.062310 0.025124
v -0.016500 0.062585 0.024527
v -0.016500 0.062430 0.025141
v -0.016977 0.065400 0.022444
v -0.016500 0.065400 0.022565
v -0.016977 0.063969 0.022791
v -0.016500 0.064025 0.022899
v -0.016977 0.063969 0.022791
v -0.016500 0.064025 0.022899
v -0.016977 0.062857 0.023756
v -0.016977 0.062857 0.023756
v -0.016500 0.064025 0.022899
v -0.016500 0.063279 0.023444
v -0.016977 0.062857 0.023756
v -0.016500 0.063279 0.023444
v -0.016500 0.062955 0.023826
v -0.016500 0.063333 0.027739
v -0.016628 0.064558 0.028453
v -0.016977 0.063250 0.027827
v -0.016977 0.063250 0.027827
v -0.016628 0.064558 0.028453
v -0.016977 0.064526 0.028561
v -0.016977 0.063250 0.027827
v -0.016977 0.064526 0.028561
v -0.017330 0.063028 0.028060
v -0.016977 0.062310 0.025124
v -0.017330 0.061992 0.025078
v -0.017330 0.062595 0.023570
v -0.017330 0.063822 0.022506
v -0.017330 0.065400 0.022123
v -0.017210 0.065400 0.022269
v -0.016977 0.062857 0.023756
v -0.016977 0.062857 0.023756
v -0.017330 0.062595 0.023570
v -0.017330 0.063822 0.022506
v -0.016977 0.063969 0.022791
v -0.016977 0.063969 0.022791
v -0.017330 0.063822 0.022506
v -0.017210 0.065400 0.022269
v -0.016977 0.063969 0.022791
v -0.017210 0.065400 0.022269
v -0.016977 0.065400 0.022444
v -0.016977 0.064526 0.028561
v -0.017065 0.064511 0.028613
v -0.017330 0.063028 0.028060
v -0.017330 0.063028 0.028060
v -0.017065 0.064511 0.028613
v -0.017330 0.064436 0.028870
v -0.017330 0.063028 0.028060
v -0.017330 0.064436 0.028870
v -0.017383 0.064411 0.028955
v -0.017500 0.064280 0.029405
v -0.017500 0.062655 0.028475
v -0.017383 0.064411 0.028955
v -0.017383 0.064411 0.028955
v -0.017500 0.062655 0.028475
v -0.017493 0.062726 0.028378
v -0.017383 0.064411 0.028955
v -0.017493 0.062726 0.028378
v -0.017330 0.063028 0.028060
v -0.017330 0.063028 0.028060
v -0.017493 0.062726 0.028378
v -0.017330 0.062148 0.026695
v -0.017330 0.063028 0.028060
v -0.017330 0.062148 0.026695
v -0.016977 0.063250 0.027827
v -0.016977 0.062452 0.026589
v -0.016977 0.062452 0.026589
v -0.016500 0.062566 0.026550
v -0.016977 0.062452 0.026589
v -0.016500 0.062400 0.025565
v -0.017500 0.062655 0.028475
v -0.017500 0.061921 0.027540
v -0.017493 0.062726 0.028378
v -0.017493 0.062726 0.028378
v -0.017500 0.061921 0.027540
v -0.017500 0.061621 0.026878
v -0.017493 0.062726 0.028378
v -0.017500 0.061621 0.026878
v -0.017330 0.062148 0.026695
v -0.017330 0.062148 0.026695
v -0.017500 0.061621 0.026878
v -0.017330 0.061992 0.025078
v -0.017330 0.062148 0.026695
v -0.017330 0.061992 0.025078
v -0.016977 0.062452 0.026589
v -0.016977 0.062310 0.025124
v -0.016977 0.062452 0.026589
v -0.016977 0.062310 0.025124
v -0.016500 0.062400 0.025565
v -0.016500 0.062400 0.025565
v -0.016977 0.062310 0.025124
v -0.016500 0.062430 0.025141
v -0.017500 0.063566 0.022010
v -0.017500 0.065400 0.021565
v -0.017493 0.063621 0.022116
v -0.017493 0.065400 0.021684
v -0.017493 0.063621 0.022116
v -0.017493 0.065400 0.021684
v -0.017441 0.065400 0.021904
v -0.017500 0.061621 0.026878
v -0.017493 0.061558 0.025016
v -0.017330 0.061992 0.025078
v -0.017330 0.061992 0.025078
v -0.017493 0.061558 0.025016
v -0.017493 0.062237 0.023316
v -0.017330 0.062595 0.023570
v -0.017330 0.062595 0.023570
v -0.017493 0.062237 0.023316
v -0.017493 0.063621 0.022116
v -0.017330 0.063822 0.022506
v -0.017330 0.063822 0.022506
v -0.017493 0.063621 0.022116
v -0.017441 0.065400 0.021904
v -0.017330 0.063822 0.022506
v -0.017441 0.065400 0.021904
v -0.017330 0.065400 0.022123
v -0.016846 0.065938 0.030365
v -0.016500 0.066000 0.030365
v -0.016500 0.066000 0.056115
v -0.016500 0.066000 0.056115
v -0.016611 0.065994 0.056115
v -0.016846 0.065938 0.030365
v -0.016846 0.065938 0.030365
v -0.016611 0.065994 0.056115
v -0.016846 0.065938 0.056115
v -0.016846 0.065938 0.030365
v -0.016846 0.065938 0.056115
v -0.017065 0.065825 0.030365
v -0.017065 0.065825 0.030365
v -0.016846 0.065938 0.056115
v -0.017050 0.065835 0.056115
v -0.017065 0.065825 0.030365
v -0.017050 0.065835 0.056115
v -0.017207 0.065707 0.030365
v -0.017207 0.065707 0.030365
v -0.017050 0.065835 0.056115
v -0.017207 0.065707 0.056115
v -0.017207 0.065707 0.030365
v -0.017207 0.065707 0.056115
v -0.017383 0.065469 0.030365
v -0.017383 0.065469 0.030365
v -0.017207 0.065707 0.056115
v -0.017374 0.065485 0.056115
v -0.017383 0.065469 0.030365
v -0.017374 0.065485 0.056115
v -0.017438 0.065346 0.030365
v -0.017438 0.065346 0.030365
v -0.017374 0.065485 0.056115
v -0.017500 0.065028 0.056115
v -0.017438 0.065346 0.030365
v -0.017500 0.065028 0.056115
v -0.017500 0.065000 0.030365
v -0.017500 0.065000 0.030365
v -0.017500 0.065028 0.056115
v -0.017500 0.065000 0.056115
v -0.017374 0.065050 0.057166
v -0.017427 0.062023 0.060038
v -0.017500 0.064727 0.056842
v -0.017500 0.064727 0.056842
v -0.017427 0.062023 0.060038
v -0.017500 0.061757 0.059772
v -0.017500 0.064727 0.056842
v -0.017500 0.061757 0.059772
v -0.017500 0.064707 0.056822
v -0.016500 0.065414 0.057530
v -0.016500 0.062465 0.060479
v -0.016611 0.065410 0.057525
v -0.016611 0.065410 0.057525
v -0.016500 0.062465 0.060479
v -0.016885 0.062410 0.060425
v -0.016611 0.065410 0.057525
v -0.016885 0.062410 0.060425
v -0.017000 0.065320 0.057435
v -0.017000 0.065320 0.057435
v -0.016885 0.062410 0.060425
v -0.017000 0.062370 0.060385
v -0.017000 0.065320 0.057435
v -0.017000 0.062370 0.060385
v -0.017050 0.065298 0.057413
v -0.017050 0.065298 0.057413
v -0.017000 0.062370 0.060385
v -0.017211 0.062255 0.060270
v -0.017050 0.065298 0.057413
v -0.017211 0.062255 0.060270
v -0.017374 0.065050 0.057166
v -0.017374 0.065050 0.057166
v -0.017211 0.062255 0.060270
v -0.017366 0.062111 0.060126
v -0.017374 0.065050 0.057166
v -0.017366 0.062111 0.060126
v -0.017427 0.062023 0.060038
v -0.017500 0.061700 0.059825
v -0.017427 0.061577 0.060336
v -0.017500 0.061435 0.059988
v -0.017500 0.061596 0.059903
v -0.017427 0.061050 0.060441
v -0.017500 0.061050 0.060065
v -0.017500 0.061435 0.059988
v -0.016500 0.061816 0.060913
v -0.016885 0.061786 0.060842
v -0.016500 0.062465 0.060479
v -0.016885 0.062410 0.060425
v -0.016885 0.062410 0.060425
v -0.016885 0.061786 0.060842
v -0.017000 0.062370 0.060385
v -0.017000 0.062370 0.060385
v -0.016885 0.061786 0.060842
v -0.017211 0.061702 0.060639
v -0.017000 0.062370 0.060385
v -0.017211 0.061702 0.060639
v -0.017211 0.062255 0.060270
v -0.017211 0.062255 0.060270
v -0.017211 0.061702 0.060639
v -0.017366 0.062111 0.060126
v -0.017366 0.062111 0.060126
v -0.017211 0.061702 0.060639
v -0.017427 0.061577 0.060336
v -0.017366 0.062111 0.060126
v -0.017427 0.061577 0.060336
v -0.017427 0.062023 0.060038
v -0.017427 0.062023 0.060038
v -0.017427 0.061577 0.060336
v -0.017500 0.061596 0.059903
v -0.017427 0.062023 0.060038
v -0.017500 0.061596 0.059903
v -0.017500 0.061700 0.059825
v -0.017427 0.061577 0.060336
v -0.017427 0.061050 0.060441
v -0.017427 0.061577 0.060336
v -0.017211 0.061702 0.060639
v -0.017211 0.061050 0.060769
v -0.017211 0.061050 0.060769
v -0.017211 0.061702 0.060639
v -0.016885 0.061786 0.060842
v -0.016885 0.061050 0.060988
v -0.016885 0.061050 0.060988
v -0.016885 0.061786 0.060842
v -0.016500 0.061816 0.060913
v -0.016500 0.061050 0.061065
v -0.017427 0.052500 0.060441
v -0.017500 0.052500 0.060065
v -0.017500 0.061050 0.060065
v -0.017427 0.061050 0.060441
v -0.017427 0.052500 0.060441
v -0.017427 0.061050 0.060441
v -0.017211 0.061050 0.060769
v -0.017210 0.052500 0.060769
v -0.017210 0.052500 0.060769
v -0.017211 0.061050 0.060769
v -0.016885 0.061050 0.060988
v -0.016885 0.052500 0.060988
v -0.016885 0.052500 0.060988
v -0.016885 0.061050 0.060988
v -0.016500 0.061050 0.061065
v -0.016500 0.052500 0.061065
v -0.016500 0.050500 0.059065
v -0.016500 0.050500 0.045875
v -0.016679 0.050516 0.059065
v -0.016679 0.050516 0.059065
v -0.016500 0.050500 0.045875
v -0.016628 0.050508 0.045875
v -0.016679 0.050516 0.059065
v -0.016628 0.050508 0.045875
v -0.016848 0.050563 0.059065
v -0.016848 0.050563 0.059065
v -0.016628 0.050508 0.045875
v -0.016965 0.050614 0.045875
v -0.016848 0.050563 0.059065
v -0.016965 0.050614 0.045875
v -0.017069 0.050678 0.059065
v -0.017069 0.050678 0.059065
v -0.016965 0.050614 0.045875
v -0.017065 0.050675 0.045875
v -0.017069 0.050678 0.059065
v -0.017065 0.050675 0.045875
v -0.017210 0.050796 0.059065
v -0.017210 0.050796 0.045875
v -0.017210 0.050796 0.059065
v -0.017210 0.050796 0.045875
v -0.017385 0.051036 0.059065
v -0.017385 0.051036 0.059065
v -0.017210 0.050796 0.045875
v -0.017322 0.050931 0.045875
v -0.017322 0.050931 0.045875
v -0.017383 0.051031 0.045875
v -0.017385 0.051036 0.059065
v -0.017385 0.051036 0.059065
v -0.017383 0.051031 0.045875
v -0.017441 0.051161 0.045875
v -0.017385 0.051036 0.059065
v -0.017441 0.051161 0.045875
v -0.017500 0.051500 0.059065
v -0.017500 0.051500 0.059065
v -0.017441 0.051161 0.045875
v -0.017484 0.051321 0.045875
v -0.017500 0.051500 0.059065
v -0.017484 0.051321 0.045875
v -0.017500 0.051500 0.045875
v -0.016500 0.052500 0.043875
v -0.016500 0.057067 0.043875
v -0.016679 0.052500 0.043891
v -0.016679 0.052500 0.043891
v -0.016500 0.057067 0.043875
v -0.016848 0.057067 0.043938
v -0.016679 0.052500 0.043891
v -0.016848 0.057067 0.043938
v -0.016848 0.052500 0.043938
v -0.016848 0.052500 0.043938
v -0.016848 0.057067 0.043938
v -0.017065 0.052500 0.044050
v -0.017065 0.052500 0.044050
v -0.016848 0.057067 0.043938
v -0.016885 0.057067 0.043952
v -0.017065 0.052500 0.044050
v -0.016885 0.057067 0.043952
v -0.017069 0.052500 0.044053
v -0.017069 0.052500 0.044053
v -0.016885 0.057067 0.043952
v -0.017210 0.057067 0.044171
v -0.017069 0.052500 0.044053
v -0.017210 0.057067 0.044171
v -0.017210 0.052500 0.044171
v -0.017210 0.052500 0.044171
v -0.017210 0.057067 0.044171
v -0.017441 0.057067 0.044536
v -0.017210 0.052500 0.044171
v -0.017441 0.057067 0.044536
v -0.017386 0.052500 0.044411
v -0.017386 0.052500 0.044411
v -0.017441 0.057067 0.044536
v -0.017500 0.057067 0.044875
v -0.017386 0.052500 0.044411
v -0.017500 0.057067 0.044875
v -0.017500 0.052500 0.044875
v -0.017330 0.058734 0.045350
v -0.017330 0.058275 0.044891
v -0.017211 0.058388 0.044799
v -0.017330 0.058734 0.045350
v -0.017211 0.058388 0.044799
v -0.017051 0.058909 0.045136
v -0.017051 0.058909 0.045136
v -0.017211 0.058388 0.044799
v -0.016976 0.058524 0.044688
v -0.017051 0.058909 0.045136
v -0.016976 0.058524 0.044688
v -0.016976 0.058937 0.045101
v -0.016976 0.058937 0.045101
v -0.016976 0.058524 0.044688
v -0.016885 0.058558 0.044661
v -0.016976 0.058937 0.045101
v -0.016885 0.058558 0.044661
v -0.016613 0.059009 0.045012
v -0.016613 0.059009 0.045012
v -0.016885 0.058558 0.044661
v -0.016500 0.058618 0.044612
v -0.016613 0.059009 0.045012
v -0.016500 0.058618 0.044612
v -0.016500 0.059013 0.045007
v -0.017330 0.058275 0.044891
v -0.017330 0.058734 0.045350
v -0.017427 0.058134 0.045006
v -0.017427 0.058134 0.045006
v -0.017330 0.058734 0.045350
v -0.017375 0.058687 0.045407
v -0.017427 0.058134 0.045006
v -0.017375 0.058687 0.045407
v -0.017493 0.057936 0.045168
v -0.017493 0.057936 0.045168
v -0.017375 0.058687 0.045407
v -0.017500 0.057843 0.045243
v -0.017500 0.057843 0.045243
v -0.017375 0.058687 0.045407
v -0.017500 0.058398 0.045762
v -0.017500 0.057843 0.045243
v -0.017500 0.058398 0.045762
v -0.017500 0.058382 0.045782
v -0.016500 0.059750 0.046558
v -0.016500 0.059750 0.047681
v -0.016613 0.059744 0.046558
v -0.016613 0.059744 0.046558
v -0.016500 0.059750 0.047681
v -0.016824 0.059696 0.047914
v -0.017215 0.059449 0.048383
v -0.017304 0.059345 0.048549
v -0.017375 0.059234 0.046558
v -0.017375 0.059234 0.046558
v -0.017304 0.059345 0.048549
v -0.017440 0.059089 0.048929
v -0.017375 0.059234 0.046558
v -0.017440 0.059089 0.048929
v -0.017500 0.058776 0.046558
v -0.017500 0.058776 0.046558
v -0.017440 0.059089 0.048929
v -0.017500 0.058750 0.049413
v -0.017500 0.058776 0.046558
v -0.017500 0.058750 0.049413
v -0.017500 0.058750 0.046558
v -0.017375 0.059234 0.046558
v -0.017207 0.059457 0.046558
v -0.017215 0.059449 0.048383
v -0.017215 0.059449 0.048383
v -0.017207 0.059457 0.046558
v -0.017051 0.059584 0.046558
v -0.017215 0.059449 0.048383
v -0.017051 0.059584 0.046558
v -0.016824 0.059696 0.047914
v -0.016824 0.059696 0.047914
v -0.017051 0.059584 0.046558
v -0.016846 0.059688 0.046558
v -0.016824 0.059696 0.047914
v -0.016846 0.059688 0.046558
v -0.016613 0.059744 0.046558
v -0.017500 0.061750 0.049413
v -0.017500 0.058750 0.049413
v -0.017440 0.059089 0.048929
v -0.017500 0.061750 0.049413
v -0.017440 0.059089 0.048929
v -0.017370 0.061750 0.048704
v -0.017440 0.059089 0.048929
v -0.017304 0.059345 0.048549
v -0.017370 0.061750 0.048704
v -0.017370 0.061750 0.048704
v -0.017304 0.059345 0.048549
v -0.017215 0.059449 0.048383
v -0.017370 0.061750 0.048704
v -0.017215 0.059449 0.048383
v -0.016919 0.061750 0.048004
v -0.016919 0.061750 0.048004
v -0.017215 0.059449 0.048383
v -0.016824 0.059696 0.047914
v -0.016919 0.061750 0.048004
v -0.016824 0.059696 0.047914
v -0.016328 0.061750 0.047592
v -0.016328 0.061750 0.047592
v -0.016824 0.059696 0.047914
v -0.016500 0.059750 0.047681
v -0.016328 0.061750 0.047592
v -0.016500 0.059750 0.047681
v -0.016328 0.059750 0.047592
v -0.017500 0.061750 0.046558
v -0.017500 0.061750 0.049413
v -0.017370 0.061750 0.048704
v -0.016919 0.061750 0.048004
v -0.016328 0.061750 0.047592
v -0.014052 0.061750 0.046558
v -0.014052 0.061750 0.046558
v -0.013000 0.061808 0.046080
v -0.013000 0.061944 0.045699
v -0.014052 0.061750 0.046558
v -0.013000 0.061944 0.045699
v -0.017500 0.061750 0.046558
v -0.013000 0.062487 0.045007
v -0.017500 0.062487 0.045007
v -0.013000 0.061944 0.045699
v -0.017500 0.061944 0.045699
v -0.017500 0.061944 0.045699
v -0.013865 0.057067 0.041875
v -0.017500 0.057067 0.041875
v -0.017500 0.057926 0.041681
v -0.013000 0.057500 0.041828
v -0.013865 0.057067 0.041875
v -0.013000 0.057926 0.041681
v -0.013000 0.057926 0.041681
v -0.013000 0.057926 0.041681
v -0.017500 0.057926 0.041681
v -0.013000 0.058618 0.041138
v -0.017500 0.058618 0.041138
v -0.015454 0.056137 0.041875
v -0.017500 0.057067 0.041875
v -0.014894 0.056553 0.041875
v -0.013865 0.057067 0.041875
v -0.016000 0.052500 0.041875
v -0.017500 0.052500 0.041875
v -0.016000 0.054764 0.041875
v -0.015878 0.055451 0.041875
v -0.017500 0.052500 0.041875
v -0.016000 0.052500 0.041875
v -0.017500 0.051808 0.041751
v -0.016000 0.051808 0.041751
v -0.017500 0.051808 0.041751
v -0.016000 0.051808 0.041751
v -0.017500 0.051086 0.041289
v -0.016000 0.051086 0.041289
v -0.017500 0.051086 0.041289
v -0.016000 0.051086 0.041289
v -0.017500 0.050624 0.040567
v -0.016000 0.050624 0.040567
v -0.017500 0.050624 0.040567
v -0.016000 0.050624 0.040567
v -0.017500 0.050500 0.039875
v -0.016000 0.050500 0.039875
v -0.017500 0.050500 0.020565
v -0.017500 0.050500 0.039875
v -0.016000 0.050500 0.020565
v -0.016000 0.050500 0.039875
v -0.016000 0.052500 0.018565
v -0.017500 0.052500 0.018565
v -0.016000 0.051808 0.018689
v -0.017500 0.051808 0.018689
v -0.016000 0.051808 0.018689
v -0.017500 0.051808 0.018689
v -0.016000 0.051086 0.019151
v -0.017500 0.051086 0.019151
v -0.016000 0.051086 0.019151
v -0.017500 0.051086 0.019151
v -0.016000 0.050624 0.019873
v -0.017500 0.050624 0.019873
v -0.016000 0.050624 0.019873
v -0.017500 0.050624 0.019873
v -0.016000 0.050500 0.020565
v -0.017500 0.050500 0.020565
v -0.016000 0.052500 0.016663
v -0.017500 0.052500 0.016715
v -0.016000 0.052500 0.018565
v -0.017500 0.052500 0.018565
v -0.016000 0.050500 -0.003034
v -0.017500 0.050500 -0.003086
v -0.017500 0.050649 -0.002433
v -0.013200 0.051782 -0.001451
v -0.016000 0.051780 -0.001549
v -0.013200 0.051891 -0.001439
v -0.013200 0.051891 -0.001439
v -0.016000 0.051780 -0.001549
v -0.017500 0.052000 -0.001585
v -0.013200 0.051891 -0.001439
v -0.017500 0.052000 -0.001585
v -0.013200 0.052000 -0.001435
v -0.016000 0.050500 -0.003034
v -0.017500 0.050649 -0.002433
v -0.016000 0.050661 -0.002358
v -0.016000 0.050661 -0.002358
v -0.017500 0.050649 -0.002433
v -0.017500 0.050934 -0.002030
v -0.016000 0.050661 -0.002358
v -0.017500 0.050934 -0.002030
v -0.016000 0.051124 -0.001816
v -0.016000 0.051124 -0.001816
v -0.017500 0.050934 -0.002030
v -0.017500 0.051149 -0.001850
v -0.016000 0.051124 -0.001816
v -0.017500 0.051149 -0.001850
v -0.016000 0.051478 -0.001626
v -0.016000 0.051478 -0.001626
v -0.017500 0.051149 -0.001850
v -0.017500 0.051478 -0.001679
v -0.016000 0.051478 -0.001626
v -0.017500 0.051478 -0.001679
v -0.016000 0.051780 -0.001549
v -0.016000 0.051780 -0.001549
v -0.017500 0.051478 -0.001679
v -0.017500 0.051804 -0.001598
v -0.016000 0.051780 -0.001549
v -0.017500 0.051804 -0.001598
v -0.017500 0.052000 -0.001585
v -0.016000 0.050500 -0.003034
v -0.016000 0.050500 -0.039745
v -0.017500 0.050500 -0.003086
v -0.017500 0.050500 -0.039745
v -0.016000 0.052500 -0.041745
v -0.017500 0.052500 -0.041745
v -0.016000 0.051808 -0.041621
v -0.017500 0.051808 -0.041621
v -0.016000 0.051808 -0.041621
v -0.017500 0.051808 -0.041621
v -0.016000 0.051086 -0.041159
v -0.017500 0.051086 -0.041159
v -0.016000 0.051086 -0.041159
v -0.017500 0.051086 -0.041159
v -0.016000 0.050624 -0.040437
v -0.017500 0.050624 -0.040437
v -0.016000 0.050624 -0.040437
v -0.017500 0.050624 -0.040437
v -0.016000 0.050500 -0.039745
v -0.017500 0.050500 -0.039745
v -0.015878 0.055451 -0.041745
v -0.015454 0.056137 -0.041745
v -0.017500 0.057067 -0.041745
v -0.014894 0.056553 -0.041745
v -0.013865 0.057067 -0.041745
v -0.017500 0.052500 -0.041745
v -0.016000 0.052500 -0.041745
v -0.016000 0.054764 -0.041745
v -0.013865 0.057067 -0.041745
v -0.013000 0.057500 -0.041698
v -0.013000 0.057926 -0.041551
v -0.013865 0.057067 -0.041745
v -0.013000 0.057926 -0.041551
v -0.017500 0.057067 -0.041745
v -0.013000 0.058618 -0.041008
v -0.017500 0.058618 -0.041008
v -0.013000 0.057926 -0.041551
v -0.017500 0.057926 -0.041551
v -0.017500 0.057926 -0.041551
v -0.014052 0.061750 -0.046428
v -0.017500 0.061750 -0.046428
v -0.017500 0.061944 -0.045569
v -0.013000 0.061808 -0.045950
v -0.014052 0.061750 -0.046428
v -0.013000 0.061944 -0.045569
v -0.013000 0.061944 -0.045569
v -0.013000 0.061944 -0.045569
v -0.017500 0.061944 -0.045569
v -0.013000 0.062487 -0.044877
v -0.017500 0.062487 -0.044877
v -0.017500 0.061750 -0.046428
v -0.014052 0.061750 -0.046428
v -0.016328 0.061750 -0.047462
v -0.016919 0.061750 -0.047874
v -0.017370 0.061750 -0.048574
v -0.017500 0.061750 -0.049283
v -0.017500 0.059750 -0.049283
v -0.017500 0.061750 -0.049283
v -0.017370 0.059750 -0.048574
v -0.017370 0.061750 -0.048574
v -0.017370 0.059750 -0.048574
v -0.017370 0.061750 -0.048574
v -0.016919 0.059750 -0.047874
v -0.016919 0.061750 -0.047874
v -0.016919 0.059750 -0.047874
v -0.016919 0.061750 -0.047874
v -0.016328 0.059750 -0.047462
v -0.016328 0.061750 -0.047462
v -0.017500 0.059750 -0.046428
v -0.017500 0.059750 -0.049283
v -0.017370 0.059750 -0.048574
v -0.016919 0.059750 -0.047874
v -0.016328 0.059750 -0.047462
v -0.014052 0.059750 -0.046428
v -0.014052 0.059750 -0.046428
v -0.013000 0.059692 -0.045950
v -0.013000 0.059556 -0.045569
v -0.014052 0.059750 -0.046428
v -0.013000 0.059556 -0.045569
v -0.017500 0.059750 -0.046428
v -0.013000 0.059013 -0.044877
v -0.017500 0.059013 -0.044877
v -0.013000 0.059556 -0.045569
v -0.017500 0.059556 -0.045569
v -0.017500 0.059556 -0.045569
v -0.017500 0.058618 -0.044482
v -0.017500 0.059013 -0.044877
v -0.013000 0.058618 -0.044482
v -0.013000 0.059013 -0.044877
v -0.016000 0.044500 -0.039745
v -0.016000 0.044500 -0.003034
v -0.017500 0.044500 -0.039745
v -0.017500 0.044500 -0.003086
v -0.013200 0.043109 -0.001439
v -0.013200 0.043000 -0.001435
v -0.017500 0.043000 -0.001585
v -0.017500 0.044061 -0.002025
v -0.017500 0.044220 -0.002212
v -0.016000 0.044333 -0.002345
v -0.016000 0.044333 -0.002345
v -0.017500 0.044220 -0.002212
v -0.017500 0.044410 -0.002574
v -0.016000 0.044333 -0.002345
v -0.017500 0.044410 -0.002574
v -0.016000 0.044500 -0.003034
v -0.016000 0.044500 -0.003034
v -0.017500 0.044410 -0.002574
v -0.017500 0.044488 -0.002897
v -0.016000 0.044500 -0.003034
v -0.017500 0.044488 -0.002897
v -0.017500 0.044500 -0.003086
v -0.013200 0.043217 -0.001451
v -0.013200 0.043109 -0.001439
v -0.016000 0.043220 -0.001549
v -0.016000 0.043220 -0.001549
v -0.013200 0.043109 -0.001439
v -0.017500 0.043000 -0.001585
v -0.016000 0.043220 -0.001549
v -0.017500 0.043000 -0.001585
v -0.016000 0.043512 -0.001622
v -0.017500 0.043694 -0.001755
v -0.016000 0.043512 -0.001622
v -0.017500 0.043694 -0.001755
v -0.016000 0.043864 -0.001807
v -0.016000 0.043864 -0.001807
v -0.017500 0.043694 -0.001755
v -0.017500 0.044061 -0.002025
v -0.016000 0.043864 -0.001807
v -0.017500 0.044061 -0.002025
v -0.016000 0.044061 -0.001972
v -0.016000 0.044061 -0.001972
v -0.017500 0.044061 -0.002025
v -0.016000 0.044333 -0.002345
v -0.015454 0.038863 -0.041745
v -0.017500 0.037933 -0.041745
v -0.014894 0.038447 -0.041745
v -0.013865 0.037933 -0.041745
v -0.016000 0.042500 -0.041745
v -0.017500 0.042500 -0.041745
v -0.016000 0.040236 -0.041745
v -0.015878 0.039549 -0.041745
v -0.016000 0.044500 -0.039745
v -0.017500 0.044500 -0.039745
v -0.016000 0.044376 -0.040437
v -0.017500 0.044376 -0.040437
v -0.016000 0.044376 -0.040437
v -0.017500 0.044376 -0.040437
v -0.016000 0.043914 -0.041159
v -0.017500 0.043914 -0.041159
v -0.016000 0.043914 -0.041159
v -0.017500 0.043914 -0.041159
v -0.016000 0.043192 -0.041621
v -0.017500 0.043192 -0.041621
v -0.016000 0.043192 -0.041621
v -0.017500 0.043192 -0.041621
v -0.016000 0.042500 -0.041745
v -0.017500 0.042500 -0.041745
v -0.017500 0.035987 -0.044877
v -0.017500 0.036382 -0.044482
v -0.013000 0.035987 -0.044877
v -0.013000 0.036382 -0.044482
v -0.016500 0.055500 -0.052677
v -0.014500 0.055500 -0.056141
v -0.016500 0.055500 -0.058935
v -0.014500 0.055500 -0.058935
v -0.014500 0.038914 -0.060349
v -0.014500 0.056086 -0.060349
v -0.014500 0.055624 -0.059627
v -0.014500 0.057500 -0.060935
v -0.014500 0.056808 -0.060811
v -0.014500 0.037500 -0.060935
v -0.014500 0.038192 -0.060811
v -0.014500 0.055500 -0.056141
v -0.014500 0.039500 -0.056141
v -0.014500 0.055500 -0.058935
v -0.014500 0.039500 -0.058935
v -0.014500 0.039376 -0.059627
v -0.016500 0.039500 -0.058935
v -0.014500 0.039500 -0.058935
v -0.016500 0.039500 -0.052677
v -0.014500 0.039500 -0.056141
v -0.011700 0.054394 0.015002
v -0.011700 0.054448 0.015315
v -0.011700 0.052606 0.015002
v -0.011700 0.054394 0.015628
v -0.011700 0.052606 0.015628
v -0.011700 0.052552 0.015315
v -0.011700 0.053732 0.014396
v -0.011700 0.054139 0.014616
v -0.011700 0.053268 0.014396
v -0.011700 0.052861 0.014616
v -0.011700 0.053268 0.016234
v -0.011700 0.052861 0.016014
v -0.011700 0.053732 0.016234
v -0.011700 0.054139 0.016014
v -0.011700 0.040606 0.015628
v -0.011700 0.040552 0.015315
v -0.011700 0.042394 0.015628
v -0.011700 0.040606 0.015002
v -0.011700 0.042394 0.015002
v -0.011700 0.042448 0.015315
v -0.011700 0.041269 0.016234
v -0.011700 0.040861 0.016014
v -0.011700 0.041731 0.016234
v -0.011700 0.042139 0.016014
v -0.011700 0.041731 0.014396
v -0.011700 0.042139 0.014616
v -0.011700 0.041269 0.014396
v -0.011700 0.040861 0.014616
v -0.016000 0.042500 0.016663
v -0.016000 0.043469 0.016663
v -0.016000 0.042500 0.018565
v -0.016000 0.043192 0.018689
v -0.016000 0.051086 0.044461
v -0.016000 0.051086 0.041289
v -0.016000 0.051808 0.041751
v -0.016000 0.050500 0.020565
v -0.016000 0.048128 0.019086
v -0.016000 0.050624 0.019873
v -0.016000 0.049238 0.018496
v -0.016000 0.051086 0.019151
v -0.016000 0.043914 0.041289
v -0.016000 0.043914 0.044461
v -0.016000 0.043192 0.043999
v -0.016000 0.049827 0.017720
v -0.016000 0.050223 0.017184
v -0.016000 0.051808 0.018689
v -0.016000 0.050500 0.039875
v -0.016000 0.044376 0.040567
v -0.016000 0.044500 0.039875
v -0.016000 0.043192 0.060941
v -0.016000 0.051086 0.060479
v -0.016000 0.042500 0.061065
v -0.016000 0.051808 0.060941
v -0.016000 0.052500 0.061065
v -0.016000 0.052500 0.016663
v -0.016000 0.052500 0.018565
v -0.016000 0.051531 0.016663
v -0.016000 0.050876 0.016779
v -0.016000 0.046872 0.019086
v -0.016000 0.044500 0.020565
v -0.016000 0.045762 0.018496
v -0.016000 0.044376 0.019873
v -0.016000 0.045173 0.017720
v -0.016000 0.043914 0.019151
v -0.016000 0.044778 0.017184
v -0.016000 0.044124 0.016779
v -0.016000 0.054764 0.041875
v -0.016000 0.054764 0.043875
v -0.016000 0.052500 0.041875
v -0.016000 0.052500 0.043875
v -0.016000 0.051808 0.043999
v -0.016000 0.044500 0.045875
v -0.016000 0.044376 0.045183
v -0.016000 0.050624 0.040567
v -0.016000 0.040236 0.043875
v -0.016000 0.040236 0.041875
v -0.016000 0.042500 0.043875
v -0.016000 0.042500 0.041875
v -0.016000 0.043192 0.041751
v -0.016000 0.050624 0.045183
v -0.016000 0.050500 0.045875
v -0.016000 0.044500 0.059065
v -0.016000 0.043914 0.060479
v -0.016000 0.044376 0.059757
v -0.016000 0.050624 0.059757
v -0.016000 0.050500 0.059065
v -0.016000 0.033123 -0.046604
v -0.016000 0.033250 -0.047307
v -0.016000 0.033250 -0.046428
v -0.016000 0.033328 -0.040154
v -0.016000 0.034250 -0.039995
v -0.016000 -0.034250 -0.039995
v -0.016000 -0.033371 -0.040139
v -0.016000 0.032097 -0.045495
v -0.016000 -0.032306 -0.040801
v -0.016000 -0.031644 -0.041866
v -0.016000 0.031500 -0.042745
v -0.016000 0.031646 -0.041860
v -0.016000 0.032292 -0.040814
v -0.016000 -0.032097 -0.045495
v -0.016000 -0.032513 -0.044877
v -0.016000 -0.032679 -0.045908
v -0.016000 -0.033056 -0.045569
v -0.016000 -0.033123 -0.046604
v -0.016000 -0.033250 -0.046428
v -0.016000 -0.033250 -0.047307
v -0.016000 -0.031500 -0.042745
v -0.016000 -0.031525 -0.043114
v -0.016000 -0.031972 -0.044285
v -0.016000 0.032679 -0.045908
v -0.016000 0.033056 -0.045569
v -0.016000 0.032513 -0.044877
v -0.016000 0.031766 -0.043925
v -0.014052 -0.033250 -0.046428
v -0.016000 -0.033250 -0.046428
v -0.016000 -0.033056 -0.045569
v -0.014052 -0.033250 -0.046428
v -0.016000 -0.033056 -0.045569
v -0.013000 -0.033192 -0.045950
v -0.016000 -0.032513 -0.044877
v -0.013000 -0.032513 -0.044877
v -0.016000 -0.033056 -0.045569
v -0.013000 -0.033056 -0.045569
v -0.016000 -0.033056 -0.045569
v -0.013000 -0.033056 -0.045569
v -0.013000 -0.033192 -0.045950
v -0.013865 -0.037933 -0.041745
v -0.013000 -0.037500 -0.041698
v -0.013000 -0.037074 -0.041551
v -0.013865 -0.037933 -0.041745
v -0.013000 -0.037074 -0.041551
v -0.017500 -0.037933 -0.041745
v -0.013000 -0.036382 -0.041008
v -0.017500 -0.036382 -0.041008
v -0.013000 -0.037074 -0.041551
v -0.017500 -0.037074 -0.041551
v -0.017500 -0.037074 -0.041551
v -0.016471 -0.033250 -0.047652
v -0.015235 -0.033250 -0.046965
v -0.016471 -0.035250 -0.047652
v -0.015235 -0.035250 -0.046965
v -0.015235 -0.035250 0.047095
v -0.015235 -0.033250 0.047095
v -0.016471 -0.035250 0.047782
v -0.016471 -0.033250 0.047782
v -0.016000 -0.033056 0.045699
v -0.016000 -0.032097 0.045625
v -0.016000 -0.032679 0.046038
v -0.016000 0.032292 0.040944
v -0.016000 0.033328 0.040284
v -0.016000 0.034250 0.040125
v -0.016000 -0.031500 0.042875
v -0.016000 -0.031644 0.041996
v -0.016000 -0.032306 0.040930
v -0.016000 -0.033371 0.040269
v -0.016000 -0.034250 0.040125
v -0.016000 0.031646 0.041990
v -0.016000 0.031500 0.042875
v -0.016000 0.032097 0.045625
v -0.016000 -0.033250 0.046558
v -0.016000 -0.033123 0.046734
v -0.016000 -0.033250 0.047437
v -0.016000 0.031766 0.044055
v -0.016000 0.032513 0.045007
v -0.016000 0.032679 0.046038
v -0.016000 0.033056 0.045699
v -0.016000 0.033123 0.046734
v -0.016000 0.033250 0.046558
v -0.016000 0.033250 0.047437
v -0.016000 -0.032513 0.045007
v -0.016000 -0.031972 0.044415
v -0.016000 -0.031525 0.043244
v -0.013865 -0.037933 0.041875
v -0.017500 -0.037933 0.041875
v -0.017500 -0.037074 0.041681
v -0.013000 -0.037500 0.041828
v -0.013865 -0.037933 0.041875
v -0.013000 -0.037074 0.041681
v -0.013000 -0.037074 0.041681
v -0.013000 -0.037074 0.041681
v -0.017500 -0.037074 0.041681
v -0.013000 -0.036382 0.041138
v -0.017500 -0.036382 0.041138
v -0.014052 -0.033250 0.046558
v -0.013000 -0.033192 0.046080
v -0.013000 -0.033056 0.045699
v -0.016000 -0.033250 0.046558
v -0.014052 -0.033250 0.046558
v -0.016000 -0.033056 0.045699
v -0.013000 -0.033056 0.045699
v -0.016000 -0.033056 0.045699
v -0.013000 -0.033056 0.045699
v -0.016000 -0.032513 0.045007
v -0.013000 -0.032513 0.045007
v -0.016000 -0.040236 0.043875
v -0.016000 -0.040236 0.041875
v -0.015878 -0.039549 0.043875
v -0.015878 -0.039549 0.041875
v -0.015878 -0.039549 0.043875
v -0.015878 -0.039549 0.041875
v -0.015454 -0.038863 0.043875
v -0.015454 -0.038863 0.041875
v -0.015454 -0.038863 0.043875
v -0.015454 -0.038863 0.041875
v -0.014894 -0.038447 0.043875
v -0.014894 -0.038447 0.041875
v -0.014052 -0.059750 0.046558
v -0.016500 -0.059750 0.046558
v -0.016328 -0.059750 0.047592
v -0.016500 -0.059750 0.047681
v -0.014894 -0.056553 0.043875
v -0.014894 -0.056553 0.041875
v -0.015454 -0.056137 0.043875
v -0.015454 -0.056137 0.041875
v -0.015454 -0.056137 0.043875
v -0.015454 -0.056137 0.041875
v -0.015878 -0.055451 0.043875
v -0.015878 -0.055451 0.041875
v -0.015878 -0.055451 0.043875
v -0.015878 -0.055451 0.041875
v -0.016000 -0.054764 0.043875
v -0.016000 -0.054764 0.041875
v -0.014894 0.038447 0.043875
v -0.014894 0.038447 0.041875
v -0.015454 0.038863 0.043875
v -0.015454 0.038863 0.041875
v -0.015454 0.038863 0.043875
v -0.015454 0.038863 0.041875
v -0.015878 0.039549 0.043875
v -0.015878 0.039549 0.041875
v -0.015878 0.039549 0.043875
v -0.015878 0.039549 0.041875
v -0.016000 0.040236 0.043875
v -0.016000 0.040236 0.041875
v -0.017500 0.037074 0.041681
v -0.013000 0.037074 0.041681
v -0.017500 0.036382 0.041138
v -0.013000 0.036382 0.041138
v -0.017500 0.037074 0.041681
v -0.017500 0.037933 0.041875
v -0.013000 0.037074 0.041681
v -0.013865 0.037933 0.041875
v -0.013000 0.037074 0.041681
v -0.013865 0.037933 0.041875
v -0.013000 0.037500 0.041828
v -0.014052 0.033250 0.046558
v -0.016000 0.033250 0.046558
v -0.016000 0.033056 0.045699
v -0.014052 0.033250 0.046558
v -0.016000 0.033056 0.045699
v -0.013000 0.033192 0.046080
v -0.016000 0.033056 0.045699
v -0.013000 0.033056 0.045699
v -0.016000 0.033056 0.045699
v -0.013000 0.033056 0.045699
v -0.013000 0.033192 0.046080
v -0.016471 0.033250 0.047782
v -0.015235 0.033250 0.047095
v -0.016471 0.035250 0.047782
v -0.015235 0.035250 0.047095
v -0.015235 0.035250 -0.046965
v -0.015235 0.033250 -0.046965
v -0.016471 0.035250 -0.047652
v -0.016471 0.033250 -0.047652
v -0.014052 0.033250 -0.046428
v -0.013000 0.033192 -0.045950
v -0.013000 0.033056 -0.045569
v -0.016000 0.033250 -0.046428
v -0.014052 0.033250 -0.046428
v -0.016000 0.033056 -0.045569
v -0.013000 0.033056 -0.045569
v -0.016000 0.033056 -0.045569
v -0.013000 0.033056 -0.045569
v -0.013865 0.037933 -0.041745
v -0.017500 0.037933 -0.041745
v -0.017500 0.037074 -0.041551
v -0.013000 0.037500 -0.041698
v -0.013865 0.037933 -0.041745
v -0.013000 0.037074 -0.041551
v -0.013000 0.037074 -0.041551
v -0.013000 0.037074 -0.041551
v -0.017500 0.037074 -0.041551
v -0.013000 0.036382 -0.041008
v -0.017500 0.036382 -0.041008
v -0.016500 0.059750 0.047681
v -0.016500 0.059750 0.046558
v -0.016328 0.059750 0.047592
v -0.014052 0.059750 0.046558
v -0.016000 0.054764 0.043875
v -0.016000 0.054764 0.041875
v -0.015878 0.055451 0.043875
v -0.015878 0.055451 0.041875
v -0.015878 0.055451 0.043875
v -0.015878 0.055451 0.041875
v -0.015454 0.056137 0.043875
v -0.015454 0.056137 0.041875
v -0.015454 0.056137 0.043875
v -0.015454 0.056137 0.041875
v -0.014894 0.056553 0.043875
v -0.014894 0.056553 0.041875
v -0.014700 -0.066816 0.026060
v -0.014700 -0.066412 0.026672
v -0.014700 -0.067025 0.028419
v -0.014700 -0.069000 0.020565
v -0.014700 -0.068876 0.021257
v -0.014700 -0.069000 0.025615
v -0.014700 -0.068414 0.021979
v -0.014700 -0.068414 0.027029
v -0.014700 -0.068848 0.026381
v -0.014700 -0.066900 0.025565
v -0.014700 -0.066816 0.025070
v -0.014700 -0.066412 0.024458
v -0.014700 -0.067692 0.022441
v -0.014700 -0.065766 0.024110
v -0.014700 -0.067000 0.022565
v -0.014700 -0.065400 0.024065
v -0.014700 -0.065400 0.022565
v -0.014700 -0.065034 0.024110
v -0.014700 -0.064496 0.022705
v -0.014700 -0.064388 0.024458
v -0.014700 -0.063344 0.023381
v -0.014700 -0.063984 0.025070
v -0.014700 -0.062599 0.024490
v -0.014700 -0.063900 0.025565
v -0.014700 -0.065275 0.028824
v -0.014700 -0.065836 0.029572
v -0.014700 -0.066266 0.029554
v -0.014700 -0.066000 0.030365
v -0.014700 -0.066000 0.030893
v -0.014700 -0.062400 0.025565
v -0.014700 -0.062410 0.025813
v -0.014700 -0.063984 0.026060
v -0.014700 -0.062814 0.027086
v -0.014700 -0.064388 0.026672
v -0.014700 -0.063731 0.028058
v -0.014700 -0.065034 0.027020
v -0.014700 -0.064560 0.028445
v -0.014700 -0.065400 0.027065
v -0.014700 -0.065766 0.027020
v -0.014700 0.065766 0.027020
v -0.014700 0.066412 0.026672
v -0.014700 0.065275 0.028824
v -0.014700 0.068876 0.021257
v -0.014700 0.069000 0.020565
v -0.014700 0.069000 0.025615
v -0.014700 0.065836 0.029572
v -0.014700 0.068414 0.021979
v -0.014700 0.066412 0.024458
v -0.014700 0.067692 0.022441
v -0.014700 0.066000 0.030893
v -0.014700 0.066000 0.030365
v -0.014700 0.066266 0.029554
v -0.014700 0.067025 0.028419
v -0.014700 0.068414 0.027029
v -0.014700 0.066816 0.026060
v -0.014700 0.068848 0.026381
v -0.014700 0.066900 0.025565
v -0.014700 0.066816 0.025070
v -0.014700 0.067000 0.022565
v -0.014700 0.065766 0.024110
v -0.014700 0.065400 0.022565
v -0.014700 0.065400 0.024065
v -0.014700 0.064362 0.022750
v -0.014700 0.065034 0.024110
v -0.014700 0.063279 0.023444
v -0.014700 0.064388 0.024458
v -0.014700 0.062585 0.024527
v -0.014700 0.063984 0.025070
v -0.014700 0.062400 0.025565
v -0.014700 0.063900 0.025565
v -0.014700 0.062646 0.026754
v -0.014700 0.063984 0.026060
v -0.014700 0.063487 0.027876
v -0.014700 0.064388 0.026672
v -0.014700 0.064560 0.028445
v -0.014700 0.065034 0.027020
v -0.014700 0.065400 0.027065
v -0.014700 0.066816 -0.025930
v -0.014700 0.066412 -0.026542
v -0.014700 0.067025 -0.028289
v -0.014700 0.069000 -0.020435
v -0.014700 0.068876 -0.021127
v -0.014700 0.069000 -0.025485
v -0.014700 0.068414 -0.021849
v -0.014700 0.065275 -0.028694
v -0.014700 0.065836 -0.029442
v -0.014700 0.066266 -0.029424
v -0.014700 0.066000 -0.030235
v -0.014700 0.066000 -0.030763
v -0.014700 0.068414 -0.026899
v -0.014700 0.068848 -0.026251
v -0.014700 0.066900 -0.025435
v -0.014700 0.066816 -0.024940
v -0.014700 0.066412 -0.024328
v -0.014700 0.067692 -0.022311
v -0.014700 0.065766 -0.023981
v -0.014700 0.067000 -0.022435
v -0.014700 0.065400 -0.023935
v -0.014700 0.065400 -0.022435
v -0.014700 0.065034 -0.023981
v -0.014700 0.064362 -0.022620
v -0.014700 0.064388 -0.024328
v -0.014700 0.063279 -0.023314
v -0.014700 0.063984 -0.024940
v -0.014700 0.062585 -0.024397
v -0.014700 0.063900 -0.025435
v -0.014700 0.062400 -0.025435
v -0.014700 0.063984 -0.025930
v -0.014700 0.062646 -0.026624
v -0.014700 0.064388 -0.026542
v -0.014700 0.063487 -0.027746
v -0.014700 0.065034 -0.026889
v -0.014700 0.064560 -0.028315
v -0.014700 0.065400 -0.026935
v -0.014700 0.065766 -0.026889
v -0.014700 -0.065766 -0.026889
v -0.014700 -0.066412 -0.026542
v -0.014700 -0.065275 -0.028694
v -0.014700 -0.063900 -0.025435
v -0.014700 -0.063984 -0.025930
v -0.014700 -0.062814 -0.026956
v -0.014700 -0.065836 -0.029442
v -0.014700 -0.068876 -0.021127
v -0.014700 -0.069000 -0.020435
v -0.014700 -0.069000 -0.025485
v -0.014700 -0.063731 -0.027928
v -0.014700 -0.064388 -0.026542
v -0.014700 -0.064560 -0.028315
v -0.014700 -0.065034 -0.026889
v -0.014700 -0.065400 -0.026935
v -0.014700 -0.066000 -0.030763
v -0.014700 -0.066000 -0.030235
v -0.014700 -0.066266 -0.029424
v -0.014700 -0.067025 -0.028289
v -0.014700 -0.068414 -0.026899
v -0.014700 -0.066816 -0.025930
v -0.014700 -0.068848 -0.026251
v -0.014700 -0.066900 -0.025435
v -0.014700 -0.066816 -0.024940
v -0.014700 -0.066412 -0.024328
v -0.014700 -0.068414 -0.021849
v -0.014700 -0.062410 -0.025683
v -0.014700 -0.062400 -0.025435
v -0.014700 -0.063984 -0.024940
v -0.014700 -0.062599 -0.024360
v -0.014700 -0.064388 -0.024328
v -0.014700 -0.063344 -0.023251
v -0.014700 -0.065034 -0.023981
v -0.014700 -0.064496 -0.022574
v -0.014700 -0.065400 -0.023935
v -0.014700 -0.065400 -0.022435
v -0.014700 -0.065766 -0.023981
v -0.014700 -0.067000 -0.022435
v -0.014700 -0.067692 -0.022311
v -0.007000 -0.040500 0.064798
v -0.007000 -0.054500 0.064798
v -0.007000 -0.040500 0.063565
v -0.007000 -0.054500 0.063565
v -0.007000 -0.040386 0.062991
v -0.007000 -0.054701 0.062815
v -0.007000 -0.040061 0.062504
v -0.007000 -0.039574 0.062179
v -0.007000 0.062246 0.061951
v -0.007000 0.061672 0.062065
v -0.007000 0.056000 0.062065
v -0.007000 0.054939 0.062504
v -0.007000 0.054614 0.062991
v -0.007000 0.040500 0.064798
v -0.007000 0.054500 0.063565
v -0.007000 0.054500 0.064798
v -0.007000 0.055426 0.062179
v -0.007000 0.040500 0.063565
v -0.007000 -0.039000 0.062065
v -0.007000 -0.055250 0.062266
v -0.007000 -0.056000 0.062065
v -0.007000 0.040386 0.062991
v -0.007000 0.040061 0.062504
v -0.007000 0.061050 0.061065
v -0.007000 0.039574 0.062179
v -0.007000 0.039000 0.062065
v -0.007000 0.061816 0.060913
v -0.007000 0.062732 0.061626
v -0.007000 0.062465 0.060479
v -0.007000 0.066561 0.057797
v -0.007000 0.065414 0.057530
v -0.007000 0.066886 0.057311
v -0.007000 0.065848 0.056881
v -0.007000 0.067000 0.056737
v -0.007000 0.066000 0.056115
v -0.007000 0.067000 0.030893
v -0.007000 0.066000 0.030893
v -0.007000 0.067190 0.029937
v -0.007000 0.066266 0.029554
v -0.007000 0.067732 0.029126
v -0.007000 0.067025 0.028419
v -0.007000 0.069561 0.027297
v -0.007000 0.068414 0.027029
v -0.007000 0.069886 0.026811
v -0.007000 0.068848 0.026381
v -0.007000 0.070000 0.026237
v -0.007000 0.069000 0.025615
v -0.007000 0.070000 -0.026107
v -0.007000 0.069000 -0.025485
v -0.007000 0.069886 -0.026681
v -0.007000 0.068848 -0.026251
v -0.007000 0.069561 -0.027167
v -0.007000 0.068414 -0.026899
v -0.007000 0.067732 -0.028996
v -0.007000 0.067025 -0.028289
v -0.007000 0.067190 -0.029807
v -0.007000 0.066266 -0.029424
v -0.007000 0.067000 -0.030763
v -0.007000 0.066000 -0.030763
v -0.007000 0.067000 -0.056607
v -0.007000 0.066000 -0.055985
v -0.007000 0.066886 -0.057181
v -0.007000 0.065848 -0.056751
v -0.007000 0.066561 -0.057667
v -0.007000 0.065414 -0.057400
v -0.007000 0.062732 -0.061496
v -0.007000 0.062465 -0.060349
v -0.007000 0.062246 -0.061821
v -0.007000 0.061816 -0.060783
v -0.007000 0.061672 -0.061935
v -0.007000 0.061050 -0.060935
v -0.007000 -0.061672 -0.061935
v -0.007000 -0.061050 -0.060935
v -0.007000 -0.062246 -0.061821
v -0.007000 -0.061816 -0.060783
v -0.007000 -0.062732 -0.061496
v -0.007000 -0.062465 -0.060349
v -0.007000 -0.066561 -0.057667
v -0.007000 -0.065414 -0.057400
v -0.007000 -0.066886 -0.057181
v -0.007000 -0.065848 -0.056751
v -0.007000 -0.067000 -0.056607
v -0.007000 -0.066000 -0.055985
v -0.007000 -0.067000 -0.030763
v -0.007000 -0.066000 -0.030763
v -0.007000 -0.067190 -0.029807
v -0.007000 -0.066266 -0.029424
v -0.007000 -0.067732 -0.028996
v -0.007000 -0.067025 -0.028289
v -0.007000 -0.069561 -0.027167
v -0.007000 -0.068414 -0.026899
v -0.007000 -0.069886 -0.026681
v -0.007000 -0.068848 -0.026251
v -0.007000 -0.070000 -0.026107
v -0.007000 -0.069000 -0.025485
v -0.007000 -0.070000 0.026237
v -0.007000 -0.069000 0.025615
v -0.007000 -0.069886 0.026811
v -0.007000 -0.068848 0.026381
v -0.007000 -0.069561 0.027297
v -0.007000 -0.068414 0.027029
v -0.007000 -0.067732 0.029126
v -0.007000 -0.067025 0.028419
v -0.007000 -0.067190 0.029937
v -0.007000 -0.066266 0.029554
v -0.007000 -0.067000 0.030893
v -0.007000 -0.066000 0.030893
v -0.007000 -0.067000 0.056737
v -0.007000 -0.066000 0.056115
v -0.007000 -0.066886 0.057311
v -0.007000 -0.065848 0.056881
v -0.007000 -0.066561 0.057797
v -0.007000 -0.065414 0.057530
v -0.007000 -0.062732 0.061626
v -0.007000 -0.062465 0.060479
v -0.007000 -0.062246 0.061951
v -0.007000 -0.061816 0.060913
v -0.007000 -0.061672 0.062065
v -0.007000 -0.061050 0.061065
v -0.007067 -0.040250 0.063565
v -0.007067 -0.040250 0.064798
v -0.007060 -0.040263 0.064798
v -0.007067 -0.040250 0.063565
v -0.007060 -0.040263 0.064798
v -0.007004 -0.040439 0.063565
v -0.007004 -0.040439 0.063565
v -0.007060 -0.040263 0.064798
v -0.007000 -0.040500 0.064798
v -0.007004 -0.040439 0.063565
v -0.007000 -0.040500 0.064798
v -0.007000 -0.040500 0.063565
v -0.007067 -0.040250 0.064798
v -0.007067 -0.040250 0.063565
v -0.007146 -0.040146 0.064798
v -0.007146 -0.040146 0.064798
v -0.007067 -0.040250 0.063565
v -0.007086 -0.040220 0.063565
v -0.007146 -0.040146 0.064798
v -0.007086 -0.040220 0.063565
v -0.007220 -0.040086 0.064798
v -0.007220 -0.040086 0.064798
v -0.007086 -0.040220 0.063565
v -0.007250 -0.040067 0.063565
v -0.007220 -0.040086 0.064798
v -0.007250 -0.040067 0.063565
v -0.007250 -0.040067 0.064798
v -0.007250 -0.040067 0.064798
v -0.007250 -0.040067 0.063565
v -0.007353 -0.040022 0.064798
v -0.007353 -0.040022 0.064798
v -0.007250 -0.040067 0.063565
v -0.007263 -0.040060 0.063565
v -0.007353 -0.040022 0.064798
v -0.007263 -0.040060 0.063565
v -0.007439 -0.040004 0.064798
v -0.007439 -0.040004 0.064798
v -0.007263 -0.040060 0.063565
v -0.007500 -0.040000 0.063565
v -0.007439 -0.040004 0.064798
v -0.007500 -0.040000 0.063565
v -0.007500 -0.040000 0.064798
v -0.007545 -0.040000 0.065006
v -0.007680 -0.040000 0.065183
v -0.007487 -0.040022 0.065191
v -0.007053 -0.040353 0.065042
v -0.007032 -0.040500 0.065048
v -0.007000 -0.040500 0.064798
v -0.007207 -0.040500 0.065406
v -0.007094 -0.040500 0.065220
v -0.007120 -0.040353 0.065224
v -0.007749 -0.040326 0.065733
v -0.007519 -0.040353 0.065649
v -0.007757 -0.040263 0.065706
v -0.007757 -0.040263 0.065706
v -0.007519 -0.040353 0.065649
v -0.007543 -0.040244 0.065607
v -0.007757 -0.040263 0.065706
v -0.007543 -0.040244 0.065607
v -0.007779 -0.040146 0.065622
v -0.007779 -0.040146 0.065622
v -0.007543 -0.040244 0.065607
v -0.007580 -0.040146 0.065541
v -0.007779 -0.040146 0.065622
v -0.007580 -0.040146 0.065541
v -0.007798 -0.040086 0.065551
v -0.007680 -0.040000 0.065183
v -0.007871 -0.040000 0.065281
v -0.007487 -0.040022 0.065191
v -0.007487 -0.040022 0.065191
v -0.007871 -0.040000 0.065281
v -0.007855 -0.040004 0.065340
v -0.007487 -0.040022 0.065191
v -0.007855 -0.040004 0.065340
v -0.007682 -0.040022 0.065361
v -0.007682 -0.040022 0.065361
v -0.007855 -0.040004 0.065340
v -0.007826 -0.040031 0.065448
v -0.007500 -0.040000 0.064798
v -0.007545 -0.040000 0.065006
v -0.007439 -0.040004 0.064798
v -0.007439 -0.040004 0.064798
v -0.007545 -0.040000 0.065006
v -0.007374 -0.040022 0.064959
v -0.007439 -0.040004 0.064798
v -0.007374 -0.040022 0.064959
v -0.007353 -0.040022 0.064798
v -0.007353 -0.040022 0.064798
v -0.007374 -0.040022 0.064959
v -0.007250 -0.040067 0.064798
v -0.007250 -0.040067 0.064798
v -0.007374 -0.040022 0.064959
v -0.007174 -0.040146 0.065011
v -0.007250 -0.040067 0.064798
v -0.007174 -0.040146 0.065011
v -0.007220 -0.040086 0.064798
v -0.007000 -0.040500 0.064798
v -0.007060 -0.040263 0.064798
v -0.007053 -0.040353 0.065042
v -0.007053 -0.040353 0.065042
v -0.007060 -0.040263 0.064798
v -0.007067 -0.040250 0.064798
v -0.007053 -0.040353 0.065042
v -0.007067 -0.040250 0.064798
v -0.007174 -0.040146 0.065011
v -0.007174 -0.040146 0.065011
v -0.007067 -0.040250 0.064798
v -0.007146 -0.040146 0.064798
v -0.007174 -0.040146 0.065011
v -0.007146 -0.040146 0.064798
v -0.007220 -0.040086 0.064798
v -0.007323 -0.040146 0.065317
v -0.007580 -0.040146 0.065541
v -0.007263 -0.040244 0.065363
v -0.007543 -0.040244 0.065607
v -0.007263 -0.040244 0.065363
v -0.007543 -0.040244 0.065607
v -0.007224 -0.040353 0.065393
v -0.007519 -0.040353 0.065649
v -0.007545 -0.040000 0.065006
v -0.007487 -0.040022 0.065191
v -0.007374 -0.040022 0.064959
v -0.007374 -0.040022 0.064959
v -0.007487 -0.040022 0.065191
v -0.007232 -0.040146 0.065170
v -0.007374 -0.040022 0.064959
v -0.007232 -0.040146 0.065170
v -0.007174 -0.040146 0.065011
v -0.007174 -0.040146 0.065011
v -0.007232 -0.040146 0.065170
v -0.007120 -0.040353 0.065224
v -0.007053 -0.040353 0.065042
v -0.007053 -0.040353 0.065042
v -0.007120 -0.040353 0.065224
v -0.007094 -0.040500 0.065220
v -0.007053 -0.040353 0.065042
v -0.007094 -0.040500 0.065220
v -0.007032 -0.040500 0.065048
v -0.007826 -0.040031 0.065448
v -0.007798 -0.040086 0.065551
v -0.007682 -0.040022 0.065361
v -0.007682 -0.040022 0.065361
v -0.007798 -0.040086 0.065551
v -0.007580 -0.040146 0.065541
v -0.007682 -0.040022 0.065361
v -0.007580 -0.040146 0.065541
v -0.007487 -0.040022 0.065191
v -0.007323 -0.040146 0.065317
v -0.007487 -0.040022 0.065191
v -0.007323 -0.040146 0.065317
v -0.007232 -0.040146 0.065170
v -0.007232 -0.040146 0.065170
v -0.007323 -0.040146 0.065317
v -0.007263 -0.040244 0.065363
v -0.007232 -0.040146 0.065170
v -0.007263 -0.040244 0.065363
v -0.007120 -0.040353 0.065224
v -0.007120 -0.040353 0.065224
v -0.007263 -0.040244 0.065363
v -0.007224 -0.040353 0.065393
v -0.007120 -0.040353 0.065224
v -0.007224 -0.040353 0.065393
v -0.007207 -0.040500 0.065406
v -0.007207 -0.040500 0.065406
v -0.007224 -0.040353 0.065393
v -0.007519 -0.040353 0.065649
v -0.007207 -0.040500 0.065406
v -0.007519 -0.040353 0.065649
v -0.007357 -0.040500 0.065564
v -0.007357 -0.040500 0.065564
v -0.007519 -0.040353 0.065649
v -0.007749 -0.040326 0.065733
v -0.007357 -0.040500 0.065564
v -0.007749 -0.040326 0.065733
v -0.007741 -0.040500 0.065764
v -0.014099 -0.040266 0.067407
v -0.014091 -0.040500 0.067465
v -0.007741 -0.040500 0.065764
v -0.007741 -0.040500 0.065764
v -0.007749 -0.040326 0.065733
v -0.014099 -0.040266 0.067407
v -0.014099 -0.040266 0.067407
v -0.007749 -0.040326 0.065733
v -0.007757 -0.040263 0.065706
v -0.014099 -0.040266 0.067407
v -0.007757 -0.040263 0.065706
v -0.014110 -0.040146 0.067318
v -0.014110 -0.040146 0.067318
v -0.007757 -0.040263 0.065706
v -0.007779 -0.040146 0.065622
v -0.014110 -0.040146 0.067318
v -0.007779 -0.040146 0.065622
v -0.007798 -0.040086 0.065551
v -0.007871 -0.040000 0.065281
v -0.014157 -0.040000 0.066965
v -0.007855 -0.040004 0.065340
v -0.014148 -0.040004 0.067028
v -0.007855 -0.040004 0.065340
v -0.014148 -0.040004 0.067028
v -0.007826 -0.040031 0.065448
v -0.014134 -0.040031 0.067138
v -0.007826 -0.040031 0.065448
v -0.014134 -0.040031 0.067138
v -0.007798 -0.040086 0.065551
v -0.007798 -0.040086 0.065551
v -0.014134 -0.040031 0.067138
v -0.014119 -0.040093 0.067255
v -0.007798 -0.040086 0.065551
v -0.014119 -0.040093 0.067255
v -0.014110 -0.040146 0.067318
v -0.015285 -0.048249 0.061065
v -0.015471 -0.047500 0.061065
v -0.013778 -0.047500 0.067381
v -0.011795 -0.049100 0.066850
v -0.014089 -0.049120 0.061065
v -0.012574 -0.049100 0.067059
v -0.012574 -0.049100 0.067059
v -0.014089 -0.049120 0.061065
v -0.014841 -0.048780 0.061065
v -0.012574 -0.049100 0.067059
v -0.014841 -0.048780 0.061065
v -0.013260 -0.048718 0.067242
v -0.013260 -0.048718 0.067242
v -0.014841 -0.048780 0.061065
v -0.015285 -0.048249 0.061065
v -0.013260 -0.048718 0.067242
v -0.015285 -0.048249 0.061065
v -0.013689 -0.048045 0.067357
v -0.013689 -0.048045 0.067357
v -0.015285 -0.048249 0.061065
v -0.013778 -0.047500 0.067381
v -0.012554 -0.048667 0.061065
v -0.013241 -0.049071 0.061065
v -0.011795 -0.049100 0.066850
v -0.011795 -0.049100 0.066850
v -0.013241 -0.049071 0.061065
v -0.013345 -0.049100 0.061065
v -0.011795 -0.049100 0.066850
v -0.013345 -0.049100 0.061065
v -0.014089 -0.049120 0.061065
v -0.011795 -0.049100 0.066850
v -0.011109 -0.048718 0.066666
v -0.012554 -0.048667 0.061065
v -0.012554 -0.048667 0.061065
v -0.011109 -0.048718 0.066666
v -0.010680 -0.048045 0.066551
v -0.012174 -0.048107 0.061065
v -0.012174 -0.048107 0.061065
v -0.010680 -0.048045 0.066551
v -0.010591 -0.047500 0.066527
v -0.012174 -0.048107 0.061065
v -0.010591 -0.047500 0.066527
v -0.012054 -0.047500 0.061065
v -0.007741 -0.054500 0.065764
v -0.007357 -0.054500 0.065564
v -0.007741 -0.040500 0.065764
v -0.007357 -0.040500 0.065564
v -0.007357 -0.040500 0.065564
v -0.007357 -0.054500 0.065564
v -0.007207 -0.040500 0.065406
v -0.007207 -0.040500 0.065406
v -0.007357 -0.054500 0.065564
v -0.007094 -0.054500 0.065220
v -0.007207 -0.040500 0.065406
v -0.007094 -0.054500 0.065220
v -0.007094 -0.040500 0.065220
v -0.007094 -0.040500 0.065220
v -0.007094 -0.054500 0.065220
v -0.007032 -0.040500 0.065048
v -0.007032 -0.040500 0.065048
v -0.007094 -0.054500 0.065220
v -0.007000 -0.054500 0.064798
v -0.007032 -0.040500 0.065048
v -0.007000 -0.054500 0.064798
v -0.007000 -0.040500 0.064798
v -0.014157 -0.055000 0.066965
v -0.007871 -0.055000 0.065281
v -0.014148 -0.054996 0.067028
v -0.014148 -0.054996 0.067028
v -0.007871 -0.055000 0.065281
v -0.007826 -0.054969 0.065448
v -0.014148 -0.054996 0.067028
v -0.007826 -0.054969 0.065448
v -0.014134 -0.054969 0.067138
v -0.014134 -0.054969 0.067138
v -0.007826 -0.054969 0.065448
v -0.014118 -0.054907 0.067255
v -0.014118 -0.054907 0.067255
v -0.007826 -0.054969 0.065448
v -0.007779 -0.054854 0.065622
v -0.014118 -0.054907 0.067255
v -0.007779 -0.054854 0.065622
v -0.014110 -0.054854 0.067318
v -0.014110 -0.054854 0.067318
v -0.007779 -0.054854 0.065622
v -0.007751 -0.054692 0.065726
v -0.014110 -0.054854 0.067318
v -0.007751 -0.054692 0.065726
v -0.014098 -0.054734 0.067407
v -0.007751 -0.054692 0.065726
v -0.007749 -0.054673 0.065734
v -0.014098 -0.054734 0.067407
v -0.014098 -0.054734 0.067407
v -0.007749 -0.054673 0.065734
v -0.007741 -0.054500 0.065764
v -0.014098 -0.054734 0.067407
v -0.007741 -0.054500 0.065764
v -0.014091 -0.054500 0.067465
v -0.007000 -0.054500 0.063565
v -0.007000 -0.054500 0.064798
v -0.007004 -0.054561 0.063565
v -0.007004 -0.054561 0.063565
v -0.007000 -0.054500 0.064798
v -0.007039 -0.054692 0.064798
v -0.007004 -0.054561 0.063565
v -0.007039 -0.054692 0.064798
v -0.007067 -0.054750 0.063565
v -0.007067 -0.054750 0.063565
v -0.007039 -0.054692 0.064798
v -0.007067 -0.054750 0.064798
v -0.007067 -0.054750 0.063565
v -0.007067 -0.054750 0.064798
v -0.007086 -0.054780 0.063565
v -0.007086 -0.054780 0.063565
v -0.007067 -0.054750 0.064798
v -0.007148 -0.054855 0.064798
v -0.007086 -0.054780 0.063565
v -0.007148 -0.054855 0.064798
v -0.007250 -0.054933 0.063565
v -0.007250 -0.054933 0.063565
v -0.007148 -0.054855 0.064798
v -0.007250 -0.054933 0.064798
v -0.007250 -0.054933 0.063565
v -0.007250 -0.054933 0.064798
v -0.007263 -0.054940 0.063565
v -0.007263 -0.054940 0.063565
v -0.007250 -0.054933 0.064798
v -0.007312 -0.054963 0.064798
v -0.007263 -0.054940 0.063565
v -0.007312 -0.054963 0.064798
v -0.007500 -0.055000 0.063565
v -0.007500 -0.055000 0.063565
v -0.007312 -0.054963 0.064798
v -0.007500 -0.055000 0.064798
v -0.007377 -0.054963 0.065088
v -0.007529 -0.055000 0.064965
v -0.007500 -0.055000 0.064798
v -0.007826 -0.054969 0.065448
v -0.007871 -0.055000 0.065281
v -0.007659 -0.055000 0.065163
v -0.007500 -0.055000 0.064798
v -0.007312 -0.054963 0.064798
v -0.007377 -0.054963 0.065088
v -0.007377 -0.054963 0.065088
v -0.007312 -0.054963 0.064798
v -0.007250 -0.054933 0.064798
v -0.007377 -0.054963 0.065088
v -0.007250 -0.054933 0.064798
v -0.007228 -0.054855 0.065158
v -0.007659 -0.055000 0.065163
v -0.007558 -0.054963 0.065325
v -0.007826 -0.054969 0.065448
v -0.007826 -0.054969 0.065448
v -0.007558 -0.054963 0.065325
v -0.007452 -0.054855 0.065450
v -0.007826 -0.054969 0.065448
v -0.007452 -0.054855 0.065450
v -0.007779 -0.054854 0.065622
v -0.007779 -0.054854 0.065622
v -0.007452 -0.054855 0.065450
v -0.007382 -0.054692 0.065534
v -0.007751 -0.054692 0.065726
v -0.007751 -0.054692 0.065726
v -0.007382 -0.054692 0.065534
v -0.007749 -0.054673 0.065734
v -0.007749 -0.054673 0.065734
v -0.007382 -0.054692 0.065534
v -0.007357 -0.054500 0.065564
v -0.007749 -0.054673 0.065734
v -0.007357 -0.054500 0.065564
v -0.007741 -0.054500 0.065764
v -0.007659 -0.055000 0.065163
v -0.007529 -0.055000 0.064965
v -0.007558 -0.054963 0.065325
v -0.007558 -0.054963 0.065325
v -0.007529 -0.055000 0.064965
v -0.007377 -0.054963 0.065088
v -0.007558 -0.054963 0.065325
v -0.007377 -0.054963 0.065088
v -0.007452 -0.054855 0.065450
v -0.007228 -0.054855 0.065158
v -0.007452 -0.054855 0.065450
v -0.007228 -0.054855 0.065158
v -0.007382 -0.054692 0.065534
v -0.007129 -0.054692 0.065204
v -0.007382 -0.054692 0.065534
v -0.007129 -0.054692 0.065204
v -0.007357 -0.054500 0.065564
v -0.007094 -0.054500 0.065220
v -0.007250 -0.054933 0.064798
v -0.007148 -0.054855 0.064798
v -0.007228 -0.054855 0.065158
v -0.007228 -0.054855 0.065158
v -0.007148 -0.054855 0.064798
v -0.007067 -0.054750 0.064798
v -0.007228 -0.054855 0.065158
v -0.007067 -0.054750 0.064798
v -0.007129 -0.054692 0.065204
v -0.007129 -0.054692 0.065204
v -0.007067 -0.054750 0.064798
v -0.007039 -0.054692 0.064798
v -0.007129 -0.054692 0.065204
v -0.007039 -0.054692 0.064798
v -0.007094 -0.054500 0.065220
v -0.007000 -0.054500 0.064798
v -0.007500 -0.061672 0.062565
v -0.007500 -0.062437 0.062413
v -0.007263 -0.062414 0.062358
v -0.007000 -0.062246 0.061951
v -0.007000 -0.061672 0.062065
v -0.007004 -0.061672 0.062126
v -0.007004 -0.062775 0.061669
v -0.007000 -0.062732 0.061626
v -0.007004 -0.062269 0.062007
v -0.007000 -0.062246 0.061951
v -0.007004 -0.062269 0.062007
v -0.007004 -0.062269 0.062007
v -0.007004 -0.061672 0.062126
v -0.007067 -0.061672 0.062315
v -0.007004 -0.062269 0.062007
v -0.007067 -0.061672 0.062315
v -0.007086 -0.062353 0.062210
v -0.007004 -0.062775 0.061669
v -0.007004 -0.062269 0.062007
v -0.007038 -0.062867 0.061761
v -0.007038 -0.062867 0.061761
v -0.007004 -0.062269 0.062007
v -0.007086 -0.062353 0.062210
v -0.007038 -0.062867 0.061761
v -0.007086 -0.062353 0.062210
v -0.007086 -0.062930 0.061824
v -0.007067 -0.061672 0.062315
v -0.007086 -0.061672 0.062345
v -0.007086 -0.062353 0.062210
v -0.007086 -0.062353 0.062210
v -0.007086 -0.061672 0.062345
v -0.007250 -0.061672 0.062498
v -0.007086 -0.062353 0.062210
v -0.007250 -0.061672 0.062498
v -0.007263 -0.062414 0.062358
v -0.007263 -0.062414 0.062358
v -0.007250 -0.061672 0.062498
v -0.007263 -0.061672 0.062505
v -0.007263 -0.061672 0.062505
v -0.007086 -0.062930 0.061824
v -0.007086 -0.062353 0.062210
v -0.007146 -0.062982 0.061876
v -0.007146 -0.062982 0.061876
v -0.007086 -0.062353 0.062210
v -0.007263 -0.062414 0.062358
v -0.007146 -0.062982 0.061876
v -0.007263 -0.062414 0.062358
v -0.007263 -0.063043 0.061937
v -0.007263 -0.063043 0.061937
v -0.007263 -0.062414 0.062358
v -0.007500 -0.062437 0.062413
v -0.007500 -0.063086 0.061979
v -0.007000 -0.067000 0.056737
v -0.007000 -0.066886 0.057311
v -0.007060 -0.067105 0.057401
v -0.007309 -0.066887 0.058124
v -0.007439 -0.066912 0.058148
v -0.007439 -0.067344 0.057501
v -0.007439 -0.066912 0.058148
v -0.007500 -0.066914 0.058151
v -0.007439 -0.067344 0.057501
v -0.007500 -0.067348 0.057502
v -0.007439 -0.067344 0.057501
v -0.007500 -0.067348 0.057502
v -0.007439 -0.067496 0.056737
v -0.007500 -0.067500 0.056737
v -0.007220 -0.066854 0.058090
v -0.007309 -0.066887 0.058124
v -0.007220 -0.067269 0.057469
v -0.007220 -0.067269 0.057469
v -0.007309 -0.066887 0.058124
v -0.007439 -0.067344 0.057501
v -0.007220 -0.067269 0.057469
v -0.007439 -0.067344 0.057501
v -0.007250 -0.067433 0.056737
v -0.007250 -0.067433 0.056737
v -0.007439 -0.067344 0.057501
v -0.007439 -0.067496 0.056737
v -0.007250 -0.067433 0.056737
v -0.007220 -0.067414 0.056737
v -0.007220 -0.067269 0.057469
v -0.007220 -0.067269 0.057469
v -0.007220 -0.067414 0.056737
v -0.007067 -0.067250 0.056737
v -0.007220 -0.067269 0.057469
v -0.007067 -0.067250 0.056737
v -0.007060 -0.067105 0.057401
v -0.007060 -0.067105 0.057401
v -0.007067 -0.067250 0.056737
v -0.007060 -0.067237 0.056737
v -0.007060 -0.067237 0.056737
v -0.007220 -0.066854 0.058090
v -0.007220 -0.067269 0.057469
v -0.007146 -0.066811 0.058047
v -0.007146 -0.066811 0.058047
v -0.007220 -0.067269 0.057469
v -0.007060 -0.067105 0.057401
v -0.007146 -0.066811 0.058047
v -0.007060 -0.067105 0.057401
v -0.007060 -0.066728 0.057965
v -0.007060 -0.066728 0.057965
v -0.007060 -0.067105 0.057401
v -0.007000 -0.066886 0.057311
v -0.007000 -0.066561 0.057797
v -0.007309 -0.069887 0.027624
v -0.007439 -0.069912 0.027648
v -0.007439 -0.070344 0.027000
v -0.007439 -0.069912 0.027648
v -0.007500 -0.069914 0.027651
v -0.007439 -0.070344 0.027000
v -0.007500 -0.070348 0.027002
v -0.007439 -0.070344 0.027000
v -0.007500 -0.070348 0.027002
v -0.007439 -0.070496 0.026237
v -0.007500 -0.070500 0.026237
v -0.007439 -0.070496 0.026237
v -0.007250 -0.070433 0.026237
v -0.007439 -0.070344 0.027000
v -0.007439 -0.070344 0.027000
v -0.007250 -0.070433 0.026237
v -0.007220 -0.070269 0.026969
v -0.007439 -0.070344 0.027000
v -0.007220 -0.070269 0.026969
v -0.007309 -0.069887 0.027624
v -0.007060 -0.070237 0.026237
v -0.007060 -0.070105 0.026901
v -0.007067 -0.070250 0.026237
v -0.007067 -0.070250 0.026237
v -0.007060 -0.070105 0.026901
v -0.007220 -0.070269 0.026969
v -0.007067 -0.070250 0.026237
v -0.007220 -0.070269 0.026969
v -0.007220 -0.070414 0.026237
v -0.007220 -0.070414 0.026237
v -0.007220 -0.070269 0.026969
v -0.007250 -0.070433 0.026237
v -0.007038 -0.069696 0.027432
v -0.007060 -0.069728 0.027465
v -0.007060 -0.070105 0.026901
v -0.007060 -0.070105 0.026901
v -0.007060 -0.069728 0.027465
v -0.007146 -0.069811 0.027547
v -0.007060 -0.070105 0.026901
v -0.007146 -0.069811 0.027547
v -0.007220 -0.070269 0.026969
v -0.007220 -0.070269 0.026969
v -0.007146 -0.069811 0.027547
v -0.007220 -0.069854 0.027590
v -0.007220 -0.070269 0.026969
v -0.007220 -0.069854 0.027590
v -0.007309 -0.069887 0.027624
v -0.007000 -0.069561 0.027297
v -0.007038 -0.069696 0.027432
v -0.007000 -0.069886 0.026811
v -0.007000 -0.069886 0.026811
v -0.007038 -0.069696 0.027432
v -0.007060 -0.070105 0.026901
v -0.007000 -0.069886 0.026811
v -0.007060 -0.070105 0.026901
v -0.007000 -0.070000 0.026237
v -0.007060 -0.070237 0.026237
v -0.007000 -0.069561 -0.027167
v -0.007000 -0.069886 -0.026681
v -0.007060 -0.070105 -0.026771
v -0.007500 -0.070348 -0.026872
v -0.007500 -0.069914 -0.027521
v -0.007439 -0.069912 -0.027518
v -0.007439 -0.070496 -0.026107
v -0.007500 -0.070500 -0.026107
v -0.007439 -0.070344 -0.026871
v -0.007500 -0.070348 -0.026872
v -0.007439 -0.070344 -0.026871
v -0.007439 -0.070344 -0.026871
v -0.007439 -0.069912 -0.027518
v -0.007250 -0.069867 -0.027473
v -0.007439 -0.070344 -0.026871
v -0.007250 -0.069867 -0.027473
v -0.007220 -0.070269 -0.026839
v -0.007439 -0.070496 -0.026107
v -0.007439 -0.070344 -0.026871
v -0.007250 -0.070433 -0.026107
v -0.007250 -0.070433 -0.026107
v -0.007439 -0.070344 -0.026871
v -0.007220 -0.070269 -0.026839
v -0.007250 -0.070433 -0.026107
v -0.007220 -0.070269 -0.026839
v -0.007220 -0.070414 -0.026107
v -0.007250 -0.069867 -0.027473
v -0.007220 -0.069854 -0.027460
v -0.007220 -0.070269 -0.026839
v -0.007220 -0.070269 -0.026839
v -0.007220 -0.069854 -0.027460
v -0.007067 -0.069737 -0.027344
v -0.007220 -0.070269 -0.026839
v -0.007067 -0.069737 -0.027344
v -0.007060 -0.070105 -0.026771
v -0.007060 -0.070105 -0.026771
v -0.007067 -0.069737 -0.027344
v -0.007060 -0.069728 -0.027335
v -0.007060 -0.069728 -0.027335
v -0.007220 -0.070414 -0.026107
v -0.007220 -0.070269 -0.026839
v -0.007067 -0.070250 -0.026107
v -0.007067 -0.070250 -0.026107
v -0.007220 -0.070269 -0.026839
v -0.007060 -0.070105 -0.026771
v -0.007067 -0.070250 -0.026107
v -0.007060 -0.070105 -0.026771
v -0.007060 -0.070237 -0.026107
v -0.007060 -0.070237 -0.026107
v -0.007060 -0.070105 -0.026771
v -0.007000 -0.069886 -0.026681
v -0.007000 -0.070000 -0.026107
v -0.007000 -0.066561 -0.057667
v -0.007000 -0.066886 -0.057181
v -0.007060 -0.067105 -0.057271
v -0.007500 -0.067348 -0.057372
v -0.007500 -0.066914 -0.058021
v -0.007439 -0.066912 -0.058018
v -0.007439 -0.067496 -0.056607
v -0.007500 -0.067500 -0.056607
v -0.007439 -0.067344 -0.057370
v -0.007500 -0.067348 -0.057372
v -0.007439 -0.067344 -0.057370
v -0.007439 -0.067344 -0.057370
v -0.007439 -0.066912 -0.058018
v -0.007250 -0.066867 -0.057973
v -0.007439 -0.067344 -0.057370
v -0.007250 -0.066867 -0.057973
v -0.007220 -0.067269 -0.057339
v -0.007439 -0.067496 -0.056607
v -0.007439 -0.067344 -0.057370
v -0.007250 -0.067433 -0.056607
v -0.007250 -0.067433 -0.056607
v -0.007439 -0.067344 -0.057370
v -0.007220 -0.067269 -0.057339
v -0.007250 -0.067433 -0.056607
v -0.007220 -0.067269 -0.057339
v -0.007220 -0.067414 -0.056607
v -0.007250 -0.066867 -0.057973
v -0.007220 -0.066854 -0.057960
v -0.007220 -0.067269 -0.057339
v -0.007220 -0.067269 -0.057339
v -0.007220 -0.066854 -0.057960
v -0.007067 -0.066737 -0.057844
v -0.007220 -0.067269 -0.057339
v -0.007067 -0.066737 -0.057844
v -0.007060 -0.067105 -0.057271
v -0.007060 -0.067105 -0.057271
v -0.007067 -0.066737 -0.057844
v -0.007060 -0.066728 -0.057835
v -0.007060 -0.066728 -0.057835
v -0.007220 -0.067414 -0.056607
v -0.007220 -0.067269 -0.057339
v -0.007067 -0.067250 -0.056607
v -0.007067 -0.067250 -0.056607
v -0.007220 -0.067269 -0.057339
v -0.007060 -0.067105 -0.057271
v -0.007067 -0.067250 -0.056607
v -0.007060 -0.067105 -0.057271
v -0.007060 -0.067237 -0.056607
v -0.007060 -0.067237 -0.056607
v -0.007060 -0.067105 -0.057271
v -0.007000 -0.066886 -0.057181
v -0.007000 -0.067000 -0.056607
v -0.007000 -0.061672 -0.061935
v -0.007000 -0.062246 -0.061821
v -0.007060 -0.062336 -0.062040
v -0.007500 -0.062437 -0.062283
v -0.007500 -0.061672 -0.062435
v -0.007439 -0.061672 -0.062431
v -0.007439 -0.063083 -0.061847
v -0.007500 -0.063086 -0.061849
v -0.007439 -0.062436 -0.062279
v -0.007500 -0.062437 -0.062283
v -0.007439 -0.062436 -0.062279
v -0.007439 -0.062436 -0.062279
v -0.007439 -0.061672 -0.062431
v -0.007250 -0.061672 -0.062368
v -0.007439 -0.062436 -0.062279
v -0.007250 -0.061672 -0.062368
v -0.007220 -0.062404 -0.062204
v -0.007439 -0.063083 -0.061847
v -0.007439 -0.062436 -0.062279
v -0.007250 -0.063038 -0.061802
v -0.007250 -0.063038 -0.061802
v -0.007439 -0.062436 -0.062279
v -0.007220 -0.062404 -0.062204
v -0.007250 -0.063038 -0.061802
v -0.007220 -0.062404 -0.062204
v -0.007220 -0.063025 -0.061789
v -0.007250 -0.061672 -0.062368
v -0.007220 -0.061672 -0.062349
v -0.007220 -0.062404 -0.062204
v -0.007220 -0.062404 -0.062204
v -0.007220 -0.061672 -0.062349
v -0.007067 -0.061672 -0.062185
v -0.007220 -0.062404 -0.062204
v -0.007067 -0.061672 -0.062185
v -0.007060 -0.062336 -0.062040
v -0.007060 -0.062336 -0.062040
v -0.007067 -0.061672 -0.062185
v -0.007060 -0.061672 -0.062172
v -0.007060 -0.061672 -0.062172
v -0.007220 -0.063025 -0.061789
v -0.007220 -0.062404 -0.062204
v -0.007067 -0.062909 -0.061672
v -0.007067 -0.062909 -0.061672
v -0.007220 -0.062404 -0.062204
v -0.007060 -0.062336 -0.062040
v -0.007067 -0.062909 -0.061672
v -0.007060 -0.062336 -0.062040
v -0.007060 -0.062900 -0.061663
v -0.007060 -0.062900 -0.061663
v -0.007060 -0.062336 -0.062040
v -0.007000 -0.062246 -0.061821
v -0.007000 -0.062732 -0.061496
v -0.007500 0.062437 -0.062283
v -0.007500 0.063086 -0.061849
v -0.007439 0.063083 -0.061847
v -0.007439 0.061672 -0.062431
v -0.007500 0.061672 -0.062435
v -0.007439 0.062436 -0.062279
v -0.007500 0.062437 -0.062283
v -0.007439 0.062436 -0.062279
v -0.007439 0.062436 -0.062279
v -0.007439 0.063083 -0.061847
v -0.007309 0.063059 -0.061822
v -0.007439 0.062436 -0.062279
v -0.007309 0.063059 -0.061822
v -0.007220 0.062404 -0.062204
v -0.007439 0.061672 -0.062431
v -0.007439 0.062436 -0.062279
v -0.007250 0.061672 -0.062368
v -0.007250 0.061672 -0.062368
v -0.007439 0.062436 -0.062279
v -0.007220 0.062404 -0.062204
v -0.007250 0.061672 -0.062368
v -0.007220 0.062404 -0.062204
v -0.007220 0.061672 -0.062349
v -0.007309 0.063059 -0.061822
v -0.007220 0.063025 -0.061789
v -0.007220 0.062404 -0.062204
v -0.007220 0.062404 -0.062204
v -0.007220 0.063025 -0.061789
v -0.007146 0.062982 -0.061746
v -0.007220 0.062404 -0.062204
v -0.007146 0.062982 -0.061746
v -0.007060 0.062336 -0.062040
v -0.007000 0.062732 -0.061496
v -0.007000 0.062246 -0.061821
v -0.007038 0.062867 -0.061631
v -0.007038 0.062867 -0.061631
v -0.007000 0.062246 -0.061821
v -0.007060 0.062336 -0.062040
v -0.007038 0.062867 -0.061631
v -0.007060 0.062336 -0.062040
v -0.007060 0.062900 -0.061663
v -0.007060 0.062900 -0.061663
v -0.007060 0.062336 -0.062040
v -0.007146 0.062982 -0.061746
v -0.007220 0.061672 -0.062349
v -0.007220 0.062404 -0.062204
v -0.007067 0.061672 -0.062185
v -0.007067 0.061672 -0.062185
v -0.007220 0.062404 -0.062204
v -0.007060 0.062336 -0.062040
v -0.007067 0.061672 -0.062185
v -0.007060 0.062336 -0.062040
v -0.007060 0.061672 -0.062172
v -0.007060 0.061672 -0.062172
v -0.007060 0.062336 -0.062040
v -0.007000 0.062246 -0.061821
v -0.007000 0.061672 -0.061935
v -0.007309 0.066887 -0.057994
v -0.007439 0.066912 -0.058018
v -0.007439 0.067344 -0.057370
v -0.007439 0.066912 -0.058018
v -0.007500 0.066914 -0.058021
v -0.007439 0.067344 -0.057370
v -0.007500 0.067348 -0.057372
v -0.007439 0.067344 -0.057370
v -0.007500 0.067348 -0.057372
v -0.007439 0.067496 -0.056607
v -0.007500 0.067500 -0.056607
v -0.007439 0.067496 -0.056607
v -0.007250 0.067433 -0.056607
v -0.007439 0.067344 -0.057370
v -0.007439 0.067344 -0.057370
v -0.007250 0.067433 -0.056607
v -0.007220 0.067269 -0.057339
v -0.007439 0.067344 -0.057370
v -0.007220 0.067269 -0.057339
v -0.007309 0.066887 -0.057994
v -0.007060 0.067237 -0.056607
v -0.007060 0.067105 -0.057271
v -0.007067 0.067250 -0.056607
v -0.007067 0.067250 -0.056607
v -0.007060 0.067105 -0.057271
v -0.007220 0.067269 -0.057339
v -0.007067 0.067250 -0.056607
v -0.007220 0.067269 -0.057339
v -0.007220 0.067414 -0.056607
v -0.007220 0.067414 -0.056607
v -0.007220 0.067269 -0.057339
v -0.007250 0.067433 -0.056607
v -0.007038 0.066696 -0.057802
v -0.007060 0.066728 -0.057835
v -0.007060 0.067105 -0.057271
v -0.007060 0.067105 -0.057271
v -0.007060 0.066728 -0.057835
v -0.007146 0.066811 -0.057917
v -0.007060 0.067105 -0.057271
v -0.007146 0.066811 -0.057917
v -0.007220 0.067269 -0.057339
v -0.007220 0.067269 -0.057339
v -0.007146 0.066811 -0.057917
v -0.007220 0.066854 -0.057960
v -0.007220 0.067269 -0.057339
v -0.007220 0.066854 -0.057960
v -0.007309 0.066887 -0.057994
v -0.007000 0.066561 -0.057667
v -0.007038 0.066696 -0.057802
v -0.007000 0.066886 -0.057181
v -0.007000 0.066886 -0.057181
v -0.007038 0.066696 -0.057802
v -0.007060 0.067105 -0.057271
v -0.007000 0.066886 -0.057181
v -0.007060 0.067105 -0.057271
v -0.007000 0.067000 -0.056607
v -0.007060 0.067237 -0.056607
v -0.007000 0.070000 -0.026107
v -0.007000 0.069886 -0.026681
v -0.007060 0.070105 -0.026771
v -0.007309 0.069887 -0.027494
v -0.007439 0.069912 -0.027518
v -0.007439 0.070344 -0.026871
v -0.007439 0.069912 -0.027518
v -0.007500 0.069914 -0.027521
v -0.007439 0.070344 -0.026871
v -0.007500 0.070348 -0.026872
v -0.007439 0.070344 -0.026871
v -0.007500 0.070348 -0.026872
v -0.007439 0.070496 -0.026107
v -0.007500 0.070500 -0.026107
v -0.007220 0.069854 -0.027460
v -0.007309 0.069887 -0.027494
v -0.007220 0.070269 -0.026839
v -0.007220 0.070269 -0.026839
v -0.007309 0.069887 -0.027494
v -0.007439 0.070344 -0.026871
v -0.007220 0.070269 -0.026839
v -0.007439 0.070344 -0.026871
v -0.007250 0.070433 -0.026107
v -0.007250 0.070433 -0.026107
v -0.007439 0.070344 -0.026871
v -0.007439 0.070496 -0.026107
v -0.007250 0.070433 -0.026107
v -0.007220 0.070414 -0.026107
v -0.007220 0.070269 -0.026839
v -0.007220 0.070269 -0.026839
v -0.007220 0.070414 -0.026107
v -0.007067 0.070250 -0.026107
v -0.007220 0.070269 -0.026839
v -0.007067 0.070250 -0.026107
v -0.007060 0.070105 -0.026771
v -0.007060 0.070105 -0.026771
v -0.007067 0.070250 -0.026107
v -0.007060 0.070237 -0.026107
v -0.007060 0.070237 -0.026107
v -0.007220 0.069854 -0.027460
v -0.007220 0.070269 -0.026839
v -0.007146 0.069811 -0.027417
v -0.007146 0.069811 -0.027417
v -0.007220 0.070269 -0.026839
v -0.007060 0.070105 -0.026771
v -0.007146 0.069811 -0.027417
v -0.007060 0.070105 -0.026771
v -0.007060 0.069728 -0.027335
v -0.007060 0.069728 -0.027335
v -0.007060 0.070105 -0.026771
v -0.007000 0.069886 -0.026681
v -0.007000 0.069561 -0.027167
v -0.007000 0.069561 0.027297
v -0.007000 0.069886 0.026811
v -0.007060 0.070105 0.026901
v -0.007500 0.070348 0.027002
v -0.007500 0.069914 0.027651
v -0.007439 0.069912 0.027648
v -0.007439 0.070496 0.026237
v -0.007500 0.070500 0.026237
v -0.007439 0.070344 0.027000
v -0.007500 0.070348 0.027002
v -0.007439 0.070344 0.027000
v -0.007439 0.070344 0.027000
v -0.007439 0.069912 0.027648
v -0.007250 0.069867 0.027603
v -0.007439 0.070344 0.027000
v -0.007250 0.069867 0.027603
v -0.007220 0.070269 0.026969
v -0.007439 0.070496 0.026237
v -0.007439 0.070344 0.027000
v -0.007250 0.070433 0.026237
v -0.007250 0.070433 0.026237
v -0.007439 0.070344 0.027000
v -0.007220 0.070269 0.026969
v -0.007250 0.070433 0.026237
v -0.007220 0.070269 0.026969
v -0.007220 0.070414 0.026237
v -0.007250 0.069867 0.027603
v -0.007220 0.069854 0.027590
v -0.007220 0.070269 0.026969
v -0.007220 0.070269 0.026969
v -0.007220 0.069854 0.027590
v -0.007067 0.069737 0.027474
v -0.007220 0.070269 0.026969
v -0.007067 0.069737 0.027474
v -0.007060 0.070105 0.026901
v -0.007060 0.070105 0.026901
v -0.007067 0.069737 0.027474
v -0.007060 0.069728 0.027465
v -0.007060 0.069728 0.027465
v -0.007220 0.070414 0.026237
v -0.007220 0.070269 0.026969
v -0.007067 0.070250 0.026237
v -0.007067 0.070250 0.026237
v -0.007220 0.070269 0.026969
v -0.007060 0.070105 0.026901
v -0.007067 0.070250 0.026237
v -0.007060 0.070105 0.026901
v -0.007060 0.070237 0.026237
v -0.007060 0.070237 0.026237
v -0.007060 0.070105 0.026901
v -0.007000 0.069886 0.026811
v -0.007000 0.070000 0.026237
v -0.007500 0.067500 0.056737
v -0.007500 0.067348 0.057502
v -0.007263 0.067292 0.057479
v -0.007000 0.066886 0.057311
v -0.007000 0.067000 0.056737
v -0.007004 0.067061 0.056737
v -0.007004 0.066604 0.057840
v -0.007000 0.066561 0.057797
v -0.007004 0.066942 0.057334
v -0.007000 0.066886 0.057311
v -0.007004 0.066942 0.057334
v -0.007004 0.066942 0.057334
v -0.007004 0.067061 0.056737
v -0.007067 0.067250 0.056737
v -0.007004 0.066942 0.057334
v -0.007067 0.067250 0.056737
v -0.007086 0.067144 0.057418
v -0.007004 0.066604 0.057840
v -0.007004 0.066942 0.057334
v -0.007067 0.066737 0.057974
v -0.007067 0.066737 0.057974
v -0.007004 0.066942 0.057334
v -0.007086 0.067144 0.057418
v -0.007067 0.066737 0.057974
v -0.007086 0.067144 0.057418
v -0.007086 0.066759 0.057995
v -0.007067 0.067250 0.056737
v -0.007086 0.067280 0.056737
v -0.007086 0.067144 0.057418
v -0.007086 0.067144 0.057418
v -0.007086 0.067280 0.056737
v -0.007250 0.067433 0.056737
v -0.007086 0.067144 0.057418
v -0.007250 0.067433 0.056737
v -0.007263 0.067292 0.057479
v -0.007263 0.067292 0.057479
v -0.007250 0.067433 0.056737
v -0.007263 0.067440 0.056737
v -0.007263 0.067440 0.056737
v -0.007086 0.066759 0.057995
v -0.007086 0.067144 0.057418
v -0.007250 0.066867 0.058103
v -0.007250 0.066867 0.058103
v -0.007086 0.067144 0.057418
v -0.007263 0.067292 0.057479
v -0.007250 0.066867 0.058103
v -0.007263 0.067292 0.057479
v -0.007263 0.066872 0.058109
v -0.007263 0.066872 0.058109
v -0.007263 0.067292 0.057479
v -0.007500 0.067348 0.057502
v -0.007500 0.066914 0.058151
v -0.007000 0.061672 0.062065
v -0.007000 0.062246 0.061951
v -0.007060 0.062336 0.062170
v -0.007500 0.062437 0.062413
v -0.007500 0.061672 0.062565
v -0.007439 0.061672 0.062561
v -0.007439 0.063083 0.061977
v -0.007500 0.063086 0.061979
v -0.007439 0.062436 0.062409
v -0.007500 0.062437 0.062413
v -0.007439 0.062436 0.062409
v -0.007439 0.062436 0.062409
v -0.007439 0.061672 0.062561
v -0.007250 0.061672 0.062498
v -0.007439 0.062436 0.062409
v -0.007250 0.061672 0.062498
v -0.007220 0.062404 0.062334
v -0.007439 0.063083 0.061977
v -0.007439 0.062436 0.062409
v -0.007250 0.063038 0.061932
v -0.007250 0.063038 0.061932
v -0.007439 0.062436 0.062409
v -0.007220 0.062404 0.062334
v -0.007250 0.063038 0.061932
v -0.007220 0.062404 0.062334
v -0.007220 0.063025 0.061919
v -0.007250 0.061672 0.062498
v -0.007220 0.061672 0.062479
v -0.007220 0.062404 0.062334
v -0.007220 0.062404 0.062334
v -0.007220 0.061672 0.062479
v -0.007067 0.061672 0.062315
v -0.007220 0.062404 0.062334
v -0.007067 0.061672 0.062315
v -0.007060 0.062336 0.062170
v -0.007060 0.062336 0.062170
v -0.007067 0.061672 0.062315
v -0.007060 0.061672 0.062302
v -0.007060 0.061672 0.062302
v -0.007220 0.063025 0.061919
v -0.007220 0.062404 0.062334
v -0.007067 0.062909 0.061802
v -0.007067 0.062909 0.061802
v -0.007220 0.062404 0.062334
v -0.007060 0.062336 0.062170
v -0.007067 0.062909 0.061802
v -0.007060 0.062336 0.062170
v -0.007060 0.062900 0.061793
v -0.007060 0.062900 0.061793
v -0.007060 0.062336 0.062170
v -0.007000 0.062246 0.061951
v -0.007000 0.062732 0.061626
v -0.014099 0.054734 0.067407
v -0.014091 0.054500 0.067465
v -0.007741 0.054500 0.065764
v -0.007741 0.054500 0.065764
v -0.007749 0.054673 0.065734
v -0.014099 0.054734 0.067407
v -0.014099 0.054734 0.067407
v -0.007749 0.054673 0.065734
v -0.007757 0.054737 0.065706
v -0.014099 0.054734 0.067407
v -0.007757 0.054737 0.065706
v -0.014110 0.054854 0.067318
v -0.014110 0.054854 0.067318
v -0.007757 0.054737 0.065706
v -0.007779 0.054854 0.065622
v -0.014110 0.054854 0.067318
v -0.007779 0.054854 0.065622
v -0.007798 0.054914 0.065551
v -0.007871 0.055000 0.065281
v -0.014157 0.055000 0.066965
v -0.007855 0.054996 0.065340
v -0.014148 0.054996 0.067028
v -0.007855 0.054996 0.065340
v -0.014148 0.054996 0.067028
v -0.007826 0.054969 0.065448
v -0.014134 0.054969 0.067138
v -0.007826 0.054969 0.065448
v -0.014134 0.054969 0.067138
v -0.007798 0.054914 0.065551
v -0.007798 0.054914 0.065551
v -0.014134 0.054969 0.067138
v -0.014119 0.054907 0.067255
v -0.007798 0.054914 0.065551
v -0.014119 0.054907 0.067255
v -0.014110 0.054854 0.067318
v -0.007749 0.054673 0.065734
v -0.007741 0.054500 0.065764
v -0.007357 0.054500 0.065564
v -0.007067 0.054750 0.064798
v -0.007220 0.054914 0.064798
v -0.007293 0.054914 0.065127
v -0.007779 0.054854 0.065622
v -0.007757 0.054737 0.065706
v -0.007396 0.054737 0.065518
v -0.007250 0.054933 0.064798
v -0.007439 0.054996 0.064798
v -0.007492 0.054996 0.065035
v -0.007826 0.054969 0.065448
v -0.007798 0.054914 0.065551
v -0.007499 0.054914 0.065395
v -0.007439 0.054996 0.064798
v -0.007500 0.055000 0.064798
v -0.007492 0.054996 0.065035
v -0.007547 0.055000 0.065009
v -0.007492 0.054996 0.065035
v -0.007547 0.055000 0.065009
v -0.007639 0.054996 0.065228
v -0.007679 0.055000 0.065181
v -0.007639 0.054996 0.065228
v -0.007679 0.055000 0.065181
v -0.007855 0.054996 0.065340
v -0.007871 0.055000 0.065281
v -0.007220 0.054914 0.064798
v -0.007250 0.054933 0.064798
v -0.007293 0.054914 0.065127
v -0.007293 0.054914 0.065127
v -0.007250 0.054933 0.064798
v -0.007492 0.054996 0.065035
v -0.007293 0.054914 0.065127
v -0.007492 0.054996 0.065035
v -0.007499 0.054914 0.065395
v -0.007639 0.054996 0.065228
v -0.007499 0.054914 0.065395
v -0.007639 0.054996 0.065228
v -0.007826 0.054969 0.065448
v -0.007826 0.054969 0.065448
v -0.007639 0.054996 0.065228
v -0.007855 0.054996 0.065340
v -0.007060 0.054737 0.064798
v -0.007067 0.054750 0.064798
v -0.007148 0.054737 0.065195
v -0.007148 0.054737 0.065195
v -0.007067 0.054750 0.064798
v -0.007293 0.054914 0.065127
v -0.007148 0.054737 0.065195
v -0.007293 0.054914 0.065127
v -0.007396 0.054737 0.065518
v -0.007499 0.054914 0.065395
v -0.007396 0.054737 0.065518
v -0.007499 0.054914 0.065395
v -0.007779 0.054854 0.065622
v -0.007779 0.054854 0.065622
v -0.007499 0.054914 0.065395
v -0.007798 0.054914 0.065551
v -0.007000 0.054500 0.064798
v -0.007060 0.054737 0.064798
v -0.007094 0.054500 0.065220
v -0.007148 0.054737 0.065195
v -0.007094 0.054500 0.065220
v -0.007148 0.054737 0.065195
v -0.007357 0.054500 0.065564
v -0.007396 0.054737 0.065518
v -0.007357 0.054500 0.065564
v -0.007396 0.054737 0.065518
v -0.007749 0.054673 0.065734
v -0.007749 0.054673 0.065734
v -0.007396 0.054737 0.065518
v -0.007757 0.054737 0.065706
v -0.007000 0.054500 0.064798
v -0.007000 0.054500 0.063565
v -0.007060 0.054737 0.064798
v -0.007060 0.054737 0.063565
v -0.007060 0.054737 0.064798
v -0.007060 0.054737 0.063565
v -0.007067 0.054750 0.064798
v -0.007067 0.054750 0.063565
v -0.007067 0.054750 0.064798
v -0.007067 0.054750 0.063565
v -0.007220 0.054914 0.064798
v -0.007220 0.054914 0.063565
v -0.007220 0.054914 0.064798
v -0.007220 0.054914 0.063565
v -0.007250 0.054933 0.064798
v -0.007250 0.054933 0.063565
v -0.007250 0.054933 0.064798
v -0.007250 0.054933 0.063565
v -0.007439 0.054996 0.064798
v -0.007439 0.054996 0.063565
v -0.007439 0.054996 0.064798
v -0.007439 0.054996 0.063565
v -0.007500 0.055000 0.064798
v -0.007500 0.055000 0.063565
v -0.015285 0.046751 0.061065
v -0.015471 0.047500 0.061065
v -0.013778 0.047500 0.067381
v -0.011795 0.045900 0.066850
v -0.014089 0.045880 0.061065
v -0.012574 0.045900 0.067059
v -0.012574 0.045900 0.067059
v -0.014089 0.045880 0.061065
v -0.014841 0.046220 0.061065
v -0.012574 0.045900 0.067059
v -0.014841 0.046220 0.061065
v -0.013260 0.046282 0.067242
v -0.013260 0.046282 0.067242
v -0.014841 0.046220 0.061065
v -0.015285 0.046751 0.061065
v -0.013260 0.046282 0.067242
v -0.015285 0.046751 0.061065
v -0.013689 0.046955 0.067357
v -0.013689 0.046955 0.067357
v -0.015285 0.046751 0.061065
v -0.013778 0.047500 0.067381
v -0.012554 0.046333 0.061065
v -0.013241 0.045929 0.061065
v -0.011795 0.045900 0.066850
v -0.011795 0.045900 0.066850
v -0.013241 0.045929 0.061065
v -0.013345 0.045900 0.061065
v -0.011795 0.045900 0.066850
v -0.013345 0.045900 0.061065
v -0.014089 0.045880 0.061065
v -0.011795 0.045900 0.066850
v -0.011109 0.046282 0.066666
v -0.012554 0.046333 0.061065
v -0.012554 0.046333 0.061065
v -0.011109 0.046282 0.066666
v -0.010680 0.046955 0.066551
v -0.012174 0.046893 0.061065
v -0.012174 0.046893 0.061065
v -0.010680 0.046955 0.066551
v -0.010591 0.047500 0.066527
v -0.012174 0.046893 0.061065
v -0.010591 0.047500 0.066527
v -0.012054 0.047500 0.061065
v -0.007741 0.040500 0.065764
v -0.014091 0.040500 0.067465
v -0.007742 0.040439 0.065760
v -0.007742 0.040439 0.065760
v -0.014091 0.040500 0.067465
v -0.014092 0.040434 0.067461
v -0.007742 0.040439 0.065760
v -0.014092 0.040434 0.067461
v -0.007747 0.040353 0.065742
v -0.007747 0.040353 0.065742
v -0.014092 0.040434 0.067461
v -0.014095 0.040327 0.067434
v -0.007747 0.040353 0.065742
v -0.014095 0.040327 0.067434
v -0.007763 0.040220 0.065681
v -0.007763 0.040220 0.065681
v -0.014095 0.040327 0.067434
v -0.014102 0.040218 0.067378
v -0.007763 0.040220 0.065681
v -0.014102 0.040218 0.067378
v -0.007779 0.040146 0.065622
v -0.007779 0.040146 0.065622
v -0.014102 0.040218 0.067378
v -0.014110 0.040146 0.067318
v -0.007779 0.040146 0.065622
v -0.014110 0.040146 0.067318
v -0.007809 0.040060 0.065510
v -0.007809 0.040060 0.065510
v -0.014110 0.040146 0.067318
v -0.014128 0.040050 0.067184
v -0.007809 0.040060 0.065510
v -0.014128 0.040050 0.067184
v -0.007871 0.040000 0.065281
v -0.007871 0.040000 0.065281
v -0.014128 0.040050 0.067184
v -0.014157 0.040000 0.066965
v -0.007741 0.054500 0.065764
v -0.007741 0.040500 0.065764
v -0.007357 0.040500 0.065564
v -0.007357 0.054500 0.065564
v -0.007357 0.054500 0.065564
v -0.007357 0.040500 0.065564
v -0.007207 0.040500 0.065406
v -0.007357 0.054500 0.065564
v -0.007207 0.040500 0.065406
v -0.007094 0.054500 0.065220
v -0.007207 0.040500 0.065406
v -0.007094 0.040500 0.065220
v -0.007094 0.054500 0.065220
v -0.007094 0.054500 0.065220
v -0.007094 0.040500 0.065220
v -0.007000 0.040500 0.064798
v -0.007000 0.054500 0.064798
v -0.007004 0.040439 0.064798
v -0.007000 0.040500 0.064798
v -0.007094 0.040500 0.065220
v -0.007207 0.040500 0.065406
v -0.007357 0.040500 0.065564
v -0.007360 0.040353 0.065537
v -0.007022 0.040353 0.064798
v -0.007053 0.040353 0.065042
v -0.007067 0.040250 0.064798
v -0.007100 0.040244 0.065030
v -0.007263 0.040060 0.064798
v -0.007251 0.040067 0.064798
v -0.007174 0.040146 0.065011
v -0.007174 0.040146 0.065011
v -0.007251 0.040067 0.064798
v -0.007146 0.040146 0.064798
v -0.007174 0.040146 0.065011
v -0.007146 0.040146 0.064798
v -0.007100 0.040244 0.065030
v -0.007100 0.040244 0.065030
v -0.007146 0.040146 0.064798
v -0.007086 0.040220 0.064798
v -0.007100 0.040244 0.065030
v -0.007086 0.040220 0.064798
v -0.007067 0.040250 0.064798
v -0.007487 0.040022 0.065191
v -0.007546 0.040000 0.065007
v -0.007374 0.040022 0.064959
v -0.007374 0.040022 0.064959
v -0.007546 0.040000 0.065007
v -0.007500 0.040000 0.064798
v -0.007580 0.040146 0.065541
v -0.007809 0.040060 0.065510
v -0.007682 0.040022 0.065361
v -0.007682 0.040022 0.065361
v -0.007809 0.040060 0.065510
v -0.007871 0.040000 0.065281
v -0.007682 0.040022 0.065361
v -0.007871 0.040000 0.065281
v -0.007681 0.040000 0.065183
v -0.007742 0.040439 0.065760
v -0.007747 0.040353 0.065742
v -0.007519 0.040353 0.065649
v -0.007519 0.040353 0.065649
v -0.007747 0.040353 0.065742
v -0.007763 0.040220 0.065681
v -0.007519 0.040353 0.065649
v -0.007763 0.040220 0.065681
v -0.007580 0.040146 0.065541
v -0.007580 0.040146 0.065541
v -0.007763 0.040220 0.065681
v -0.007779 0.040146 0.065622
v -0.007580 0.040146 0.065541
v -0.007779 0.040146 0.065622
v -0.007809 0.040060 0.065510
v -0.007741 0.040500 0.065764
v -0.007742 0.040439 0.065760
v -0.007357 0.040500 0.065564
v -0.007357 0.040500 0.065564
v -0.007742 0.040439 0.065760
v -0.007519 0.040353 0.065649
v -0.007357 0.040500 0.065564
v -0.007519 0.040353 0.065649
v -0.007360 0.040353 0.065537
v -0.007360 0.040353 0.065537
v -0.007519 0.040353 0.065649
v -0.007580 0.040146 0.065541
v -0.007441 0.040146 0.065443
v -0.007441 0.040146 0.065443
v -0.007580 0.040146 0.065541
v -0.007682 0.040022 0.065361
v -0.007441 0.040146 0.065443
v -0.007682 0.040022 0.065361
v -0.007487 0.040022 0.065191
v -0.007487 0.040022 0.065191
v -0.007682 0.040022 0.065361
v -0.007681 0.040000 0.065183
v -0.007487 0.040022 0.065191
v -0.007681 0.040000 0.065183
v -0.007546 0.040000 0.065007
v -0.007053 0.040353 0.065042
v -0.007224 0.040353 0.065393
v -0.007100 0.040244 0.065030
v -0.007263 0.040244 0.065363
v -0.007100 0.040244 0.065030
v -0.007263 0.040244 0.065363
v -0.007174 0.040146 0.065011
v -0.007323 0.040146 0.065317
v -0.007500 0.040000 0.064798
v -0.007263 0.040060 0.064798
v -0.007374 0.040022 0.064959
v -0.007374 0.040022 0.064959
v -0.007263 0.040060 0.064798
v -0.007174 0.040146 0.065011
v -0.007374 0.040022 0.064959
v -0.007174 0.040146 0.065011
v -0.007487 0.040022 0.065191
v -0.007323 0.040146 0.065317
v -0.007487 0.040022 0.065191
v -0.007323 0.040146 0.065317
v -0.007441 0.040146 0.065443
v -0.007441 0.040146 0.065443
v -0.007323 0.040146 0.065317
v -0.007263 0.040244 0.065363
v -0.007441 0.040146 0.065443
v -0.007263 0.040244 0.065363
v -0.007360 0.040353 0.065537
v -0.007360 0.040353 0.065537
v -0.007263 0.040244 0.065363
v -0.007224 0.040353 0.065393
v -0.007360 0.040353 0.065537
v -0.007224 0.040353 0.065393
v -0.007207 0.040500 0.065406
v -0.007207 0.040500 0.065406
v -0.007224 0.040353 0.065393
v -0.007053 0.040353 0.065042
v -0.007207 0.040500 0.065406
v -0.007053 0.040353 0.065042
v -0.007094 0.040500 0.065220
v -0.007094 0.040500 0.065220
v -0.007053 0.040353 0.065042
v -0.007022 0.040353 0.064798
v -0.007094 0.040500 0.065220
v -0.007022 0.040353 0.064798
v -0.007004 0.040439 0.064798
v -0.007000 0.040500 0.063565
v -0.007000 0.040500 0.064798
v -0.007004 0.040439 0.064798
v -0.007000 0.040500 0.063565
v -0.007004 0.040439 0.064798
v -0.007060 0.040263 0.063565
v -0.007004 0.040439 0.064798
v -0.007022 0.040353 0.064798
v -0.007060 0.040263 0.063565
v -0.007060 0.040263 0.063565
v -0.007022 0.040353 0.064798
v -0.007067 0.040250 0.064798
v -0.007060 0.040263 0.063565
v -0.007067 0.040250 0.064798
v -0.007067 0.040250 0.063565
v -0.007067 0.040250 0.063565
v -0.007067 0.040250 0.064798
v -0.007086 0.040220 0.064798
v -0.007067 0.040250 0.063565
v -0.007086 0.040220 0.064798
v -0.007220 0.040086 0.063565
v -0.007220 0.040086 0.063565
v -0.007086 0.040220 0.064798
v -0.007146 0.040146 0.064798
v -0.007220 0.040086 0.063565
v -0.007146 0.040146 0.064798
v -0.007250 0.040067 0.063565
v -0.007146 0.040146 0.064798
v -0.007251 0.040067 0.064798
v -0.007250 0.040067 0.063565
v -0.007250 0.040067 0.063565
v -0.007251 0.040067 0.064798
v -0.007263 0.040060 0.064798
v -0.007250 0.040067 0.063565
v -0.007263 0.040060 0.064798
v -0.007439 0.040004 0.063565
v -0.007439 0.040004 0.063565
v -0.007263 0.040060 0.064798
v -0.007500 0.040000 0.064798
v -0.007439 0.040004 0.063565
v -0.007500 0.040000 0.064798
v -0.007500 0.040000 0.063565
v -0.017500 0.029500 -0.021185
v -0.016000 0.029500 -0.021185
v -0.016000 0.029315 -0.022223
v -0.017500 0.029315 -0.022223
v -0.017500 0.029315 -0.022223
v -0.016000 0.029315 -0.022223
v -0.016000 0.028621 -0.023306
v -0.017500 0.028621 -0.023306
v -0.017500 0.028621 -0.023306
v -0.016000 0.028621 -0.023306
v -0.016000 0.027538 -0.024000
v -0.017500 0.027538 -0.024000
v -0.017500 0.027538 -0.024000
v -0.016000 0.027538 -0.024000
v -0.016000 0.026500 -0.024185
v -0.017500 0.026500 -0.024185
v -0.017500 -0.026500 -0.024185
v -0.017500 0.026500 -0.024185
v -0.016000 -0.026500 -0.024185
v -0.016000 0.026500 -0.024185
v -0.017500 -0.026500 -0.024185
v -0.016000 -0.026500 -0.024185
v -0.016000 -0.027538 -0.024000
v -0.017500 -0.027538 -0.024000
v -0.017500 -0.027538 -0.024000
v -0.016000 -0.027538 -0.024000
v -0.016000 -0.028621 -0.023306
v -0.017500 -0.028621 -0.023306
v -0.017500 -0.028621 -0.023306
v -0.016000 -0.028621 -0.023306
v -0.016000 -0.029315 -0.022223
v -0.017500 -0.029315 -0.022223
v -0.017500 -0.029315 -0.022223
v -0.016000 -0.029315 -0.022223
v -0.016000 -0.029500 -0.021185
v -0.017500 -0.029500 -0.021185
v -0.017500 -0.029500 0.016815
v -0.017500 -0.029500 -0.021185
v -0.016000 -0.029500 0.016815
v -0.016000 -0.029500 -0.021185
v -0.017500 -0.029500 0.016815
v -0.016000 -0.029500 0.016815
v -0.016000 -0.029315 0.017853
v -0.017500 -0.029315 0.017853
v -0.017500 -0.029315 0.017853
v -0.016000 -0.029315 0.017853
v -0.016000 -0.028621 0.018936
v -0.017500 -0.028621 0.018936
v -0.017500 -0.028621 0.018936
v -0.016000 -0.028621 0.018936
v -0.016000 -0.027538 0.019630
v -0.017500 -0.027538 0.019630
v -0.017500 -0.027538 0.019630
v -0.016000 -0.027538 0.019630
v -0.016000 -0.026500 0.019815
v -0.017500 -0.026500 0.019815
v -0.016000 -0.026500 0.019815
v -0.016000 0.026500 0.019815
v -0.017500 -0.026500 0.019815
v -0.017500 0.026500 0.019815
v -0.017500 0.026500 0.019815
v -0.016000 0.026500 0.019815
v -0.016000 0.027538 0.019630
v -0.017500 0.027538 0.019630
v -0.017500 0.027538 0.019630
v -0.016000 0.027538 0.019630
v -0.016000 0.028621 0.018936
v -0.017500 0.028621 0.018936
v -0.017500 0.028621 0.018936
v -0.016000 0.028621 0.018936
v -0.016000 0.029315 0.017853
v -0.017500 0.029315 0.017853
v -0.017500 0.029315 0.017853
v -0.016000 0.029315 0.017853
v -0.016000 0.029500 0.016815
v -0.017500 0.029500 0.016815
v -0.016000 0.029500 0.016815
v -0.016000 0.029500 -0.021185
v -0.017500 0.029500 0.016815
v -0.017500 0.029500 -0.021185
v -0.017500 -0.034250 -0.039995
v -0.016000 -0.034250 -0.039995
v -0.017500 0.034250 -0.039995
v -0.016000 0.034250 -0.039995
v -0.017500 0.042500 0.016715
v -0.016000 0.042500 0.016663
v -0.017500 0.042500 0.018565
v -0.016000 0.042500 0.018565
v -0.017500 0.042500 0.018565
v -0.016000 0.042500 0.018565
v -0.017500 0.043192 0.018689
v -0.016000 0.043192 0.018689
v -0.017500 0.043192 0.018689
v -0.016000 0.043192 0.018689
v -0.017500 0.043914 0.019151
v -0.016000 0.043914 0.019151
v -0.017500 0.043914 0.019151
v -0.016000 0.043914 0.019151
v -0.017500 0.044376 0.019873
v -0.016000 0.044376 0.019873
v -0.017500 0.044376 0.019873
v -0.016000 0.044376 0.019873
v -0.017500 0.044500 0.020565
v -0.016000 0.044500 0.020565
v -0.016000 0.044500 0.020565
v -0.016000 0.044500 0.039875
v -0.017500 0.044500 0.020565
v -0.017500 0.044500 0.039875
v -0.017500 0.044500 0.039875
v -0.016000 0.044500 0.039875
v -0.017500 0.044376 0.040567
v -0.016000 0.044376 0.040567
v -0.017500 0.044376 0.040567
v -0.016000 0.044376 0.040567
v -0.017500 0.043914 0.041289
v -0.016000 0.043914 0.041289
v -0.017500 0.043914 0.041289
v -0.016000 0.043914 0.041289
v -0.017500 0.043192 0.041751
v -0.016000 0.043192 0.041751
v -0.017500 0.043192 0.041751
v -0.016000 0.043192 0.041751
v -0.017500 0.042500 0.041875
v -0.016000 0.042500 0.041875
v -0.015878 0.039549 0.041875
v -0.015454 0.038863 0.041875
v -0.017500 0.037933 0.041875
v -0.014894 0.038447 0.041875
v -0.013865 0.037933 0.041875
v -0.017500 0.042500 0.041875
v -0.016000 0.042500 0.041875
v -0.016000 0.040236 0.041875
v -0.017500 -0.034250 0.040125
v -0.017500 0.034250 0.040125
v -0.016000 -0.034250 0.040125
v -0.016000 0.034250 0.040125
v -0.015454 -0.038863 0.041875
v -0.017500 -0.037933 0.041875
v -0.014894 -0.038447 0.041875
v -0.013865 -0.037933 0.041875
v -0.016000 -0.042500 0.041875
v -0.017500 -0.042500 0.041875
v -0.016000 -0.040236 0.041875
v -0.015878 -0.039549 0.041875
v -0.016000 -0.044500 0.039875
v -0.017500 -0.044500 0.039875
v -0.016000 -0.044376 0.040567
v -0.017500 -0.044376 0.040567
v -0.016000 -0.044376 0.040567
v -0.017500 -0.044376 0.040567
v -0.016000 -0.043914 0.041289
v -0.017500 -0.043914 0.041289
v -0.016000 -0.043914 0.041289
v -0.017500 -0.043914 0.041289
v -0.016000 -0.043192 0.041751
v -0.017500 -0.043192 0.041751
v -0.016000 -0.043192 0.041751
v -0.017500 -0.043192 0.041751
v -0.016000 -0.042500 0.041875
v -0.017500 -0.042500 0.041875
v -0.017500 -0.044500 0.020565
v -0.017500 -0.044500 0.039875
v -0.016000 -0.044500 0.020565
v -0.016000 -0.044500 0.039875
v -0.016000 -0.042500 0.018565
v -0.017500 -0.042500 0.018565
v -0.016000 -0.043192 0.018689
v -0.017500 -0.043192 0.018689
v -0.016000 -0.043192 0.018689
v -0.017500 -0.043192 0.018689
v -0.016000 -0.043914 0.019151
v -0.017500 -0.043914 0.019151
v -0.016000 -0.043914 0.019151
v -0.017500 -0.043914 0.019151
v -0.016000 -0.044376 0.019873
v -0.017500 -0.044376 0.019873
v -0.016000 -0.044376 0.019873
v -0.017500 -0.044376 0.019873
v -0.016000 -0.044500 0.020565
v -0.017500 -0.044500 0.020565
v -0.016000 -0.042500 0.016663
v -0.017500 -0.042500 0.016715
v -0.016000 -0.042500 0.018565
v -0.017500 -0.042500 0.018565
v -0.016500 -0.044500 0.059065
v -0.016000 -0.044500 0.059065
v -0.016500 -0.044500 0.045875
v -0.016000 -0.044500 0.045875
v -0.016500 -0.044353 0.045121
v -0.016500 -0.044500 0.045875
v -0.016000 -0.044500 0.045875
v -0.016000 -0.043192 0.043999
v -0.016000 -0.042500 0.043875
v -0.016500 -0.042500 0.043875
v -0.016000 -0.044500 0.045875
v -0.016000 -0.044376 0.045183
v -0.016500 -0.044353 0.045121
v -0.016500 -0.044353 0.045121
v -0.016000 -0.044376 0.045183
v -0.016000 -0.043914 0.044461
v -0.016500 -0.044353 0.045121
v -0.016000 -0.043914 0.044461
v -0.016500 -0.043920 0.044467
v -0.016500 -0.043920 0.044467
v -0.016000 -0.043914 0.044461
v -0.016000 -0.043192 0.043999
v -0.016500 -0.043920 0.044467
v -0.016000 -0.043192 0.043999
v -0.016500 -0.043269 0.044029
v -0.016500 -0.043269 0.044029
v -0.016000 -0.043192 0.043999
v -0.016500 -0.042500 0.043875
v -0.015878 -0.039549 0.043875
v -0.015454 -0.038863 0.043875
v -0.016500 -0.037933 0.043875
v -0.014894 -0.038447 0.043875
v -0.013865 -0.037933 0.043875
v -0.016000 -0.040236 0.043875
v -0.016500 -0.042500 0.043875
v -0.016000 -0.042500 0.043875
v -0.015454 -0.056137 0.043875
v -0.016500 -0.057067 0.043875
v -0.014894 -0.056553 0.043875
v -0.013865 -0.057067 0.043875
v -0.016000 -0.052500 0.043875
v -0.016500 -0.052500 0.043875
v -0.016000 -0.054764 0.043875
v -0.015878 -0.055451 0.043875
v -0.016500 -0.051817 0.043995
v -0.016500 -0.052500 0.043875
v -0.016000 -0.052500 0.043875
v -0.016000 -0.050624 0.045183
v -0.016000 -0.050500 0.045875
v -0.016500 -0.050500 0.045875
v -0.016000 -0.052500 0.043875
v -0.016000 -0.051808 0.043999
v -0.016500 -0.051817 0.043995
v -0.016500 -0.051817 0.043995
v -0.016000 -0.051808 0.043999
v -0.016000 -0.051086 0.044461
v -0.016500 -0.051086 0.044461
v -0.016500 -0.051086 0.044461
v -0.016000 -0.051086 0.044461
v -0.016000 -0.050624 0.045183
v -0.016500 -0.050620 0.045192
v -0.016500 -0.050620 0.045192
v -0.016000 -0.050624 0.045183
v -0.016500 -0.050500 0.045875
v -0.016500 -0.050500 0.045875
v -0.016000 -0.050500 0.045875
v -0.016500 -0.050500 0.059065
v -0.016000 -0.050500 0.059065
v -0.016500 -0.050649 0.059822
v -0.016500 -0.050500 0.059065
v -0.016000 -0.050500 0.059065
v -0.016000 -0.051808 0.060941
v -0.016000 -0.052500 0.061065
v -0.016500 -0.052500 0.061065
v -0.016500 -0.052500 0.061065
v -0.016500 -0.051743 0.060916
v -0.016000 -0.051808 0.060941
v -0.016000 -0.051808 0.060941
v -0.016500 -0.051743 0.060916
v -0.016500 -0.051086 0.060479
v -0.016000 -0.051808 0.060941
v -0.016500 -0.051086 0.060479
v -0.016000 -0.051086 0.060479
v -0.016000 -0.051086 0.060479
v -0.016500 -0.051086 0.060479
v -0.016500 -0.050649 0.059822
v -0.016000 -0.051086 0.060479
v -0.016500 -0.050649 0.059822
v -0.016000 -0.050624 0.059757
v -0.016000 -0.050624 0.059757
v -0.016500 -0.050649 0.059822
v -0.016000 -0.050500 0.059065
v -0.016500 -0.061050 0.061065
v -0.016500 -0.052500 0.061065
v -0.007000 -0.061050 0.061065
v -0.016000 -0.052500 0.061065
v -0.012684 0.048780 0.061065
v -0.013435 0.049120 0.061065
v -0.007000 0.061050 0.061065
v -0.014284 0.049071 0.061065
v -0.014970 0.048667 0.061065
v -0.016000 0.052500 0.061065
v -0.016500 0.052500 0.061065
v -0.016500 0.061050 0.061065
v -0.013241 -0.049071 0.061065
v -0.012554 -0.048667 0.061065
v -0.012684 -0.046220 0.061065
v -0.015471 0.047500 0.061065
v -0.015285 0.046751 0.061065
v -0.012240 -0.046751 0.061065
v -0.014841 0.046220 0.061065
v -0.014089 0.045880 0.061065
v -0.014179 0.049100 0.061065
v -0.015351 0.048107 0.061065
v -0.016000 0.042500 0.061065
v -0.016000 -0.042500 0.061065
v -0.016500 0.042500 0.061065
v -0.016500 -0.042500 0.061065
v -0.013435 -0.045880 0.061065
v -0.014179 -0.045900 0.061065
v -0.014284 -0.045929 0.061065
v -0.014970 -0.046333 0.061065
v -0.015351 -0.046893 0.061065
v -0.015471 -0.047500 0.061065
v -0.015285 -0.048249 0.061065
v -0.013345 0.045900 0.061065
v -0.013241 0.045929 0.061065
v -0.012554 0.046333 0.061065
v -0.012174 0.046893 0.061065
v -0.012054 0.047500 0.061065
v -0.012240 0.048249 0.061065
v -0.014841 -0.048780 0.061065
v -0.014089 -0.049120 0.061065
v -0.013345 -0.049100 0.061065
v -0.012174 -0.048107 0.061065
v -0.012054 -0.047500 0.061065
v -0.016500 -0.043178 0.060946
v -0.016500 -0.042500 0.061065
v -0.016000 -0.042500 0.061065
v -0.016000 -0.044376 0.059757
v -0.016000 -0.044500 0.059065
v -0.016500 -0.044500 0.059065
v -0.016500 -0.044375 0.059761
v -0.016000 -0.044376 0.059757
v -0.016500 -0.044375 0.059761
v -0.016500 -0.043908 0.060486
v -0.016000 -0.043914 0.060479
v -0.016000 -0.043914 0.060479
v -0.016500 -0.043908 0.060486
v -0.016500 -0.043178 0.060946
v -0.016000 -0.043914 0.060479
v -0.016500 -0.043178 0.060946
v -0.016000 -0.043192 0.060941
v -0.016000 -0.043192 0.060941
v -0.016500 -0.043178 0.060946
v -0.016000 -0.042500 0.061065
v -0.012500 -0.063625 -0.012435
v -0.012500 -0.064500 -0.012435
v -0.012500 -0.063590 -0.012641
v -0.012500 -0.064416 -0.012930
v -0.012500 -0.063422 -0.012896
v -0.012500 -0.064012 -0.013542
v -0.012500 -0.063153 -0.013041
v -0.012500 -0.063367 -0.013889
v -0.012500 -0.062847 -0.013041
v -0.012500 -0.062633 -0.013889
v -0.012500 -0.062578 -0.012896
v -0.012500 -0.061988 -0.013542
v -0.012500 -0.062410 -0.012641
v -0.012500 -0.061584 -0.012930
v -0.012500 -0.062375 -0.012435
v -0.012500 -0.061500 -0.012435
v -0.012500 -0.062410 -0.012229
v -0.012500 -0.061584 -0.011940
v -0.012500 -0.062578 -0.011974
v -0.012500 -0.061988 -0.011328
v -0.012500 -0.062847 -0.011829
v -0.012500 -0.062633 -0.010980
v -0.012500 -0.063153 -0.011829
v -0.012500 -0.063367 -0.010980
v -0.012500 -0.063422 -0.011974
v -0.012500 -0.064012 -0.011328
v -0.012500 -0.063590 -0.012229
v -0.012500 -0.064416 -0.011940
v -0.012500 -0.063625 0.012565
v -0.012500 -0.064500 0.012565
v -0.012500 -0.063590 0.012359
v -0.012500 -0.064416 0.012070
v -0.012500 -0.063422 0.012104
v -0.012500 -0.064012 0.011458
v -0.012500 -0.063153 0.011959
v -0.012500 -0.063367 0.011111
v -0.012500 -0.062847 0.011959
v -0.012500 -0.062633 0.011111
v -0.012500 -0.062578 0.012104
v -0.012500 -0.061988 0.011458
v -0.012500 -0.062410 0.012359
v -0.012500 -0.061584 0.012070
v -0.012500 -0.062375 0.012565
v -0.012500 -0.061500 0.012565
v -0.012500 -0.062410 0.012771
v -0.012500 -0.061584 0.013060
v -0.012500 -0.062578 0.013026
v -0.012500 -0.061988 0.013672
v -0.012500 -0.062847 0.013171
v -0.012500 -0.062633 0.014020
v -0.012500 -0.063153 0.013171
v -0.012500 -0.063367 0.014020
v -0.012500 -0.063422 0.013026
v -0.012500 -0.064012 0.013672
v -0.012500 -0.063590 0.012771
v -0.012500 -0.064416 0.013060
v -0.013000 -0.059519 -0.045495
v -0.013000 -0.059750 -0.045495
v -0.013106 -0.059549 -0.045554
v -0.014679 -0.059750 -0.046428
v -0.014679 -0.061750 -0.046428
v -0.013000 -0.061750 -0.045495
v -0.014522 -0.061752 -0.046341
v -0.013000 -0.061981 -0.045495
v -0.016500 -0.061050 0.061065
v -0.016500 -0.061816 0.060913
v -0.016611 -0.061813 0.060907
v -0.017500 -0.061444 0.060015
v -0.017500 -0.061430 0.059990
v -0.017500 -0.061430 0.059990
v -0.017500 -0.061444 0.060015
v -0.017500 -0.061050 0.060093
v -0.017374 -0.061050 0.060550
v -0.017374 -0.061619 0.060437
v -0.017374 -0.061619 0.060437
v -0.017374 -0.061050 0.060550
v -0.017207 -0.061050 0.060772
v -0.017374 -0.061619 0.060437
v -0.017207 -0.061050 0.060772
v -0.017050 -0.061753 0.060761
v -0.017500 -0.061444 0.060015
v -0.017500 -0.061777 0.059792
v -0.017500 -0.061444 0.060015
v -0.017374 -0.061619 0.060437
v -0.017374 -0.062101 0.060115
v -0.017374 -0.062101 0.060115
v -0.017374 -0.061619 0.060437
v -0.017050 -0.061753 0.060761
v -0.017050 -0.062348 0.060363
v -0.017207 -0.061050 0.060772
v -0.017050 -0.061050 0.060900
v -0.017050 -0.061753 0.060761
v -0.017050 -0.061753 0.060761
v -0.017050 -0.061050 0.060900
v -0.016846 -0.061050 0.061003
v -0.017050 -0.061753 0.060761
v -0.016846 -0.061050 0.061003
v -0.016611 -0.061813 0.060907
v -0.016611 -0.061813 0.060907
v -0.016846 -0.061050 0.061003
v -0.016611 -0.061050 0.061059
v -0.016611 -0.061050 0.061059
v -0.017050 -0.062348 0.060363
v -0.017050 -0.061753 0.060761
v -0.017000 -0.062370 0.060385
v -0.017000 -0.062370 0.060385
v -0.017050 -0.061753 0.060761
v -0.016611 -0.061813 0.060907
v -0.017000 -0.062370 0.060385
v -0.016611 -0.061813 0.060907
v -0.016611 -0.062460 0.060475
v -0.016611 -0.062460 0.060475
v -0.016611 -0.061813 0.060907
v -0.016500 -0.061816 0.060913
v -0.016500 -0.062465 0.060479
v -0.016500 -0.062465 0.060479
v -0.007000 -0.062465 0.060479
v -0.016500 -0.065414 0.057530
v -0.007000 -0.065414 0.057530
v -0.014700 -0.066000 0.030365
v -0.016500 -0.066000 0.030365
v -0.014700 -0.066000 0.030893
v -0.016500 -0.066000 0.056115
v -0.007000 -0.066000 0.030893
v -0.007000 -0.066000 0.056115
v -0.014700 -0.064496 0.022705
v -0.014700 -0.065400 0.022565
v -0.016500 -0.065400 0.022565
v -0.016500 -0.064560 0.028445
v -0.014700 -0.064560 0.028445
v -0.016500 -0.063333 0.027739
v -0.016500 -0.063333 0.027739
v -0.014700 -0.064560 0.028445
v -0.014700 -0.063731 0.028058
v -0.016500 -0.063333 0.027739
v -0.014700 -0.063731 0.028058
v -0.014700 -0.062814 0.027086
v -0.016500 -0.065400 0.022565
v -0.016500 -0.064025 0.022899
v -0.014700 -0.064496 0.022705
v -0.014700 -0.064496 0.022705
v -0.016500 -0.064025 0.022899
v -0.016500 -0.063344 0.023381
v -0.014700 -0.064496 0.022705
v -0.016500 -0.063344 0.023381
v -0.014700 -0.063344 0.023381
v -0.014700 -0.063344 0.023381
v -0.016500 -0.063344 0.023381
v -0.016500 -0.062955 0.023826
v -0.014700 -0.063344 0.023381
v -0.016500 -0.062955 0.023826
v -0.014700 -0.062599 0.024490
v -0.016500 -0.062955 0.023826
v -0.016500 -0.062599 0.024490
v -0.014700 -0.062599 0.024490
v -0.014700 -0.062599 0.024490
v -0.016500 -0.062599 0.024490
v -0.016500 -0.062430 0.025141
v -0.014700 -0.062599 0.024490
v -0.016500 -0.062430 0.025141
v -0.014700 -0.062400 0.025565
v -0.014700 -0.062400 0.025565
v -0.016500 -0.062430 0.025141
v -0.016500 -0.062410 0.025813
v -0.014700 -0.062400 0.025565
v -0.016500 -0.062410 0.025813
v -0.014700 -0.062410 0.025813
v -0.014700 -0.062410 0.025813
v -0.016500 -0.062410 0.025813
v -0.016500 -0.062566 0.026550
v -0.014700 -0.062410 0.025813
v -0.016500 -0.062566 0.026550
v -0.014700 -0.062814 0.027086
v -0.014700 -0.062814 0.027086
v -0.016500 -0.062566 0.026550
v -0.016500 -0.062814 0.027086
v -0.014700 -0.062814 0.027086
v -0.016500 -0.062814 0.027086
v -0.016500 -0.063333 0.027739
v -0.007000 -0.069000 0.025615
v -0.007000 -0.069000 -0.025485
v -0.014700 -0.069000 -0.020435
v -0.014700 -0.069000 -0.025485
v -0.014700 -0.069000 0.025615
v -0.014700 -0.069000 0.020565
v -0.016500 -0.069000 0.020565
v -0.016500 -0.069000 -0.020435
v -0.014700 -0.063731 -0.027928
v -0.014700 -0.064560 -0.028315
v -0.016500 -0.064560 -0.028315
v -0.016500 -0.065400 -0.022435
v -0.014700 -0.065400 -0.022435
v -0.016500 -0.064025 -0.022769
v -0.016500 -0.064025 -0.022769
v -0.014700 -0.065400 -0.022435
v -0.014700 -0.064496 -0.022574
v -0.016500 -0.064025 -0.022769
v -0.014700 -0.064496 -0.022574
v -0.014700 -0.063344 -0.023251
v -0.016500 -0.064560 -0.028315
v -0.016500 -0.063333 -0.027609
v -0.014700 -0.063731 -0.027928
v -0.014700 -0.063731 -0.027928
v -0.016500 -0.063333 -0.027609
v -0.016500 -0.062814 -0.026956
v -0.014700 -0.063731 -0.027928
v -0.016500 -0.062814 -0.026956
v -0.014700 -0.062814 -0.026956
v -0.014700 -0.062814 -0.026956
v -0.016500 -0.062814 -0.026956
v -0.016500 -0.062566 -0.026420
v -0.014700 -0.062814 -0.026956
v -0.016500 -0.062566 -0.026420
v -0.014700 -0.062410 -0.025683
v -0.014700 -0.062410 -0.025683
v -0.016500 -0.062566 -0.026420
v -0.016500 -0.062410 -0.025683
v -0.014700 -0.062410 -0.025683
v -0.016500 -0.062410 -0.025683
v -0.014700 -0.062400 -0.025435
v -0.014700 -0.062400 -0.025435
v -0.016500 -0.062410 -0.025683
v -0.016500 -0.062430 -0.025011
v -0.014700 -0.062400 -0.025435
v -0.016500 -0.062430 -0.025011
v -0.014700 -0.062599 -0.024360
v -0.016500 -0.062430 -0.025011
v -0.016500 -0.062599 -0.024360
v -0.014700 -0.062599 -0.024360
v -0.014700 -0.062599 -0.024360
v -0.016500 -0.062599 -0.024360
v -0.016500 -0.062955 -0.023696
v -0.014700 -0.062599 -0.024360
v -0.016500 -0.062955 -0.023696
v -0.014700 -0.063344 -0.023251
v -0.014700 -0.063344 -0.023251
v -0.016500 -0.062955 -0.023696
v -0.016500 -0.063344 -0.023251
v -0.014700 -0.063344 -0.023251
v -0.016500 -0.063344 -0.023251
v -0.016500 -0.064025 -0.022769
v -0.016500 -0.066000 -0.030235
v -0.014700 -0.066000 -0.030235
v -0.014700 -0.066000 -0.030763
v -0.007000 -0.066000 -0.030763
v -0.007000 -0.066000 -0.055985
v -0.016500 -0.066000 -0.055985
v -0.016500 -0.066000 -0.055985
v -0.016500 -0.065848 -0.056751
v -0.016611 -0.065842 -0.056748
v -0.017500 -0.064950 -0.056379
v -0.017500 -0.064925 -0.056365
v -0.017500 -0.064925 -0.056365
v -0.017500 -0.064950 -0.056379
v -0.017500 -0.065028 -0.055985
v -0.017374 -0.065485 -0.055985
v -0.017374 -0.065372 -0.056554
v -0.017374 -0.065372 -0.056554
v -0.017374 -0.065485 -0.055985
v -0.017210 -0.065704 -0.055985
v -0.017374 -0.065372 -0.056554
v -0.017210 -0.065704 -0.055985
v -0.017050 -0.065696 -0.056688
v -0.017500 -0.064950 -0.056379
v -0.017500 -0.064727 -0.056712
v -0.017500 -0.064950 -0.056379
v -0.017374 -0.065372 -0.056554
v -0.017374 -0.065050 -0.057036
v -0.017374 -0.065050 -0.057036
v -0.017374 -0.065372 -0.056554
v -0.017050 -0.065696 -0.056688
v -0.017050 -0.065298 -0.057283
v -0.017210 -0.065704 -0.055985
v -0.017050 -0.065835 -0.055985
v -0.017050 -0.065696 -0.056688
v -0.017050 -0.065696 -0.056688
v -0.017050 -0.065835 -0.055985
v -0.016848 -0.065937 -0.055985
v -0.017050 -0.065696 -0.056688
v -0.016848 -0.065937 -0.055985
v -0.016611 -0.065842 -0.056748
v -0.016611 -0.065842 -0.056748
v -0.016848 -0.065937 -0.055985
v -0.016611 -0.065994 -0.055985
v -0.016611 -0.065994 -0.055985
v -0.017050 -0.065298 -0.057283
v -0.017050 -0.065696 -0.056688
v -0.017000 -0.065320 -0.057305
v -0.017000 -0.065320 -0.057305
v -0.017050 -0.065696 -0.056688
v -0.016611 -0.065842 -0.056748
v -0.017000 -0.065320 -0.057305
v -0.016611 -0.065842 -0.056748
v -0.016611 -0.065410 -0.057395
v -0.016611 -0.065410 -0.057395
v -0.016611 -0.065842 -0.056748
v -0.016500 -0.065848 -0.056751
v -0.016500 -0.065414 -0.057400
v -0.016500 -0.065414 -0.057400
v -0.007000 -0.065414 -0.057400
v -0.016500 -0.062465 -0.060349
v -0.007000 -0.062465 -0.060349
v -0.007000 0.061050 -0.060935
v -0.016500 0.061050 -0.060935
v -0.016500 0.057500 -0.060935
v -0.014500 0.057500 -0.060935
v -0.014500 0.037500 -0.060935
v -0.007000 -0.061050 -0.060935
v -0.016500 -0.057500 -0.060935
v -0.016500 -0.061050 -0.060935
v -0.014500 -0.057500 -0.060935
v -0.014500 -0.037500 -0.060935
v -0.016500 -0.037500 -0.060935
v -0.016500 0.037500 -0.060935
v -0.016500 -0.056821 -0.060816
v -0.016500 -0.057500 -0.060935
v -0.014500 -0.057500 -0.060935
v -0.014500 -0.055624 -0.059627
v -0.014500 -0.055500 -0.058935
v -0.016500 -0.055500 -0.058935
v -0.016500 -0.055625 -0.059631
v -0.014500 -0.055624 -0.059627
v -0.016500 -0.055625 -0.059631
v -0.016500 -0.056093 -0.060356
v -0.014500 -0.056086 -0.060349
v -0.014500 -0.056086 -0.060349
v -0.016500 -0.056093 -0.060356
v -0.016500 -0.056821 -0.060816
v -0.014500 -0.056086 -0.060349
v -0.016500 -0.056821 -0.060816
v -0.014500 -0.056808 -0.060811
v -0.014500 -0.056808 -0.060811
v -0.016500 -0.056821 -0.060816
v -0.014500 -0.057500 -0.060935
v -0.016500 -0.039348 -0.059700
v -0.016500 -0.039500 -0.058935
v -0.014500 -0.039500 -0.058935
v -0.014500 -0.038192 -0.060811
v -0.014500 -0.037500 -0.060935
v -0.016500 -0.037500 -0.060935
v -0.016500 -0.037500 -0.060935
v -0.016500 -0.038265 -0.060783
v -0.014500 -0.038192 -0.060811
v -0.014500 -0.038192 -0.060811
v -0.016500 -0.038265 -0.060783
v -0.016500 -0.038914 -0.060349
v -0.014500 -0.038192 -0.060811
v -0.016500 -0.038914 -0.060349
v -0.014500 -0.038914 -0.060349
v -0.014500 -0.038914 -0.060349
v -0.016500 -0.038914 -0.060349
v -0.016500 -0.039348 -0.059700
v -0.014500 -0.038914 -0.060349
v -0.016500 -0.039348 -0.059700
v -0.014500 -0.039376 -0.059627
v -0.014500 -0.039376 -0.059627
v -0.016500 -0.039348 -0.059700
v -0.014500 -0.039500 -0.058935
v -0.012500 0.063153 -0.011829
v -0.012500 0.063367 -0.010980
v -0.012500 0.062847 -0.011829
v -0.012500 0.062633 -0.010980
v -0.012500 0.062578 -0.011974
v -0.012500 0.061988 -0.011328
v -0.012500 0.062410 -0.012229
v -0.012500 0.061584 -0.011940
v -0.012500 0.062375 -0.012435
v -0.012500 0.061500 -0.012435
v -0.012500 0.062410 -0.012641
v -0.012500 0.061584 -0.012930
v -0.012500 0.062578 -0.012896
v -0.012500 0.061988 -0.013542
v -0.012500 0.062847 -0.013041
v -0.012500 0.062633 -0.013889
v -0.012500 0.063153 -0.013041
v -0.012500 0.063367 -0.013889
v -0.012500 0.063422 -0.012896
v -0.012500 0.064012 -0.013542
v -0.012500 0.063590 -0.012641
v -0.012500 0.064416 -0.012930
v -0.012500 0.063625 -0.012435
v -0.012500 0.064500 -0.012435
v -0.012500 0.063590 -0.012229
v -0.012500 0.064416 -0.011940
v -0.012500 0.063422 -0.011974
v -0.012500 0.064012 -0.011328
v -0.012500 0.062375 0.012565
v -0.012500 0.061500 0.012565
v -0.012500 0.062410 0.012359
v -0.012500 0.061584 0.012070
v -0.012500 0.062578 0.012104
v -0.012500 0.061988 0.011458
v -0.012500 0.062847 0.011959
v -0.012500 0.062633 0.011111
v -0.012500 0.063153 0.011959
v -0.012500 0.063367 0.011111
v -0.012500 0.063422 0.012104
v -0.012500 0.064012 0.011458
v -0.012500 0.063590 0.012359
v -0.012500 0.064416 0.012070
v -0.012500 0.063625 0.012565
v -0.012500 0.064500 0.012565
v -0.012500 0.063590 0.012771
v -0.012500 0.064416 0.013060
v -0.012500 0.063422 0.013026
v -0.012500 0.064012 0.013672
v -0.012500 0.063153 0.013171
v -0.012500 0.063367 0.014020
v -0.012500 0.062847 0.013171
v -0.012500 0.062633 0.014020
v -0.012500 0.062578 0.013026
v -0.012500 0.061988 0.013672
v -0.012500 0.062410 0.012771
v -0.012500 0.061584 0.013060
v -0.016500 0.061050 -0.060935
v -0.016500 0.061816 -0.060783
v -0.016611 0.061813 -0.060777
v -0.017500 0.061444 -0.059885
v -0.017500 0.061430 -0.059860
v -0.017500 0.061430 -0.059860
v -0.017500 0.061444 -0.059885
v -0.017500 0.061050 -0.059963
v -0.017441 0.061050 -0.060274
v -0.017500 0.061444 -0.059885
v -0.017441 0.061050 -0.060274
v -0.017374 0.061619 -0.060307
v -0.017441 0.061050 -0.060274
v -0.017374 0.061050 -0.060420
v -0.017374 0.061619 -0.060307
v -0.017374 0.061619 -0.060307
v -0.017374 0.061050 -0.060420
v -0.017210 0.061050 -0.060639
v -0.017374 0.061619 -0.060307
v -0.017210 0.061050 -0.060639
v -0.017050 0.061753 -0.060631
v -0.017500 0.061444 -0.059885
v -0.017500 0.061777 -0.059662
v -0.017500 0.061444 -0.059885
v -0.017374 0.061619 -0.060307
v -0.017374 0.062101 -0.059985
v -0.017374 0.062101 -0.059985
v -0.017374 0.061619 -0.060307
v -0.017050 0.061753 -0.060631
v -0.017050 0.062348 -0.060233
v -0.017210 0.061050 -0.060639
v -0.017050 0.061050 -0.060770
v -0.017050 0.061753 -0.060631
v -0.017050 0.061753 -0.060631
v -0.017050 0.061050 -0.060770
v -0.016848 0.061050 -0.060872
v -0.017050 0.061753 -0.060631
v -0.016848 0.061050 -0.060872
v -0.016611 0.061813 -0.060777
v -0.016611 0.061813 -0.060777
v -0.016848 0.061050 -0.060872
v -0.016611 0.061050 -0.060929
v -0.016611 0.061050 -0.060929
v -0.017050 0.062348 -0.060233
v -0.017050 0.061753 -0.060631
v -0.017000 0.062370 -0.060254
v -0.017000 0.062370 -0.060254
v -0.017050 0.061753 -0.060631
v -0.016611 0.061813 -0.060777
v -0.017000 0.062370 -0.060254
v -0.016611 0.061813 -0.060777
v -0.016611 0.062460 -0.060345
v -0.016611 0.062460 -0.060345
v -0.016611 0.061813 -0.060777
v -0.016500 0.061816 -0.060783
v -0.016500 0.062465 -0.060349
v -0.016500 0.062465 -0.060349
v -0.007000 0.062465 -0.060349
v -0.016500 0.065414 -0.057400
v -0.007000 0.065414 -0.057400
v -0.014700 0.066000 -0.030235
v -0.016500 0.066000 -0.030235
v -0.014700 0.066000 -0.030763
v -0.016500 0.066000 -0.055985
v -0.007000 0.066000 -0.030763
v -0.007000 0.066000 -0.055985
v -0.014700 0.064362 -0.022620
v -0.014700 0.065400 -0.022435
v -0.016500 0.065400 -0.022435
v -0.016500 0.062400 -0.025435
v -0.014700 0.062400 -0.025435
v -0.016500 0.062430 -0.025011
v -0.016500 0.062430 -0.025011
v -0.014700 0.062400 -0.025435
v -0.014700 0.062585 -0.024397
v -0.016500 0.065400 -0.022435
v -0.016500 0.064025 -0.022769
v -0.014700 0.064362 -0.022620
v -0.014700 0.064362 -0.022620
v -0.016500 0.064025 -0.022769
v -0.016500 0.063279 -0.023314
v -0.014700 0.064362 -0.022620
v -0.016500 0.063279 -0.023314
v -0.014700 0.063279 -0.023314
v -0.014700 0.063279 -0.023314
v -0.016500 0.063279 -0.023314
v -0.016500 0.062955 -0.023696
v -0.014700 0.063279 -0.023314
v -0.016500 0.062955 -0.023696
v -0.014700 0.062585 -0.024397
v -0.014700 0.062585 -0.024397
v -0.016500 0.062955 -0.023696
v -0.016500 0.062585 -0.024397
v -0.014700 0.062585 -0.024397
v -0.016500 0.062585 -0.024397
v -0.016500 0.062430 -0.025011
v -0.007000 0.069000 -0.025485
v -0.007000 0.069000 0.025615
v -0.014700 0.069000 0.020565
v -0.014700 0.069000 0.025615
v -0.014700 0.069000 -0.025485
v -0.014700 0.069000 -0.020435
v -0.016500 0.069000 -0.020435
v -0.016500 0.069000 0.020565
v -0.014700 0.063487 0.027876
v -0.014700 0.064560 0.028445
v -0.016500 0.064560 0.028445
v -0.016500 0.062566 0.026550
v -0.016500 0.062400 0.025565
v -0.014700 0.062400 0.025565
v -0.016500 0.064560 0.028445
v -0.016500 0.063333 0.027739
v -0.014700 0.063487 0.027876
v -0.014700 0.063487 0.027876
v -0.016500 0.063333 0.027739
v -0.016500 0.062566 0.026550
v -0.014700 0.063487 0.027876
v -0.016500 0.062566 0.026550
v -0.014700 0.062646 0.026754
v -0.014700 0.062646 0.026754
v -0.016500 0.062566 0.026550
v -0.014700 0.062400 0.025565
v -0.016500 0.066000 0.030365
v -0.014700 0.066000 0.030365
v -0.014700 0.066000 0.030893
v -0.007000 0.066000 0.030893
v -0.007000 0.066000 0.056115
v -0.016500 0.066000 0.056115
v -0.016500 0.066000 0.056115
v -0.016500 0.065848 0.056881
v -0.016611 0.065842 0.056878
v -0.017500 0.064950 0.056509
v -0.017500 0.064925 0.056495
v -0.017500 0.064925 0.056495
v -0.017500 0.064950 0.056509
v -0.017500 0.065028 0.056115
v -0.017374 0.065485 0.056115
v -0.017374 0.065372 0.056684
v -0.017374 0.065372 0.056684
v -0.017374 0.065485 0.056115
v -0.017207 0.065707 0.056115
v -0.017374 0.065372 0.056684
v -0.017207 0.065707 0.056115
v -0.017050 0.065696 0.056818
v -0.017500 0.064950 0.056509
v -0.017500 0.064727 0.056842
v -0.017500 0.064950 0.056509
v -0.017374 0.065372 0.056684
v -0.017374 0.065050 0.057166
v -0.017374 0.065050 0.057166
v -0.017374 0.065372 0.056684
v -0.017050 0.065696 0.056818
v -0.017050 0.065298 0.057413
v -0.017207 0.065707 0.056115
v -0.017050 0.065835 0.056115
v -0.017050 0.065696 0.056818
v -0.017050 0.065696 0.056818
v -0.017050 0.065835 0.056115
v -0.016846 0.065938 0.056115
v -0.017050 0.065696 0.056818
v -0.016846 0.065938 0.056115
v -0.016611 0.065842 0.056878
v -0.016611 0.065842 0.056878
v -0.016846 0.065938 0.056115
v -0.016611 0.065994 0.056115
v -0.016611 0.065994 0.056115
v -0.017050 0.065298 0.057413
v -0.017050 0.065696 0.056818
v -0.017000 0.065320 0.057435
v -0.017000 0.065320 0.057435
v -0.017050 0.065696 0.056818
v -0.016611 0.065842 0.056878
v -0.017000 0.065320 0.057435
v -0.016611 0.065842 0.056878
v -0.016611 0.065410 0.057525
v -0.016611 0.065410 0.057525
v -0.016611 0.065842 0.056878
v -0.016500 0.065848 0.056881
v -0.016500 0.065414 0.057530
v -0.016500 0.065414 0.057530
v -0.007000 0.065414 0.057530
v -0.016500 0.062465 0.060479
v -0.007000 0.062465 0.060479
v -0.016500 0.050500 0.059065
v -0.016000 0.050500 0.059065
v -0.016500 0.050500 0.045875
v -0.016000 0.050500 0.045875
v -0.015878 0.055451 0.043875
v -0.015454 0.056137 0.043875
v -0.016500 0.057067 0.043875
v -0.014894 0.056553 0.043875
v -0.013865 0.057067 0.043875
v -0.016000 0.054764 0.043875
v -0.016500 0.052500 0.043875
v -0.016000 0.052500 0.043875
v -0.016500 0.055649 -0.059692
v -0.016500 0.055500 -0.058935
v -0.014500 0.055500 -0.058935
v -0.014500 0.056808 -0.060811
v -0.014500 0.057500 -0.060935
v -0.016500 0.057500 -0.060935
v -0.016500 0.057500 -0.060935
v -0.016500 0.056743 -0.060786
v -0.014500 0.056808 -0.060811
v -0.014500 0.056808 -0.060811
v -0.016500 0.056743 -0.060786
v -0.016500 0.056086 -0.060349
v -0.014500 0.056808 -0.060811
v -0.016500 0.056086 -0.060349
v -0.014500 0.056086 -0.060349
v -0.014500 0.056086 -0.060349
v -0.016500 0.056086 -0.060349
v -0.016500 0.055649 -0.059692
v -0.014500 0.056086 -0.060349
v -0.016500 0.055649 -0.059692
v -0.014500 0.055624 -0.059627
v -0.014500 0.055624 -0.059627
v -0.016500 0.055649 -0.059692
v -0.014500 0.055500 -0.058935
v -0.016500 0.038178 -0.060816
v -0.016500 0.037500 -0.060935
v -0.014500 0.037500 -0.060935
v -0.014500 0.039376 -0.059627
v -0.014500 0.039500 -0.058935
v -0.016500 0.039500 -0.058935
v -0.016500 0.039375 -0.059631
v -0.014500 0.039376 -0.059627
v -0.016500 0.039375 -0.059631
v -0.016500 0.038908 -0.060356
v -0.014500 0.038914 -0.060349
v -0.014500 0.038914 -0.060349
v -0.016500 0.038908 -0.060356
v -0.016500 0.038178 -0.060816
v -0.014500 0.038914 -0.060349
v -0.016500 0.038178 -0.060816
v -0.014500 0.038192 -0.060811
v -0.014500 0.038192 -0.060811
v -0.016500 0.038178 -0.060816
v -0.014500 0.037500 -0.060935
v -0.016500 0.050649 0.045118
v -0.016500 0.050500 0.045875
v -0.016000 0.050500 0.045875
v -0.016000 0.051808 0.043999
v -0.016000 0.052500 0.043875
v -0.016500 0.052500 0.043875
v -0.016500 0.052500 0.043875
v -0.016500 0.051743 0.044024
v -0.016000 0.051808 0.043999
v -0.016000 0.051808 0.043999
v -0.016500 0.051743 0.044024
v -0.016500 0.051086 0.044461
v -0.016000 0.051808 0.043999
v -0.016500 0.051086 0.044461
v -0.016000 0.051086 0.044461
v -0.016000 0.051086 0.044461
v -0.016500 0.051086 0.044461
v -0.016500 0.050649 0.045118
v -0.016000 0.051086 0.044461
v -0.016500 0.050649 0.045118
v -0.016000 0.050624 0.045183
v -0.016000 0.050624 0.045183
v -0.016500 0.050649 0.045118
v -0.016000 0.050500 0.045875
v -0.015454 0.038863 0.043875
v -0.016500 0.037933 0.043875
v -0.014894 0.038447 0.043875
v -0.013865 0.037933 0.043875
v -0.016000 0.042500 0.043875
v -0.016500 0.042500 0.043875
v -0.016000 0.040236 0.043875
v -0.015878 0.039549 0.043875
v -0.016500 0.043196 0.044000
v -0.016500 0.042500 0.043875
v -0.016000 0.042500 0.043875
v -0.016000 0.044376 0.045183
v -0.016000 0.044500 0.045875
v -0.016500 0.044500 0.045875
v -0.016500 0.044500 0.045875
v -0.016500 0.044381 0.045196
v -0.016000 0.044376 0.045183
v -0.016000 0.044376 0.045183
v -0.016500 0.044381 0.045196
v -0.016500 0.043921 0.044468
v -0.016000 0.044376 0.045183
v -0.016500 0.043921 0.044468
v -0.016000 0.043914 0.044461
v -0.016000 0.043914 0.044461
v -0.016500 0.043921 0.044468
v -0.016500 0.043196 0.044000
v -0.016000 0.043192 0.043999
v -0.016000 0.043192 0.043999
v -0.016500 0.044500 0.045875
v -0.016000 0.044500 0.045875
v -0.016500 0.044500 0.059065
v -0.016000 0.044500 0.059065
v -0.016500 0.044351 0.059822
v -0.016500 0.044500 0.059065
v -0.016000 0.044500 0.059065
v -0.016000 0.043192 0.060941
v -0.016000 0.042500 0.061065
v -0.016500 0.042500 0.061065
v -0.016500 0.042500 0.061065
v -0.016500 0.043258 0.060916
v -0.016000 0.043192 0.060941
v -0.016000 0.043192 0.060941
v -0.016500 0.043258 0.060916
v -0.016500 0.043914 0.060479
v -0.016000 0.043192 0.060941
v -0.016500 0.043914 0.060479
v -0.016000 0.043914 0.060479
v -0.016000 0.043914 0.060479
v -0.016500 0.043914 0.060479
v -0.016500 0.044351 0.059822
v -0.016000 0.043914 0.060479
v -0.016500 0.044351 0.059822
v -0.016000 0.044376 0.059757
v -0.016000 0.044376 0.059757
v -0.016500 0.044351 0.059822
v -0.016000 0.044500 0.059065
v -0.016000 0.050500 0.059065
v -0.016500 0.050500 0.059065
v -0.016000 0.050624 0.059757
v -0.016500 0.050624 0.059757
v -0.016000 0.050624 0.059757
v -0.016500 0.050624 0.059757
v -0.016000 0.051086 0.060479
v -0.016500 0.051086 0.060479
v -0.016000 0.051086 0.060479
v -0.016500 0.051086 0.060479
v -0.016000 0.051808 0.060941
v -0.016500 0.051808 0.060941
v -0.016000 0.051808 0.060941
v -0.016500 0.051808 0.060941
v -0.016000 0.052500 0.061065
v -0.016500 0.052500 0.061065
v -0.017388 -0.033250 0.048870
v -0.017500 -0.033250 0.049531
v -0.017500 -0.036250 0.049531
v -0.017500 -0.036250 0.049531
v -0.017406 -0.035827 0.048924
v -0.017388 -0.033250 0.048870
v -0.017388 -0.033250 0.048870
v -0.017406 -0.035827 0.048924
v -0.017218 -0.035554 0.048506
v -0.017388 -0.033250 0.048870
v -0.017218 -0.035554 0.048506
v -0.016995 -0.033250 0.048202
v -0.016995 -0.033250 0.048202
v -0.017218 -0.035554 0.048506
v -0.016976 -0.035370 0.048181
v -0.016995 -0.033250 0.048202
v -0.016976 -0.035370 0.048181
v -0.016471 -0.033250 0.047782
v -0.016500 -0.035250 0.047799
v -0.016500 -0.035250 0.047799
v -0.016000 -0.032097 0.045625
v -0.017500 -0.032097 0.045625
v -0.016000 -0.032679 0.046038
v -0.017500 -0.032679 0.046038
v -0.016000 -0.032679 0.046038
v -0.017500 -0.032679 0.046038
v -0.016000 -0.033123 0.046734
v -0.017500 -0.033123 0.046734
v -0.016000 -0.033123 0.046734
v -0.017500 -0.033123 0.046734
v -0.016000 -0.033250 0.047437
v -0.017500 -0.033250 0.047437
v -0.017500 -0.032097 0.045625
v -0.016000 -0.032097 0.045625
v -0.017500 0.032097 0.045625
v -0.016000 0.032097 0.045625
v -0.016000 0.033250 0.047437
v -0.017500 0.033250 0.047437
v -0.016000 0.033123 0.046734
v -0.017500 0.033123 0.046734
v -0.016000 0.033123 0.046734
v -0.017500 0.033123 0.046734
v -0.016000 0.032679 0.046038
v -0.017500 0.032679 0.046038
v -0.016000 0.032679 0.046038
v -0.017500 0.032679 0.046038
v -0.016000 0.032097 0.045625
v -0.017500 0.032097 0.045625
v -0.017500 -0.033250 0.047437
v -0.017500 -0.033250 0.049531
v -0.017388 -0.033250 0.048870
v -0.016995 -0.033250 0.048202
v -0.016471 -0.033250 0.047782
v -0.016000 -0.033250 0.047437
v -0.015235 -0.033250 0.047095
v -0.016000 -0.033250 0.046558
v -0.014052 -0.033250 0.046558
v -0.014052 -0.059750 0.046558
v -0.013000 -0.059692 0.046080
v -0.013000 -0.059556 0.045699
v -0.016500 -0.059750 0.046558
v -0.014052 -0.059750 0.046558
v -0.016500 -0.059556 0.045699
v -0.013000 -0.059556 0.045699
v -0.016500 -0.059556 0.045699
v -0.013000 -0.059556 0.045699
v -0.016500 -0.059013 0.045007
v -0.013000 -0.059013 0.045007
v -0.017388 0.033250 0.048870
v -0.017500 0.033250 0.049531
v -0.017500 0.033250 0.047437
v -0.016995 0.033250 0.048202
v -0.016471 0.033250 0.047782
v -0.016000 0.033250 0.047437
v -0.015235 0.033250 0.047095
v -0.016000 0.033250 0.046558
v -0.014052 0.033250 0.046558
v -0.017215 0.035551 0.048501
v -0.017302 0.035653 0.048664
v -0.017388 0.033250 0.048870
v -0.017388 0.033250 0.048870
v -0.017302 0.035653 0.048664
v -0.017500 0.033250 0.049531
v -0.017500 0.033250 0.049531
v -0.017302 0.035653 0.048664
v -0.017441 0.035910 0.049047
v -0.017500 0.033250 0.049531
v -0.017441 0.035910 0.049047
v -0.017500 0.036250 0.049531
v -0.017215 0.035551 0.048501
v -0.017388 0.033250 0.048870
v -0.016808 0.035299 0.048017
v -0.016808 0.035299 0.048017
v -0.017388 0.033250 0.048870
v -0.016995 0.033250 0.048202
v -0.016808 0.035299 0.048017
v -0.016995 0.033250 0.048202
v -0.016500 0.035250 0.047799
v -0.016500 0.035250 0.047799
v -0.016995 0.033250 0.048202
v -0.016471 0.033250 0.047782
v -0.016500 0.035250 0.047799
v -0.014052 0.059750 0.046558
v -0.016500 0.059750 0.046558
v -0.016500 0.059556 0.045699
v -0.014052 0.059750 0.046558
v -0.016500 0.059556 0.045699
v -0.013000 0.059692 0.046080
v -0.016500 0.059013 0.045007
v -0.013000 0.059013 0.045007
v -0.016500 0.059556 0.045699
v -0.013000 0.059556 0.045699
v -0.016500 0.059556 0.045699
v -0.013000 0.059556 0.045699
v -0.013000 0.059692 0.046080
v -0.016500 -0.067754 0.022418
v -0.016500 -0.067000 0.022565
v -0.014700 -0.067000 0.022565
v -0.014700 -0.068876 0.021257
v -0.014700 -0.069000 0.020565
v -0.016500 -0.069000 0.020565
v -0.016500 -0.069000 0.020565
v -0.016500 -0.068846 0.021334
v -0.014700 -0.068876 0.021257
v -0.014700 -0.068876 0.021257
v -0.016500 -0.068846 0.021334
v -0.016500 -0.068408 0.021985
v -0.014700 -0.068876 0.021257
v -0.016500 -0.068408 0.021985
v -0.014700 -0.068414 0.021979
v -0.014700 -0.068414 0.021979
v -0.016500 -0.068408 0.021985
v -0.016500 -0.067754 0.022418
v -0.014700 -0.068414 0.021979
v -0.016500 -0.067754 0.022418
v -0.014700 -0.067692 0.022441
v -0.014700 -0.067692 0.022441
v -0.016500 -0.067754 0.022418
v -0.014700 -0.067000 0.022565
v -0.014700 -0.067025 0.028419
v -0.007000 -0.067025 0.028419
v -0.014700 -0.068414 0.027029
v -0.007000 -0.068414 0.027029
v -0.014700 -0.066000 0.030893
v -0.007000 -0.066000 0.030893
v -0.007000 -0.066266 0.029554
v -0.014700 -0.066266 0.029554
v -0.014700 -0.066266 0.029554
v -0.007000 -0.066266 0.029554
v -0.007000 -0.067025 0.028419
v -0.014700 -0.067025 0.028419
v -0.016500 -0.065840 0.029582
v -0.016500 -0.066000 0.030365
v -0.014700 -0.066000 0.030365
v -0.014700 -0.065275 0.028824
v -0.014700 -0.064560 0.028445
v -0.016500 -0.064560 0.028445
v -0.016500 -0.065279 0.028827
v -0.014700 -0.065275 0.028824
v -0.016500 -0.065279 0.028827
v -0.016500 -0.065840 0.029582
v -0.014700 -0.065836 0.029572
v -0.014700 -0.065836 0.029572
v -0.014700 0.067025 0.028419
v -0.007000 0.067025 0.028419
v -0.007000 0.066266 0.029554
v -0.014700 0.066266 0.029554
v -0.014700 0.066266 0.029554
v -0.007000 0.066266 0.029554
v -0.007000 0.066000 0.030893
v -0.014700 0.066000 0.030893
v -0.007000 0.067025 0.028419
v -0.014700 0.067025 0.028419
v -0.007000 0.068414 0.027029
v -0.014700 0.068414 0.027029
v -0.016500 0.068851 0.021322
v -0.016500 0.069000 0.020565
v -0.014700 0.069000 0.020565
v -0.014700 0.067692 0.022441
v -0.014700 0.067000 0.022565
v -0.016500 0.067000 0.022565
v -0.014700 0.069000 0.020565
v -0.014700 0.068876 0.021257
v -0.016500 0.068851 0.021322
v -0.016500 0.068851 0.021322
v -0.014700 0.068876 0.021257
v -0.014700 0.068414 0.021979
v -0.016500 0.068851 0.021322
v -0.014700 0.068414 0.021979
v -0.016500 0.068414 0.021979
v -0.016500 0.068414 0.021979
v -0.014700 0.068414 0.021979
v -0.014700 0.067692 0.022441
v -0.016500 0.068414 0.021979
v -0.014700 0.067692 0.022441
v -0.016500 0.067758 0.022416
v -0.016500 0.067758 0.022416
v -0.014700 0.067692 0.022441
v -0.016500 0.067000 0.022565
v -0.016500 0.065311 0.028855
v -0.016500 0.064560 0.028445
v -0.014700 0.064560 0.028445
v -0.014700 0.065836 0.029572
v -0.014700 0.066000 0.030365
v -0.016500 0.066000 0.030365
v -0.016500 0.066000 0.030365
v -0.016500 0.065823 0.029542
v -0.014700 0.065836 0.029572
v -0.014700 0.065836 0.029572
v -0.016500 0.065823 0.029542
v -0.016500 0.065311 0.028855
v -0.014700 0.065836 0.029572
v -0.016500 0.065311 0.028855
v -0.014700 0.065275 0.028824
v -0.014700 0.065275 0.028824
v -0.016500 0.065311 0.028855
v -0.014700 0.064560 0.028445
v -0.016500 0.067765 -0.022283
v -0.016500 0.067000 -0.022435
v -0.014700 0.067000 -0.022435
v -0.014700 0.068876 -0.021127
v -0.014700 0.069000 -0.020435
v -0.016500 0.069000 -0.020435
v -0.014700 0.067000 -0.022435
v -0.014700 0.067692 -0.022311
v -0.016500 0.067765 -0.022283
v -0.016500 0.067765 -0.022283
v -0.014700 0.067692 -0.022311
v -0.014700 0.068414 -0.021849
v -0.016500 0.067765 -0.022283
v -0.014700 0.068414 -0.021849
v -0.016500 0.068414 -0.021849
v -0.016500 0.068414 -0.021849
v -0.014700 0.068414 -0.021849
v -0.014700 0.068876 -0.021127
v -0.016500 0.068414 -0.021849
v -0.014700 0.068876 -0.021127
v -0.016500 0.068848 -0.021200
v -0.016500 0.068848 -0.021200
v -0.014700 0.068876 -0.021127
v -0.016500 0.069000 -0.020435
v -0.007000 0.068414 -0.026899
v -0.014700 0.068414 -0.026899
v -0.007000 0.067025 -0.028289
v -0.014700 0.067025 -0.028289
v -0.014700 0.066000 -0.030763
v -0.007000 0.066000 -0.030763
v -0.007000 0.066266 -0.029424
v -0.014700 0.066266 -0.029424
v -0.014700 0.066266 -0.029424
v -0.007000 0.066266 -0.029424
v -0.007000 0.067025 -0.028289
v -0.014700 0.067025 -0.028289
v -0.016500 0.065819 -0.029403
v -0.016500 0.066000 -0.030235
v -0.014700 0.066000 -0.030235
v -0.014700 0.065275 -0.028694
v -0.014700 0.064560 -0.028315
v -0.016500 0.064560 -0.028315
v -0.016500 0.064560 -0.028315
v -0.016500 0.065308 -0.028722
v -0.014700 0.065275 -0.028694
v -0.014700 0.065275 -0.028694
v -0.016500 0.065308 -0.028722
v -0.016500 0.065819 -0.029403
v -0.014700 0.065836 -0.029442
v -0.014700 0.065836 -0.029442
v -0.016500 0.065819 -0.029403
v -0.014700 0.066000 -0.030235
v -0.014700 -0.067025 -0.028289
v -0.007000 -0.067025 -0.028289
v -0.007000 -0.066266 -0.029424
v -0.014700 -0.066266 -0.029424
v -0.014700 -0.066266 -0.029424
v -0.007000 -0.066266 -0.029424
v -0.007000 -0.066000 -0.030763
v -0.014700 -0.066000 -0.030763
v -0.014700 -0.068414 -0.026899
v -0.007000 -0.068414 -0.026899
v -0.014700 -0.067025 -0.028289
v -0.007000 -0.067025 -0.028289
v -0.016500 -0.068846 -0.021204
v -0.016500 -0.069000 -0.020435
v -0.014700 -0.069000 -0.020435
v -0.014700 -0.067692 -0.022311
v -0.014700 -0.067000 -0.022435
v -0.016500 -0.067000 -0.022435
v -0.016500 -0.067000 -0.022435
v -0.016500 -0.067754 -0.022288
v -0.014700 -0.067692 -0.022311
v -0.014700 -0.067692 -0.022311
v -0.016500 -0.067754 -0.022288
v -0.016500 -0.068408 -0.021855
v -0.014700 -0.067692 -0.022311
v -0.016500 -0.068408 -0.021855
v -0.014700 -0.068414 -0.021849
v -0.014700 -0.068414 -0.021849
v -0.016500 -0.068408 -0.021855
v -0.016500 -0.068846 -0.021204
v -0.014700 -0.068414 -0.021849
v -0.016500 -0.068846 -0.021204
v -0.014700 -0.068876 -0.021127
v -0.014700 -0.068876 -0.021127
v -0.016500 -0.068846 -0.021204
v -0.014700 -0.069000 -0.020435
v -0.016500 -0.065308 -0.028722
v -0.016500 -0.064560 -0.028315
v -0.014700 -0.064560 -0.028315
v -0.014700 -0.065836 -0.029442
v -0.014700 -0.066000 -0.030235
v -0.016500 -0.066000 -0.030235
v -0.016500 -0.066000 -0.030235
v -0.016500 -0.065819 -0.029403
v -0.014700 -0.065836 -0.029442
v -0.014700 -0.065836 -0.029442
v -0.016500 -0.065819 -0.029403
v -0.016500 -0.065308 -0.028722
v -0.014700 -0.065275 -0.028694
v -0.014700 -0.065275 -0.028694
v -0.016500 -0.065308 -0.028722
v -0.014700 -0.064560 -0.028315
v -0.007067 0.040250 0.063565
v -0.007220 0.040086 0.063565
v -0.007220 0.040003 0.063149
v -0.007067 0.039000 0.062315
v -0.007060 0.039000 0.062302
v -0.007060 0.039483 0.062398
v -0.007250 0.040067 0.063565
v -0.007439 0.040004 0.063565
v -0.007439 0.039927 0.063181
v -0.007439 0.040004 0.063565
v -0.007500 0.040000 0.063565
v -0.007439 0.039927 0.063181
v -0.007500 0.039924 0.063182
v -0.007439 0.039927 0.063181
v -0.007500 0.039924 0.063182
v -0.007439 0.039710 0.062855
v -0.007500 0.039707 0.062858
v -0.007439 0.039710 0.062855
v -0.007500 0.039707 0.062858
v -0.007439 0.039384 0.062638
v -0.007500 0.039383 0.062641
v -0.007439 0.039000 0.062561
v -0.007250 0.039000 0.062498
v -0.007220 0.039416 0.062562
v -0.007220 0.040086 0.063565
v -0.007250 0.040067 0.063565
v -0.007220 0.040003 0.063149
v -0.007220 0.040003 0.063149
v -0.007250 0.040067 0.063565
v -0.007439 0.039927 0.063181
v -0.007220 0.040003 0.063149
v -0.007439 0.039927 0.063181
v -0.007220 0.039768 0.062797
v -0.007439 0.039710 0.062855
v -0.007220 0.039768 0.062797
v -0.007439 0.039710 0.062855
v -0.007220 0.039416 0.062562
v -0.007439 0.039384 0.062638
v -0.007220 0.039416 0.062562
v -0.007439 0.039384 0.062638
v -0.007439 0.039000 0.062561
v -0.007439 0.039000 0.062561
v -0.007439 0.039384 0.062638
v -0.007500 0.039383 0.062641
v -0.007500 0.039000 0.062565
v -0.007067 0.039000 0.062315
v -0.007060 0.039483 0.062398
v -0.007220 0.039000 0.062479
v -0.007060 0.040263 0.063565
v -0.007067 0.040250 0.063565
v -0.007060 0.040167 0.063082
v -0.007060 0.040167 0.063082
v -0.007067 0.040250 0.063565
v -0.007220 0.040003 0.063149
v -0.007060 0.040167 0.063082
v -0.007220 0.040003 0.063149
v -0.007060 0.039893 0.062672
v -0.007220 0.039768 0.062797
v -0.007060 0.039893 0.062672
v -0.007220 0.039768 0.062797
v -0.007060 0.039483 0.062398
v -0.007220 0.039416 0.062562
v -0.007060 0.039483 0.062398
v -0.007220 0.039416 0.062562
v -0.007220 0.039000 0.062479
v -0.007220 0.039000 0.062479
v -0.007220 0.039416 0.062562
v -0.007250 0.039000 0.062498
v -0.007000 0.040500 0.063565
v -0.007060 0.040263 0.063565
v -0.007000 0.040386 0.062991
v -0.007060 0.040167 0.063082
v -0.007000 0.040386 0.062991
v -0.007060 0.040167 0.063082
v -0.007000 0.040061 0.062504
v -0.007060 0.039893 0.062672
v -0.007000 0.040061 0.062504
v -0.007060 0.039893 0.062672
v -0.007000 0.039574 0.062179
v -0.007060 0.039483 0.062398
v -0.007000 0.039574 0.062179
v -0.007060 0.039483 0.062398
v -0.007000 0.039000 0.062065
v -0.007060 0.039000 0.062302
v -0.007250 -0.040067 0.063565
v -0.007086 -0.040220 0.063565
v -0.007086 -0.040127 0.063098
v -0.007250 -0.039000 0.062498
v -0.007263 -0.039000 0.062505
v -0.007263 -0.039406 0.062586
v -0.007004 -0.040439 0.063565
v -0.007000 -0.040500 0.063565
v -0.007004 -0.040329 0.063014
v -0.007000 -0.040386 0.062991
v -0.007004 -0.040329 0.063014
v -0.007000 -0.040386 0.062991
v -0.007004 -0.040018 0.062547
v -0.007000 -0.040061 0.062504
v -0.007004 -0.040018 0.062547
v -0.007000 -0.040061 0.062504
v -0.007004 -0.039551 0.062236
v -0.007000 -0.039574 0.062179
v -0.007004 -0.039551 0.062236
v -0.007000 -0.039574 0.062179
v -0.007004 -0.039000 0.062126
v -0.007000 -0.039000 0.062065
v -0.007004 -0.039000 0.062126
v -0.007067 -0.039000 0.062315
v -0.007004 -0.039551 0.062236
v -0.007004 -0.039551 0.062236
v -0.007067 -0.039000 0.062315
v -0.007086 -0.039467 0.062438
v -0.007004 -0.039551 0.062236
v -0.007086 -0.039467 0.062438
v -0.007004 -0.040018 0.062547
v -0.007086 -0.039863 0.062702
v -0.007004 -0.040018 0.062547
v -0.007086 -0.039863 0.062702
v -0.007004 -0.040329 0.063014
v -0.007086 -0.040127 0.063098
v -0.007086 -0.040127 0.063098
v -0.007086 -0.040220 0.063565
v -0.007004 -0.040329 0.063014
v -0.007004 -0.040329 0.063014
v -0.007086 -0.040220 0.063565
v -0.007067 -0.040250 0.063565
v -0.007004 -0.040329 0.063014
v -0.007067 -0.040250 0.063565
v -0.007004 -0.040439 0.063565
v -0.007250 -0.039000 0.062498
v -0.007263 -0.039406 0.062586
v -0.007086 -0.039000 0.062345
v -0.007263 -0.040060 0.063565
v -0.007250 -0.040067 0.063565
v -0.007263 -0.039979 0.063160
v -0.007263 -0.039979 0.063160
v -0.007250 -0.040067 0.063565
v -0.007086 -0.040127 0.063098
v -0.007263 -0.039979 0.063160
v -0.007086 -0.040127 0.063098
v -0.007263 -0.039749 0.062816
v -0.007086 -0.039863 0.062702
v -0.007263 -0.039749 0.062816
v -0.007086 -0.039863 0.062702
v -0.007263 -0.039406 0.062586
v -0.007086 -0.039467 0.062438
v -0.007263 -0.039406 0.062586
v -0.007086 -0.039467 0.062438
v -0.007086 -0.039000 0.062345
v -0.007086 -0.039000 0.062345
v -0.007086 -0.039467 0.062438
v -0.007067 -0.039000 0.062315
v -0.007500 -0.040000 0.063565
v -0.007263 -0.040060 0.063565
v -0.007500 -0.039924 0.063182
v -0.007263 -0.039979 0.063160
v -0.007500 -0.039924 0.063182
v -0.007263 -0.039979 0.063160
v -0.007500 -0.039707 0.062858
v -0.007263 -0.039749 0.062816
v -0.007500 -0.039707 0.062858
v -0.007263 -0.039749 0.062816
v -0.007500 -0.039383 0.062641
v -0.007263 -0.039406 0.062586
v -0.007500 -0.039383 0.062641
v -0.007263 -0.039406 0.062586
v -0.007500 -0.039000 0.062565
v -0.007263 -0.039000 0.062505
v -0.007000 -0.055250 0.062266
v -0.007000 -0.054701 0.062815
v -0.007004 -0.054754 0.062845
v -0.007067 -0.056000 0.062315
v -0.007004 -0.056000 0.062126
v -0.007004 -0.055280 0.062319
v -0.007004 -0.055280 0.062319
v -0.007004 -0.056000 0.062126
v -0.007000 -0.056000 0.062065
v -0.007000 -0.055250 0.062266
v -0.007250 -0.054933 0.063565
v -0.007263 -0.055082 0.063035
v -0.007086 -0.054780 0.063565
v -0.007086 -0.054780 0.063565
v -0.007263 -0.055082 0.063035
v -0.007086 -0.054943 0.062955
v -0.007086 -0.054780 0.063565
v -0.007086 -0.054943 0.062955
v -0.007067 -0.054750 0.063565
v -0.007067 -0.054750 0.063565
v -0.007086 -0.054943 0.062955
v -0.007004 -0.054754 0.062845
v -0.007067 -0.054750 0.063565
v -0.007004 -0.054754 0.062845
v -0.007004 -0.054561 0.063565
v -0.007004 -0.054561 0.063565
v -0.007004 -0.054754 0.062845
v -0.007000 -0.054701 0.062815
v -0.007000 -0.054500 0.063565
v -0.007250 -0.054933 0.063565
v -0.007263 -0.054940 0.063565
v -0.007263 -0.055082 0.063035
v -0.007263 -0.055082 0.063035
v -0.007263 -0.054940 0.063565
v -0.007500 -0.055000 0.063565
v -0.007500 -0.055134 0.063065
v -0.007004 -0.055280 0.062319
v -0.007004 -0.055280 0.062319
v -0.007004 -0.054754 0.062845
v -0.007086 -0.054943 0.062955
v -0.007086 -0.055390 0.062508
v -0.007086 -0.055390 0.062508
v -0.007086 -0.054943 0.062955
v -0.007263 -0.055082 0.063035
v -0.007263 -0.055470 0.062647
v -0.007263 -0.055470 0.062647
v -0.007263 -0.055082 0.063035
v -0.007500 -0.055134 0.063065
v -0.007500 -0.055500 0.062699
v -0.007067 -0.056000 0.062315
v -0.007004 -0.055280 0.062319
v -0.007086 -0.056000 0.062345
v -0.007086 -0.056000 0.062345
v -0.007004 -0.055280 0.062319
v -0.007086 -0.055390 0.062508
v -0.007086 -0.056000 0.062345
v -0.007086 -0.055390 0.062508
v -0.007250 -0.056000 0.062498
v -0.007250 -0.056000 0.062498
v -0.007086 -0.055390 0.062508
v -0.007263 -0.055470 0.062647
v -0.007250 -0.056000 0.062498
v -0.007263 -0.055470 0.062647
v -0.007263 -0.056000 0.062505
v -0.007263 -0.056000 0.062505
v -0.007263 -0.055470 0.062647
v -0.007500 -0.055500 0.062699
v -0.007500 -0.056000 0.062565
v -0.007250 -0.067433 0.030893
v -0.007439 -0.067496 0.030893
v -0.007439 -0.067649 0.030127
v -0.007439 -0.067649 0.030127
v -0.007439 -0.067496 0.030893
v -0.007500 -0.067500 0.030893
v -0.007500 -0.067652 0.030128
v -0.007220 -0.067414 0.030893
v -0.007250 -0.067433 0.030893
v -0.007220 -0.067573 0.030095
v -0.007220 -0.067573 0.030095
v -0.007250 -0.067433 0.030893
v -0.007439 -0.067649 0.030127
v -0.007220 -0.067573 0.030095
v -0.007439 -0.067649 0.030127
v -0.007439 -0.068083 0.029477
v -0.007439 -0.068083 0.029477
v -0.007439 -0.067649 0.030127
v -0.007500 -0.067652 0.030128
v -0.007500 -0.068086 0.029479
v -0.007439 -0.068083 0.029477
v -0.007309 -0.068059 0.029452
v -0.007220 -0.067573 0.030095
v -0.007220 -0.067573 0.030095
v -0.007309 -0.068059 0.029452
v -0.007220 -0.068025 0.029419
v -0.007220 -0.067573 0.030095
v -0.007220 -0.068025 0.029419
v -0.007060 -0.067409 0.030027
v -0.007220 -0.068025 0.029419
v -0.007146 -0.067982 0.029376
v -0.007060 -0.067409 0.030027
v -0.007060 -0.067409 0.030027
v -0.007146 -0.067982 0.029376
v -0.007060 -0.067900 0.029293
v -0.007060 -0.067409 0.030027
v -0.007060 -0.067900 0.029293
v -0.007000 -0.067190 0.029937
v -0.007000 -0.067190 0.029937
v -0.007060 -0.067900 0.029293
v -0.007038 -0.067868 0.029261
v -0.007000 -0.067190 0.029937
v -0.007038 -0.067868 0.029261
v -0.007000 -0.067732 0.029126
v -0.007220 -0.067414 0.030893
v -0.007220 -0.067573 0.030095
v -0.007067 -0.067250 0.030893
v -0.007067 -0.067250 0.030893
v -0.007220 -0.067573 0.030095
v -0.007060 -0.067409 0.030027
v -0.007067 -0.067250 0.030893
v -0.007060 -0.067409 0.030027
v -0.007060 -0.067237 0.030893
v -0.007060 -0.067237 0.030893
v -0.007060 -0.067409 0.030027
v -0.007000 -0.067190 0.029937
v -0.007000 -0.067000 0.030893
v -0.007250 -0.068038 -0.029302
v -0.007439 -0.068083 -0.029347
v -0.007439 -0.067649 -0.029997
v -0.007439 -0.067649 -0.029997
v -0.007439 -0.068083 -0.029347
v -0.007500 -0.068086 -0.029349
v -0.007500 -0.067652 -0.029998
v -0.007220 -0.068025 -0.029289
v -0.007250 -0.068038 -0.029302
v -0.007220 -0.067573 -0.029965
v -0.007220 -0.067573 -0.029965
v -0.007250 -0.068038 -0.029302
v -0.007439 -0.067649 -0.029997
v -0.007220 -0.067573 -0.029965
v -0.007439 -0.067649 -0.029997
v -0.007439 -0.067496 -0.030763
v -0.007439 -0.067496 -0.030763
v -0.007439 -0.067649 -0.029997
v -0.007500 -0.067652 -0.029998
v -0.007500 -0.067500 -0.030763
v -0.007439 -0.067496 -0.030763
v -0.007250 -0.067433 -0.030763
v -0.007220 -0.067573 -0.029965
v -0.007220 -0.067573 -0.029965
v -0.007250 -0.067433 -0.030763
v -0.007220 -0.067414 -0.030763
v -0.007220 -0.067573 -0.029965
v -0.007220 -0.067414 -0.030763
v -0.007060 -0.067409 -0.029897
v -0.007060 -0.067409 -0.029897
v -0.007220 -0.067414 -0.030763
v -0.007067 -0.067250 -0.030763
v -0.007067 -0.067250 -0.030763
v -0.007060 -0.067237 -0.030763
v -0.007060 -0.067409 -0.029897
v -0.007060 -0.067409 -0.029897
v -0.007060 -0.067237 -0.030763
v -0.007000 -0.067000 -0.030763
v -0.007000 -0.067190 -0.029807
v -0.007220 -0.068025 -0.029289
v -0.007220 -0.067573 -0.029965
v -0.007067 -0.067909 -0.029172
v -0.007067 -0.067909 -0.029172
v -0.007220 -0.067573 -0.029965
v -0.007060 -0.067409 -0.029897
v -0.007067 -0.067909 -0.029172
v -0.007060 -0.067409 -0.029897
v -0.007060 -0.067900 -0.029163
v -0.007060 -0.067900 -0.029163
v -0.007060 -0.067409 -0.029897
v -0.007000 -0.067190 -0.029807
v -0.007000 -0.067732 -0.028996
v -0.007000 0.067190 -0.029807
v -0.007000 0.067000 -0.030763
v -0.007004 0.067061 -0.030763
v -0.007004 0.067775 -0.029039
v -0.007000 0.067732 -0.028996
v -0.007004 0.067247 -0.029830
v -0.007000 0.067190 -0.029807
v -0.007004 0.067247 -0.029830
v -0.007004 0.067247 -0.029830
v -0.007004 0.067061 -0.030763
v -0.007067 0.067250 -0.030763
v -0.007004 0.067247 -0.029830
v -0.007067 0.067250 -0.030763
v -0.007086 0.067449 -0.029914
v -0.007086 0.067280 -0.030763
v -0.007250 0.067433 -0.030763
v -0.007263 0.067597 -0.029975
v -0.007263 0.068044 -0.029307
v -0.007146 0.067982 -0.029246
v -0.007086 0.067449 -0.029914
v -0.007086 0.067449 -0.029914
v -0.007146 0.067982 -0.029246
v -0.007086 0.067930 -0.029194
v -0.007086 0.067449 -0.029914
v -0.007086 0.067930 -0.029194
v -0.007004 0.067247 -0.029830
v -0.007004 0.067247 -0.029830
v -0.007086 0.067930 -0.029194
v -0.007038 0.067868 -0.029131
v -0.007004 0.067247 -0.029830
v -0.007038 0.067868 -0.029131
v -0.007004 0.067775 -0.029039
v -0.007250 0.067433 -0.030763
v -0.007263 0.067440 -0.030763
v -0.007263 0.067597 -0.029975
v -0.007263 0.067597 -0.029975
v -0.007263 0.067440 -0.030763
v -0.007500 0.067500 -0.030763
v -0.007500 0.067652 -0.029998
v -0.007067 0.067250 -0.030763
v -0.007086 0.067280 -0.030763
v -0.007086 0.067449 -0.029914
v -0.007086 0.067449 -0.029914
v -0.007086 0.067280 -0.030763
v -0.007263 0.067597 -0.029975
v -0.007086 0.067449 -0.029914
v -0.007263 0.067597 -0.029975
v -0.007263 0.068044 -0.029307
v -0.007263 0.068044 -0.029307
v -0.007263 0.067597 -0.029975
v -0.007500 0.067652 -0.029998
v -0.007500 0.068086 -0.029349
v -0.007067 0.067250 0.030893
v -0.007004 0.067061 0.030893
v -0.007004 0.067247 0.029960
v -0.007004 0.067247 0.029960
v -0.007004 0.067061 0.030893
v -0.007000 0.067000 0.030893
v -0.007000 0.067190 0.029937
v -0.007250 0.068038 0.029432
v -0.007263 0.067597 0.030105
v -0.007086 0.067930 0.029324
v -0.007086 0.067930 0.029324
v -0.007263 0.067597 0.030105
v -0.007086 0.067449 0.030044
v -0.007086 0.067930 0.029324
v -0.007086 0.067449 0.030044
v -0.007067 0.067909 0.029302
v -0.007067 0.067909 0.029302
v -0.007086 0.067449 0.030044
v -0.007004 0.067247 0.029960
v -0.007067 0.067909 0.029302
v -0.007004 0.067247 0.029960
v -0.007004 0.067775 0.029169
v -0.007004 0.067775 0.029169
v -0.007004 0.067247 0.029960
v -0.007000 0.067190 0.029937
v -0.007000 0.067732 0.029126
v -0.007250 0.068038 0.029432
v -0.007263 0.068044 0.029437
v -0.007263 0.067597 0.030105
v -0.007263 0.067597 0.030105
v -0.007263 0.068044 0.029437
v -0.007500 0.068086 0.029479
v -0.007500 0.067652 0.030128
v -0.007067 0.067250 0.030893
v -0.007004 0.067247 0.029960
v -0.007086 0.067280 0.030893
v -0.007086 0.067280 0.030893
v -0.007004 0.067247 0.029960
v -0.007086 0.067449 0.030044
v -0.007086 0.067280 0.030893
v -0.007086 0.067449 0.030044
v -0.007250 0.067433 0.030893
v -0.007250 0.067433 0.030893
v -0.007086 0.067449 0.030044
v -0.007263 0.067597 0.030105
v -0.007250 0.067433 0.030893
v -0.007263 0.067597 0.030105
v -0.007263 0.067440 0.030893
v -0.007263 0.067440 0.030893
v -0.007263 0.067597 0.030105
v -0.007500 0.067652 0.030128
v -0.007500 0.067500 0.030893
v -0.007067 0.056000 0.062315
v -0.007220 0.056000 0.062479
v -0.007220 0.055585 0.062562
v -0.007067 0.054750 0.063565
v -0.007060 0.054737 0.063565
v -0.007060 0.054833 0.063082
v -0.007250 0.056000 0.062498
v -0.007439 0.056000 0.062561
v -0.007439 0.055616 0.062638
v -0.007439 0.056000 0.062561
v -0.007500 0.056000 0.062565
v -0.007439 0.055616 0.062638
v -0.007500 0.055617 0.062641
v -0.007439 0.055616 0.062638
v -0.007500 0.055617 0.062641
v -0.007439 0.055290 0.062855
v -0.007500 0.055293 0.062858
v -0.007439 0.055290 0.062855
v -0.007500 0.055293 0.062858
v -0.007439 0.055073 0.063181
v -0.007500 0.055076 0.063182
v -0.007439 0.054996 0.063565
v -0.007250 0.054933 0.063565
v -0.007220 0.054997 0.063149
v -0.007220 0.056000 0.062479
v -0.007250 0.056000 0.062498
v -0.007220 0.055585 0.062562
v -0.007220 0.055585 0.062562
v -0.007250 0.056000 0.062498
v -0.007439 0.055616 0.062638
v -0.007220 0.055585 0.062562
v -0.007439 0.055616 0.062638
v -0.007220 0.055232 0.062797
v -0.007439 0.055290 0.062855
v -0.007220 0.055232 0.062797
v -0.007439 0.055290 0.062855
v -0.007220 0.054997 0.063149
v -0.007439 0.055073 0.063181
v -0.007220 0.054997 0.063149
v -0.007439 0.055073 0.063181
v -0.007439 0.054996 0.063565
v -0.007439 0.054996 0.063565
v -0.007439 0.055073 0.063181
v -0.007500 0.055076 0.063182
v -0.007500 0.055000 0.063565
v -0.007067 0.054750 0.063565
v -0.007060 0.054833 0.063082
v -0.007220 0.054914 0.063565
v -0.007060 0.056000 0.062302
v -0.007067 0.056000 0.062315
v -0.007060 0.055517 0.062398
v -0.007060 0.055517 0.062398
v -0.007067 0.056000 0.062315
v -0.007220 0.055585 0.062562
v -0.007060 0.055517 0.062398
v -0.007220 0.055585 0.062562
v -0.007060 0.055107 0.062672
v -0.007220 0.055232 0.062797
v -0.007060 0.055107 0.062672
v -0.007220 0.055232 0.062797
v -0.007060 0.054833 0.063082
v -0.007220 0.054997 0.063149
v -0.007060 0.054833 0.063082
v -0.007220 0.054997 0.063149
v -0.007220 0.054914 0.063565
v -0.007220 0.054914 0.063565
v -0.007220 0.054997 0.063149
v -0.007250 0.054933 0.063565
v -0.007000 0.056000 0.062065
v -0.007060 0.056000 0.062302
v -0.007000 0.055426 0.062179
v -0.007060 0.055517 0.062398
v -0.007000 0.055426 0.062179
v -0.007060 0.055517 0.062398
v -0.007000 0.054939 0.062504
v -0.007060 0.055107 0.062672
v -0.007000 0.054939 0.062504
v -0.007060 0.055107 0.062672
v -0.007000 0.054614 0.062991
v -0.007060 0.054833 0.063082
v -0.007000 0.054614 0.062991
v -0.007060 0.054833 0.063082
v -0.007000 0.054500 0.063565
v -0.007060 0.054737 0.063565
v -0.016000 0.029315 0.017853
v -0.016000 0.025621 0.015936
v -0.016000 0.026315 0.014853
v -0.016000 0.029500 0.016815
v -0.016000 0.026500 0.013815
v -0.016000 0.029500 -0.021185
v -0.016000 0.026500 -0.018185
v -0.016000 0.026315 -0.019223
v -0.016000 0.029315 -0.022223
v -0.016000 0.025621 -0.020306
v -0.016000 0.028621 -0.023306
v -0.016000 -0.026500 -0.024185
v -0.016000 -0.024538 -0.021000
v -0.016000 -0.027538 -0.024000
v -0.016000 -0.025621 -0.020306
v -0.016000 -0.028621 -0.023306
v -0.016000 0.026500 0.019815
v -0.016000 0.024538 0.016630
v -0.016000 0.027538 0.019630
v -0.016000 0.028621 0.018936
v -0.016000 -0.029500 0.016815
v -0.016000 -0.026315 0.014853
v -0.016000 -0.029315 0.017853
v -0.016000 -0.025621 0.015936
v -0.016000 -0.028621 0.018936
v -0.016000 -0.027538 0.019630
v -0.016000 -0.024538 0.016630
v -0.016000 -0.026500 0.019815
v -0.016000 -0.023500 0.016815
v -0.016000 0.023500 0.016815
v -0.016000 0.027538 -0.024000
v -0.016000 0.024538 -0.021000
v -0.016000 0.026500 -0.024185
v -0.016000 0.023500 -0.021185
v -0.016000 -0.023500 -0.021185
v -0.016000 -0.029315 -0.022223
v -0.016000 -0.026315 -0.019223
v -0.016000 -0.029500 -0.021185
v -0.016000 -0.026500 -0.018185
v -0.016000 -0.026500 0.013815
v -0.016500 -0.044500 0.059065
v -0.016500 -0.044500 0.045875
v -0.016696 -0.044481 0.045875
v -0.016500 -0.044500 0.059065
v -0.016696 -0.044481 0.045875
v -0.016848 -0.044438 0.059065
v -0.016848 -0.044438 0.059065
v -0.016696 -0.044481 0.045875
v -0.016848 -0.044438 0.045875
v -0.016848 -0.044438 0.059065
v -0.016848 -0.044438 0.045875
v -0.016965 -0.044386 0.059065
v -0.016965 -0.044386 0.059065
v -0.016848 -0.044438 0.045875
v -0.017065 -0.044325 0.045875
v -0.016965 -0.044386 0.059065
v -0.017065 -0.044325 0.045875
v -0.017210 -0.044204 0.059065
v -0.017210 -0.044204 0.059065
v -0.017065 -0.044325 0.045875
v -0.017130 -0.044277 0.045875
v -0.017210 -0.044204 0.059065
v -0.017130 -0.044277 0.045875
v -0.017322 -0.044069 0.059065
v -0.017322 -0.044069 0.059065
v -0.017130 -0.044277 0.045875
v -0.017388 -0.043960 0.045875
v -0.017322 -0.044069 0.059065
v -0.017388 -0.043960 0.045875
v -0.017441 -0.043839 0.059065
v -0.017441 -0.043839 0.059065
v -0.017388 -0.043960 0.045875
v -0.017484 -0.043679 0.059065
v -0.017484 -0.043679 0.059065
v -0.017388 -0.043960 0.045875
v -0.017500 -0.043500 0.045875
v -0.017484 -0.043679 0.059065
v -0.017500 -0.043500 0.045875
v -0.017500 -0.043500 0.059065
v -0.017065 -0.043202 0.044190
v -0.017383 -0.043065 0.044519
v -0.017383 -0.043543 0.044841
v -0.017065 -0.044191 0.045187
v -0.017065 -0.044325 0.045875
v -0.016848 -0.044438 0.045875
v -0.017383 -0.043861 0.045322
v -0.017388 -0.043960 0.045875
v -0.017130 -0.044277 0.045875
v -0.017500 -0.043386 0.045411
v -0.017383 -0.043543 0.044841
v -0.017500 -0.043073 0.045055
v -0.017500 -0.043073 0.045055
v -0.017383 -0.043543 0.044841
v -0.017383 -0.043065 0.044519
v -0.017500 -0.043073 0.045055
v -0.017383 -0.043065 0.044519
v -0.017500 -0.042631 0.044884
v -0.017065 -0.043796 0.044590
v -0.017383 -0.043861 0.045322
v -0.017065 -0.044191 0.045187
v -0.017065 -0.044191 0.045187
v -0.017383 -0.043861 0.045322
v -0.017130 -0.044277 0.045875
v -0.017065 -0.044191 0.045187
v -0.017130 -0.044277 0.045875
v -0.017065 -0.044325 0.045875
v -0.017500 -0.042500 0.044875
v -0.017500 -0.042631 0.044884
v -0.017383 -0.042500 0.044406
v -0.017383 -0.042500 0.044406
v -0.017500 -0.042631 0.044884
v -0.017383 -0.043065 0.044519
v -0.017383 -0.042500 0.044406
v -0.017383 -0.043065 0.044519
v -0.017366 -0.042500 0.044375
v -0.017366 -0.042500 0.044375
v -0.017383 -0.043065 0.044519
v -0.017065 -0.043202 0.044190
v -0.017366 -0.042500 0.044375
v -0.017065 -0.043202 0.044190
v -0.017065 -0.042500 0.044050
v -0.017065 -0.042500 0.044050
v -0.017065 -0.043202 0.044190
v -0.017000 -0.042500 0.044009
v -0.016628 -0.043266 0.044036
v -0.017065 -0.043796 0.044590
v -0.016628 -0.043914 0.044473
v -0.016628 -0.043914 0.044473
v -0.017065 -0.043796 0.044590
v -0.017065 -0.044191 0.045187
v -0.016628 -0.044345 0.045125
v -0.016628 -0.044345 0.045125
v -0.017065 -0.044191 0.045187
v -0.016848 -0.044438 0.045875
v -0.016628 -0.044345 0.045125
v -0.016848 -0.044438 0.045875
v -0.016696 -0.044481 0.045875
v -0.016628 -0.042500 0.043883
v -0.017000 -0.042500 0.044009
v -0.016628 -0.043266 0.044036
v -0.016628 -0.043266 0.044036
v -0.017000 -0.042500 0.044009
v -0.017065 -0.043202 0.044190
v -0.017065 -0.043202 0.044190
v -0.017065 -0.043796 0.044590
v -0.017383 -0.043543 0.044841
v -0.017383 -0.043861 0.045322
v -0.017383 -0.043543 0.044841
v -0.017500 -0.043386 0.045411
v -0.017383 -0.043861 0.045322
v -0.017500 -0.043386 0.045411
v -0.017388 -0.043960 0.045875
v -0.017388 -0.043960 0.045875
v -0.017500 -0.043386 0.045411
v -0.017500 -0.043500 0.045875
v -0.016500 -0.042500 0.043875
v -0.016628 -0.042500 0.043883
v -0.016500 -0.043269 0.044029
v -0.016628 -0.043266 0.044036
v -0.016500 -0.043269 0.044029
v -0.016628 -0.043266 0.044036
v -0.016500 -0.043920 0.044467
v -0.016628 -0.043914 0.044473
v -0.016500 -0.043920 0.044467
v -0.016628 -0.043914 0.044473
v -0.016500 -0.044353 0.045121
v -0.016628 -0.044345 0.045125
v -0.016500 -0.044353 0.045121
v -0.016628 -0.044345 0.045125
v -0.016500 -0.044500 0.045875
v -0.016500 -0.044500 0.045875
v -0.016628 -0.044345 0.045125
v -0.016696 -0.044481 0.045875
v -0.013865 -0.037933 0.043875
v -0.013000 -0.037500 0.043922
v -0.013000 -0.037074 0.044069
v -0.013865 -0.037933 0.043875
v -0.013000 -0.037074 0.044069
v -0.016500 -0.037933 0.043875
v -0.013000 -0.036382 0.044612
v -0.016500 -0.036382 0.044612
v -0.013000 -0.037074 0.044069
v -0.016500 -0.037074 0.044069
v -0.016500 -0.037074 0.044069
v -0.017500 -0.037933 0.044875
v -0.017500 -0.042500 0.044875
v -0.017427 -0.037933 0.044500
v -0.017427 -0.037933 0.044500
v -0.017500 -0.042500 0.044875
v -0.017383 -0.042500 0.044406
v -0.017427 -0.037933 0.044500
v -0.017383 -0.042500 0.044406
v -0.017366 -0.037933 0.044375
v -0.017366 -0.037933 0.044375
v -0.017383 -0.042500 0.044406
v -0.017366 -0.042500 0.044375
v -0.017366 -0.037933 0.044375
v -0.017366 -0.042500 0.044375
v -0.017211 -0.037933 0.044172
v -0.017211 -0.037933 0.044172
v -0.017366 -0.042500 0.044375
v -0.017065 -0.042500 0.044050
v -0.017211 -0.037933 0.044172
v -0.017065 -0.042500 0.044050
v -0.017000 -0.037933 0.044009
v -0.017000 -0.037933 0.044009
v -0.017065 -0.042500 0.044050
v -0.017000 -0.042500 0.044009
v -0.017000 -0.037933 0.044009
v -0.017000 -0.042500 0.044009
v -0.016885 -0.037933 0.043952
v -0.016885 -0.037933 0.043952
v -0.017000 -0.042500 0.044009
v -0.016628 -0.042500 0.043883
v -0.016885 -0.037933 0.043952
v -0.016628 -0.042500 0.043883
v -0.016500 -0.037933 0.043875
v -0.016500 -0.037933 0.043875
v -0.016628 -0.042500 0.043883
v -0.016500 -0.042500 0.043875
v -0.013865 -0.057067 0.043875
v -0.016500 -0.057067 0.043875
v -0.016500 -0.057931 0.044071
v -0.013000 -0.057500 0.043922
v -0.013865 -0.057067 0.043875
v -0.013000 -0.057926 0.044069
v -0.013000 -0.057926 0.044069
v -0.013000 -0.057926 0.044069
v -0.016500 -0.057931 0.044071
v -0.013000 -0.058618 0.044612
v -0.016500 -0.058618 0.044612
v -0.017322 -0.052500 0.044306
v -0.017210 -0.052500 0.044171
v -0.017210 -0.051919 0.044273
v -0.016679 -0.050516 0.045875
v -0.016848 -0.050563 0.045875
v -0.016848 -0.050679 0.045214
v -0.017069 -0.050678 0.045875
v -0.017210 -0.050796 0.045875
v -0.017210 -0.050898 0.045294
v -0.017484 -0.052500 0.044696
v -0.017441 -0.052500 0.044536
v -0.017441 -0.052043 0.044616
v -0.017500 -0.052036 0.044989
v -0.017500 -0.052500 0.044875
v -0.017484 -0.052500 0.044696
v -0.017484 -0.052500 0.044696
v -0.017441 -0.052043 0.044616
v -0.017500 -0.052036 0.044989
v -0.017500 -0.052036 0.044989
v -0.017441 -0.052043 0.044616
v -0.017441 -0.051553 0.044928
v -0.017500 -0.052036 0.044989
v -0.017441 -0.051553 0.044928
v -0.017500 -0.051680 0.045302
v -0.017500 -0.051680 0.045302
v -0.017441 -0.051553 0.044928
v -0.017441 -0.051241 0.045418
v -0.017500 -0.051680 0.045302
v -0.017441 -0.051241 0.045418
v -0.017500 -0.051509 0.045744
v -0.017500 -0.051509 0.045744
v -0.017441 -0.051241 0.045418
v -0.017385 -0.051036 0.045875
v -0.017500 -0.051509 0.045744
v -0.017385 -0.051036 0.045875
v -0.017500 -0.051500 0.045875
v -0.016500 -0.050500 0.045875
v -0.016679 -0.050516 0.045875
v -0.016500 -0.050620 0.045192
v -0.016500 -0.050620 0.045192
v -0.016679 -0.050516 0.045875
v -0.016848 -0.050679 0.045214
v -0.016500 -0.050620 0.045192
v -0.016848 -0.050679 0.045214
v -0.016500 -0.051086 0.044461
v -0.016848 -0.051130 0.044505
v -0.016500 -0.051086 0.044461
v -0.016848 -0.051130 0.044505
v -0.016500 -0.051817 0.043995
v -0.016848 -0.051839 0.044054
v -0.016500 -0.052500 0.043875
v -0.016500 -0.051817 0.043995
v -0.016848 -0.052500 0.043938
v -0.016848 -0.051839 0.044054
v -0.016848 -0.052500 0.043938
v -0.016848 -0.051839 0.044054
v -0.016965 -0.052500 0.043989
v -0.016848 -0.050563 0.045875
v -0.017069 -0.050678 0.045875
v -0.016848 -0.050679 0.045214
v -0.016848 -0.050679 0.045214
v -0.017069 -0.050678 0.045875
v -0.017210 -0.050898 0.045294
v -0.016848 -0.050679 0.045214
v -0.017210 -0.050898 0.045294
v -0.016848 -0.051130 0.044505
v -0.017210 -0.051295 0.044670
v -0.016848 -0.051130 0.044505
v -0.017210 -0.051295 0.044670
v -0.016848 -0.051839 0.044054
v -0.017210 -0.051919 0.044273
v -0.016848 -0.051839 0.044054
v -0.017210 -0.051919 0.044273
v -0.016965 -0.052500 0.043989
v -0.016965 -0.052500 0.043989
v -0.017210 -0.051919 0.044273
v -0.017210 -0.052500 0.044171
v -0.017210 -0.050796 0.045875
v -0.017385 -0.051036 0.045875
v -0.017210 -0.050898 0.045294
v -0.017210 -0.050898 0.045294
v -0.017385 -0.051036 0.045875
v -0.017441 -0.051241 0.045418
v -0.017210 -0.050898 0.045294
v -0.017441 -0.051241 0.045418
v -0.017210 -0.051295 0.044670
v -0.017441 -0.051553 0.044928
v -0.017210 -0.051295 0.044670
v -0.017441 -0.051553 0.044928
v -0.017210 -0.051919 0.044273
v -0.017441 -0.052043 0.044616
v -0.017210 -0.051919 0.044273
v -0.017441 -0.052043 0.044616
v -0.017322 -0.052500 0.044306
v -0.017322 -0.052500 0.044306
v -0.017441 -0.052043 0.044616
v -0.017441 -0.052500 0.044536
v -0.016965 -0.050614 0.059065
v -0.016628 -0.050508 0.059065
v -0.016628 -0.050657 0.059819
v -0.017484 -0.051321 0.059065
v -0.017383 -0.051031 0.059065
v -0.017383 -0.051140 0.059621
v -0.017500 -0.051614 0.059529
v -0.017500 -0.051500 0.059065
v -0.017484 -0.051321 0.059065
v -0.017484 -0.051321 0.059065
v -0.017383 -0.051140 0.059621
v -0.017500 -0.051614 0.059529
v -0.017500 -0.051614 0.059529
v -0.017383 -0.051140 0.059621
v -0.017383 -0.051461 0.060104
v -0.017500 -0.051614 0.059529
v -0.017383 -0.051461 0.060104
v -0.017500 -0.051927 0.059885
v -0.017500 -0.051927 0.059885
v -0.017383 -0.051461 0.060104
v -0.017383 -0.051944 0.060425
v -0.017500 -0.051927 0.059885
v -0.017383 -0.051944 0.060425
v -0.017500 -0.052369 0.060057
v -0.017500 -0.052369 0.060057
v -0.017383 -0.051944 0.060425
v -0.017386 -0.052500 0.060530
v -0.017500 -0.052369 0.060057
v -0.017386 -0.052500 0.060530
v -0.017500 -0.052500 0.060065
v -0.017065 -0.052500 0.060890
v -0.017069 -0.052500 0.060887
v -0.017065 -0.051809 0.060754
v -0.017065 -0.051809 0.060754
v -0.017069 -0.052500 0.060887
v -0.017207 -0.052500 0.060772
v -0.016628 -0.051746 0.060908
v -0.016679 -0.052500 0.061049
v -0.016846 -0.052500 0.061003
v -0.017383 -0.051031 0.059065
v -0.017322 -0.050931 0.059065
v -0.017065 -0.050811 0.059756
v -0.017322 -0.050931 0.059065
v -0.017210 -0.050796 0.059065
v -0.017065 -0.050811 0.059756
v -0.017065 -0.050811 0.059756
v -0.017210 -0.050796 0.059065
v -0.017065 -0.050675 0.059065
v -0.017065 -0.050811 0.059756
v -0.017065 -0.050675 0.059065
v -0.016965 -0.050614 0.059065
v -0.017383 -0.051031 0.059065
v -0.017065 -0.050811 0.059756
v -0.017383 -0.051140 0.059621
v -0.017383 -0.051140 0.059621
v -0.017065 -0.050811 0.059756
v -0.017065 -0.051209 0.060356
v -0.017383 -0.051461 0.060104
v -0.017383 -0.051461 0.060104
v -0.017065 -0.051209 0.060356
v -0.017065 -0.051809 0.060754
v -0.017383 -0.051944 0.060425
v -0.017383 -0.051944 0.060425
v -0.017065 -0.051809 0.060754
v -0.017207 -0.052500 0.060772
v -0.017383 -0.051944 0.060425
v -0.017207 -0.052500 0.060772
v -0.017386 -0.052500 0.060530
v -0.016965 -0.050614 0.059065
v -0.016628 -0.050657 0.059819
v -0.017065 -0.050811 0.059756
v -0.017065 -0.050811 0.059756
v -0.016628 -0.050657 0.059819
v -0.016628 -0.051092 0.060473
v -0.017065 -0.051209 0.060356
v -0.017065 -0.051209 0.060356
v -0.016628 -0.051092 0.060473
v -0.016628 -0.051746 0.060908
v -0.017065 -0.051809 0.060754
v -0.017065 -0.051809 0.060754
v -0.016628 -0.051746 0.060908
v -0.016846 -0.052500 0.061003
v -0.017065 -0.051809 0.060754
v -0.016846 -0.052500 0.061003
v -0.017065 -0.052500 0.060890
v -0.016500 -0.052500 0.061065
v -0.016679 -0.052500 0.061049
v -0.016500 -0.051743 0.060916
v -0.016500 -0.051743 0.060916
v -0.016679 -0.052500 0.061049
v -0.016628 -0.051746 0.060908
v -0.016500 -0.051743 0.060916
v -0.016628 -0.051746 0.060908
v -0.016500 -0.051086 0.060479
v -0.016628 -0.051092 0.060473
v -0.016500 -0.051086 0.060479
v -0.016628 -0.051092 0.060473
v -0.016500 -0.050649 0.059822
v -0.016628 -0.050657 0.059819
v -0.016500 -0.050649 0.059822
v -0.016628 -0.050657 0.059819
v -0.016500 -0.050500 0.059065
v -0.016628 -0.050508 0.059065
v -0.016500 0.042500 0.061065
v -0.016500 -0.042500 0.061065
v -0.016628 0.042500 0.061057
v -0.016628 0.042500 0.061057
v -0.016500 -0.042500 0.061065
v -0.016679 -0.042500 0.061049
v -0.016628 0.042500 0.061057
v -0.016679 -0.042500 0.061049
v -0.016959 0.042500 0.060954
v -0.016959 0.042500 0.060954
v -0.016679 -0.042500 0.061049
v -0.016848 -0.042500 0.061003
v -0.016959 0.042500 0.060954
v -0.016848 -0.042500 0.061003
v -0.017065 0.042500 0.060890
v -0.017065 0.042500 0.060890
v -0.016848 -0.042500 0.061003
v -0.017069 -0.042500 0.060887
v -0.017065 0.042500 0.060890
v -0.017069 -0.042500 0.060887
v -0.017276 0.042500 0.060696
v -0.017069 -0.042500 0.060887
v -0.017210 -0.042500 0.060769
v -0.017276 0.042500 0.060696
v -0.017276 0.042500 0.060696
v -0.017210 -0.042500 0.060769
v -0.017385 -0.042500 0.060530
v -0.017276 0.042500 0.060696
v -0.017385 -0.042500 0.060530
v -0.017383 0.042500 0.060534
v -0.017383 0.042500 0.060534
v -0.017385 -0.042500 0.060530
v -0.017480 0.042500 0.060262
v -0.017480 0.042500 0.060262
v -0.017385 -0.042500 0.060530
v -0.017500 -0.042500 0.060065
v -0.017480 0.042500 0.060262
v -0.017500 -0.042500 0.060065
v -0.017500 0.042500 0.060065
v -0.016500 -0.061050 0.061065
v -0.007000 -0.061050 0.061065
v -0.016500 -0.061816 0.060913
v -0.007000 -0.061816 0.060913
v -0.016500 -0.061816 0.060913
v -0.007000 -0.061816 0.060913
v -0.016500 -0.062465 0.060479
v -0.007000 -0.062465 0.060479
v -0.007000 0.061050 0.061065
v -0.016500 0.061050 0.061065
v -0.007000 0.061816 0.060913
v -0.016500 0.061816 0.060913
v -0.007000 0.061816 0.060913
v -0.016500 0.061816 0.060913
v -0.007000 0.062465 0.060479
v -0.016500 0.062465 0.060479
v -0.016965 -0.044386 0.059065
v -0.017210 -0.044204 0.059065
v -0.017210 -0.044097 0.059658
v -0.017069 -0.042500 0.060887
v -0.016848 -0.042500 0.061003
v -0.016848 -0.043157 0.060888
v -0.016679 -0.042500 0.061049
v -0.016500 -0.042500 0.061065
v -0.016500 -0.043178 0.060946
v -0.016500 -0.044500 0.059065
v -0.016848 -0.044438 0.059065
v -0.016848 -0.044316 0.059739
v -0.016848 -0.042500 0.061003
v -0.016679 -0.042500 0.061049
v -0.016848 -0.043157 0.060888
v -0.016848 -0.043157 0.060888
v -0.016679 -0.042500 0.061049
v -0.016500 -0.043178 0.060946
v -0.016848 -0.043157 0.060888
v -0.016500 -0.043178 0.060946
v -0.016848 -0.043864 0.060441
v -0.016500 -0.043908 0.060486
v -0.016848 -0.043864 0.060441
v -0.016500 -0.043908 0.060486
v -0.016848 -0.044316 0.059739
v -0.016500 -0.044375 0.059761
v -0.016500 -0.044375 0.059761
v -0.017500 -0.042964 0.059951
v -0.017500 -0.042500 0.060065
v -0.017385 -0.042500 0.060530
v -0.017322 -0.044069 0.059065
v -0.017441 -0.043839 0.059065
v -0.017441 -0.043756 0.059531
v -0.017441 -0.043756 0.059531
v -0.017441 -0.043839 0.059065
v -0.017484 -0.043679 0.059065
v -0.017385 -0.042500 0.060530
v -0.017441 -0.042954 0.060325
v -0.017500 -0.042964 0.059951
v -0.017500 -0.042964 0.059951
v -0.017441 -0.042954 0.060325
v -0.017441 -0.043442 0.060016
v -0.017500 -0.042964 0.059951
v -0.017441 -0.043442 0.060016
v -0.017500 -0.043320 0.059638
v -0.017500 -0.043320 0.059638
v -0.017441 -0.043442 0.060016
v -0.017441 -0.043756 0.059531
v -0.017500 -0.043320 0.059638
v -0.017441 -0.043756 0.059531
v -0.017500 -0.043492 0.059196
v -0.017500 -0.043492 0.059196
v -0.017441 -0.043756 0.059531
v -0.017484 -0.043679 0.059065
v -0.017500 -0.043492 0.059196
v -0.017484 -0.043679 0.059065
v -0.017500 -0.043500 0.059065
v -0.016848 -0.044438 0.059065
v -0.016965 -0.044386 0.059065
v -0.016848 -0.044316 0.059739
v -0.016848 -0.044316 0.059739
v -0.016965 -0.044386 0.059065
v -0.017210 -0.044097 0.059658
v -0.016848 -0.044316 0.059739
v -0.017210 -0.044097 0.059658
v -0.016848 -0.043864 0.060441
v -0.017210 -0.043699 0.060275
v -0.016848 -0.043864 0.060441
v -0.017210 -0.043699 0.060275
v -0.016848 -0.043157 0.060888
v -0.017210 -0.043078 0.060668
v -0.016848 -0.043157 0.060888
v -0.017210 -0.043078 0.060668
v -0.017069 -0.042500 0.060887
v -0.017069 -0.042500 0.060887
v -0.017210 -0.043078 0.060668
v -0.017210 -0.042500 0.060769
v -0.017210 -0.044204 0.059065
v -0.017322 -0.044069 0.059065
v -0.017210 -0.044097 0.059658
v -0.017210 -0.044097 0.059658
v -0.017322 -0.044069 0.059065
v -0.017441 -0.043756 0.059531
v -0.017210 -0.044097 0.059658
v -0.017441 -0.043756 0.059531
v -0.017210 -0.043699 0.060275
v -0.017441 -0.043442 0.060016
v -0.017210 -0.043699 0.060275
v -0.017441 -0.043442 0.060016
v -0.017210 -0.043078 0.060668
v -0.017441 -0.042954 0.060325
v -0.017210 -0.043078 0.060668
v -0.017441 -0.042954 0.060325
v -0.017210 -0.042500 0.060769
v -0.017210 -0.042500 0.060769
v -0.017441 -0.042954 0.060325
v -0.017385 -0.042500 0.060530
v -0.017500 -0.062375 -0.012435
v -0.012500 -0.062375 -0.012435
v -0.017500 -0.062410 -0.012229
v -0.012500 -0.062410 -0.012229
v -0.017500 -0.062410 -0.012229
v -0.012500 -0.062410 -0.012229
v -0.017500 -0.062578 -0.011974
v -0.012500 -0.062578 -0.011974
v -0.017500 -0.062578 -0.011974
v -0.012500 -0.062578 -0.011974
v -0.017500 -0.062847 -0.011829
v -0.012500 -0.062847 -0.011829
v -0.017500 -0.062847 -0.011829
v -0.012500 -0.062847 -0.011829
v -0.017500 -0.063153 -0.011829
v -0.012500 -0.063153 -0.011829
v -0.017500 -0.063153 -0.011829
v -0.012500 -0.063153 -0.011829
v -0.017500 -0.063422 -0.011974
v -0.012500 -0.063422 -0.011974
v -0.017500 -0.063422 -0.011974
v -0.012500 -0.063422 -0.011974
v -0.017500 -0.063590 -0.012229
v -0.012500 -0.063590 -0.012229
v -0.017500 -0.063590 -0.012229
v -0.012500 -0.063590 -0.012229
v -0.017500 -0.063625 -0.012435
v -0.012500 -0.063625 -0.012435
v -0.017500 -0.062375 0.012565
v -0.012500 -0.062375 0.012565
v -0.017500 -0.062410 0.012771
v -0.012500 -0.062410 0.012771
v -0.017500 -0.062410 0.012771
v -0.012500 -0.062410 0.012771
v -0.017500 -0.062578 0.013026
v -0.012500 -0.062578 0.013026
v -0.017500 -0.062578 0.013026
v -0.012500 -0.062578 0.013026
v -0.017500 -0.062847 0.013171
v -0.012500 -0.062847 0.013171
v -0.017500 -0.062847 0.013171
v -0.012500 -0.062847 0.013171
v -0.017500 -0.063153 0.013171
v -0.012500 -0.063153 0.013171
v -0.017500 -0.063153 0.013171
v -0.012500 -0.063153 0.013171
v -0.017500 -0.063422 0.013026
v -0.012500 -0.063422 0.013026
v -0.017500 -0.063422 0.013026
v -0.012500 -0.063422 0.013026
v -0.017500 -0.063590 0.012771
v -0.012500 -0.063590 0.012771
v -0.017500 -0.063590 0.012771
v -0.012500 -0.063590 0.012771
v -0.017500 -0.063625 0.012565
v -0.012500 -0.063625 0.012565
v -0.016500 -0.065414 0.057530
v -0.007000 -0.065414 0.057530
v -0.016500 -0.065848 0.056881
v -0.007000 -0.065848 0.056881
v -0.016500 -0.065848 0.056881
v -0.007000 -0.065848 0.056881
v -0.016500 -0.066000 0.056115
v -0.007000 -0.066000 0.056115
v -0.014700 -0.067000 0.022565
v -0.016500 -0.067000 0.022565
v -0.014700 -0.065400 0.022565
v -0.016500 -0.065400 0.022565
v -0.014700 -0.069000 -0.025485
v -0.007000 -0.069000 -0.025485
v -0.014700 -0.068848 -0.026251
v -0.007000 -0.068848 -0.026251
v -0.014700 -0.068848 -0.026251
v -0.007000 -0.068848 -0.026251
v -0.014700 -0.068414 -0.026899
v -0.007000 -0.068414 -0.026899
v -0.014700 -0.068414 0.027029
v -0.007000 -0.068414 0.027029
v -0.014700 -0.068848 0.026381
v -0.007000 -0.068848 0.026381
v -0.014700 -0.068848 0.026381
v -0.007000 -0.068848 0.026381
v -0.014700 -0.069000 0.025615
v -0.007000 -0.069000 0.025615
v -0.014700 -0.065400 -0.022435
v -0.016500 -0.065400 -0.022435
v -0.014700 -0.067000 -0.022435
v -0.016500 -0.067000 -0.022435
v -0.016500 -0.066000 -0.055985
v -0.007000 -0.066000 -0.055985
v -0.016500 -0.065848 -0.056751
v -0.007000 -0.065848 -0.056751
v -0.016500 -0.065848 -0.056751
v -0.007000 -0.065848 -0.056751
v -0.016500 -0.065414 -0.057400
v -0.007000 -0.065414 -0.057400
v -0.007000 -0.061050 -0.060935
v -0.016500 -0.061050 -0.060935
v -0.007000 -0.061816 -0.060783
v -0.016500 -0.061816 -0.060783
v -0.007000 -0.061816 -0.060783
v -0.016500 -0.061816 -0.060783
v -0.007000 -0.062465 -0.060349
v -0.016500 -0.062465 -0.060349
v -0.016500 0.061050 -0.060935
v -0.007000 0.061050 -0.060935
v -0.016500 0.061816 -0.060783
v -0.007000 0.061816 -0.060783
v -0.016500 0.061816 -0.060783
v -0.007000 0.061816 -0.060783
v -0.016500 0.062465 -0.060349
v -0.007000 0.062465 -0.060349
v -0.017322 -0.057500 -0.060504
v -0.017210 -0.057500 -0.060639
v -0.017210 -0.056922 -0.060538
v -0.017484 -0.057500 -0.060114
v -0.017441 -0.057500 -0.060274
v -0.017441 -0.057046 -0.060195
v -0.017500 -0.057036 -0.059821
v -0.017500 -0.057500 -0.059935
v -0.017484 -0.057500 -0.060114
v -0.017484 -0.057500 -0.060114
v -0.017441 -0.057046 -0.060195
v -0.017500 -0.057036 -0.059821
v -0.017500 -0.057036 -0.059821
v -0.017441 -0.057046 -0.060195
v -0.017441 -0.056557 -0.059886
v -0.017500 -0.057036 -0.059821
v -0.017441 -0.056557 -0.059886
v -0.017500 -0.056680 -0.059508
v -0.017500 -0.056680 -0.059508
v -0.017441 -0.056557 -0.059886
v -0.017441 -0.056244 -0.059401
v -0.017500 -0.056680 -0.059508
v -0.017441 -0.056244 -0.059401
v -0.017500 -0.056509 -0.059066
v -0.017500 -0.056509 -0.059066
v -0.017441 -0.056244 -0.059401
v -0.017438 -0.056154 -0.058935
v -0.017500 -0.056509 -0.059066
v -0.017438 -0.056154 -0.058935
v -0.017500 -0.056500 -0.058935
v -0.016500 -0.055500 -0.058935
v -0.016846 -0.055562 -0.058935
v -0.016500 -0.055625 -0.059631
v -0.016848 -0.055684 -0.059609
v -0.016500 -0.055625 -0.059631
v -0.016848 -0.055684 -0.059609
v -0.016500 -0.056093 -0.060356
v -0.016848 -0.056137 -0.060311
v -0.016500 -0.056093 -0.060356
v -0.016848 -0.056137 -0.060311
v -0.016500 -0.056821 -0.060816
v -0.016848 -0.056843 -0.060758
v -0.016500 -0.057500 -0.060935
v -0.016500 -0.056821 -0.060816
v -0.016848 -0.057500 -0.060872
v -0.016848 -0.056843 -0.060758
v -0.016848 -0.057500 -0.060872
v -0.016848 -0.056843 -0.060758
v -0.016965 -0.057500 -0.060821
v -0.016846 -0.055562 -0.058935
v -0.017207 -0.055793 -0.058935
v -0.016848 -0.055684 -0.059609
v -0.016848 -0.055684 -0.059609
v -0.017207 -0.055793 -0.058935
v -0.017210 -0.055903 -0.059528
v -0.016848 -0.055684 -0.059609
v -0.017210 -0.055903 -0.059528
v -0.016848 -0.056137 -0.060311
v -0.017210 -0.056301 -0.060145
v -0.016848 -0.056137 -0.060311
v -0.017210 -0.056301 -0.060145
v -0.016848 -0.056843 -0.060758
v -0.017210 -0.056922 -0.060538
v -0.016848 -0.056843 -0.060758
v -0.017210 -0.056922 -0.060538
v -0.016965 -0.057500 -0.060821
v -0.016965 -0.057500 -0.060821
v -0.017210 -0.056922 -0.060538
v -0.017210 -0.057500 -0.060639
v -0.017207 -0.055793 -0.058935
v -0.017438 -0.056154 -0.058935
v -0.017210 -0.055903 -0.059528
v -0.017210 -0.055903 -0.059528
v -0.017438 -0.056154 -0.058935
v -0.017441 -0.056244 -0.059401
v -0.017210 -0.055903 -0.059528
v -0.017441 -0.056244 -0.059401
v -0.017210 -0.056301 -0.060145
v -0.017441 -0.056557 -0.059886
v -0.017210 -0.056301 -0.060145
v -0.017441 -0.056557 -0.059886
v -0.017210 -0.056922 -0.060538
v -0.017441 -0.057046 -0.060195
v -0.017210 -0.056922 -0.060538
v -0.017441 -0.057046 -0.060195
v -0.017322 -0.057500 -0.060504
v -0.017322 -0.057500 -0.060504
v -0.017441 -0.057046 -0.060195
v -0.017441 -0.057500 -0.060274
v -0.016846 -0.039438 -0.058935
v -0.016613 -0.039494 -0.058935
v -0.016613 -0.039342 -0.059698
v -0.017210 -0.037500 -0.060639
v -0.017375 -0.037500 -0.060419
v -0.017375 -0.038068 -0.060306
v -0.017500 -0.038073 -0.059755
v -0.017500 -0.037893 -0.059883
v -0.017500 -0.037631 -0.059926
v -0.017500 -0.037631 -0.059926
v -0.017500 -0.037893 -0.059883
v -0.017500 -0.037500 -0.059961
v -0.017500 -0.038448 -0.059328
v -0.017375 -0.038871 -0.059503
v -0.017375 -0.038549 -0.059984
v -0.017375 -0.037500 -0.060419
v -0.017500 -0.037500 -0.059961
v -0.017375 -0.038068 -0.060306
v -0.017500 -0.037893 -0.059883
v -0.017375 -0.038068 -0.060306
v -0.017500 -0.037893 -0.059883
v -0.017500 -0.038225 -0.059660
v -0.017500 -0.038225 -0.059660
v -0.017500 -0.037893 -0.059883
v -0.017500 -0.038073 -0.059755
v -0.017500 -0.038225 -0.059660
v -0.017051 -0.038202 -0.060630
v -0.017375 -0.038549 -0.059984
v -0.017051 -0.038797 -0.060232
v -0.017051 -0.038797 -0.060232
v -0.017375 -0.038549 -0.059984
v -0.017375 -0.038871 -0.059503
v -0.017051 -0.039195 -0.059637
v -0.017051 -0.037500 -0.060769
v -0.017210 -0.037500 -0.060639
v -0.017051 -0.038202 -0.060630
v -0.017051 -0.038202 -0.060630
v -0.017210 -0.037500 -0.060639
v -0.017375 -0.038068 -0.060306
v -0.017375 -0.038068 -0.060306
v -0.017375 -0.038549 -0.059984
v -0.017500 -0.038225 -0.059660
v -0.017500 -0.038448 -0.059328
v -0.017500 -0.038225 -0.059660
v -0.017500 -0.038386 -0.059399
v -0.017500 -0.038448 -0.059328
v -0.017500 -0.038386 -0.059399
v -0.017500 -0.038448 -0.059328
v -0.017500 -0.038526 -0.058935
v -0.017375 -0.038984 -0.058935
v -0.017375 -0.038871 -0.059503
v -0.017375 -0.038871 -0.059503
v -0.017375 -0.038984 -0.058935
v -0.017207 -0.039207 -0.058935
v -0.017375 -0.038871 -0.059503
v -0.017207 -0.039207 -0.058935
v -0.017051 -0.039195 -0.059637
v -0.017051 -0.039195 -0.059637
v -0.017207 -0.039207 -0.058935
v -0.017051 -0.039334 -0.058935
v -0.017051 -0.039195 -0.059637
v -0.017051 -0.039334 -0.058935
v -0.016846 -0.039438 -0.058935
v -0.016613 -0.038263 -0.060777
v -0.016613 -0.037500 -0.060929
v -0.016848 -0.037500 -0.060872
v -0.016846 -0.039438 -0.058935
v -0.016613 -0.039342 -0.059698
v -0.017051 -0.039195 -0.059637
v -0.017051 -0.039195 -0.059637
v -0.016613 -0.039342 -0.059698
v -0.016613 -0.038910 -0.060345
v -0.017051 -0.038797 -0.060232
v -0.017051 -0.038797 -0.060232
v -0.016613 -0.038910 -0.060345
v -0.016613 -0.038263 -0.060777
v -0.017051 -0.038202 -0.060630
v -0.017051 -0.038202 -0.060630
v -0.016613 -0.038263 -0.060777
v -0.016848 -0.037500 -0.060872
v -0.017051 -0.038202 -0.060630
v -0.016848 -0.037500 -0.060872
v -0.017051 -0.037500 -0.060769
v -0.016500 -0.037500 -0.060935
v -0.016613 -0.037500 -0.060929
v -0.016500 -0.038265 -0.060783
v -0.016613 -0.038263 -0.060777
v -0.016500 -0.038265 -0.060783
v -0.016613 -0.038263 -0.060777
v -0.016500 -0.038914 -0.060349
v -0.016613 -0.038910 -0.060345
v -0.016500 -0.038914 -0.060349
v -0.016613 -0.038910 -0.060345
v -0.016500 -0.039348 -0.059700
v -0.016613 -0.039342 -0.059698
v -0.016500 -0.039348 -0.059700
v -0.016613 -0.039342 -0.059698
v -0.016500 -0.039500 -0.058935
v -0.016613 -0.039494 -0.058935
v -0.017500 0.063625 -0.012435
v -0.012500 0.063625 -0.012435
v -0.017500 0.063590 -0.012229
v -0.012500 0.063590 -0.012229
v -0.017500 0.063590 -0.012229
v -0.012500 0.063590 -0.012229
v -0.017500 0.063422 -0.011974
v -0.012500 0.063422 -0.011974
v -0.017500 0.063422 -0.011974
v -0.012500 0.063422 -0.011974
v -0.017500 0.063153 -0.011829
v -0.012500 0.063153 -0.011829
v -0.017500 0.063153 -0.011829
v -0.012500 0.063153 -0.011829
v -0.017500 0.062847 -0.011829
v -0.012500 0.062847 -0.011829
v -0.017500 0.062847 -0.011829
v -0.012500 0.062847 -0.011829
v -0.017500 0.062578 -0.011974
v -0.012500 0.062578 -0.011974
v -0.017500 0.062578 -0.011974
v -0.012500 0.062578 -0.011974
v -0.017500 0.062410 -0.012229
v -0.012500 0.062410 -0.012229
v -0.017500 0.062410 -0.012229
v -0.012500 0.062410 -0.012229
v -0.017500 0.062375 -0.012435
v -0.012500 0.062375 -0.012435
v -0.017500 0.063625 0.012565
v -0.012500 0.063625 0.012565
v -0.017500 0.063590 0.012771
v -0.012500 0.063590 0.012771
v -0.017500 0.063590 0.012771
v -0.012500 0.063590 0.012771
v -0.017500 0.063422 0.013026
v -0.012500 0.063422 0.013026
v -0.017500 0.063422 0.013026
v -0.012500 0.063422 0.013026
v -0.017500 0.063153 0.013171
v -0.012500 0.063153 0.013171
v -0.017500 0.063153 0.013171
v -0.012500 0.063153 0.013171
v -0.017500 0.062847 0.013171
v -0.012500 0.062847 0.013171
v -0.017500 0.062847 0.013171
v -0.012500 0.062847 0.013171
v -0.017500 0.062578 0.013026
v -0.012500 0.062578 0.013026
v -0.017500 0.062578 0.013026
v -0.012500 0.062578 0.013026
v -0.017500 0.062410 0.012771
v -0.012500 0.062410 0.012771
v -0.017500 0.062410 0.012771
v -0.012500 0.062410 0.012771
v -0.017500 0.062375 0.012565
v -0.012500 0.062375 0.012565
v -0.007000 0.066000 -0.055985
v -0.016500 0.066000 -0.055985
v -0.007000 0.065848 -0.056751
v -0.016500 0.065848 -0.056751
v -0.007000 0.065848 -0.056751
v -0.016500 0.065848 -0.056751
v -0.007000 0.065414 -0.057400
v -0.016500 0.065414 -0.057400
v -0.014700 0.067000 -0.022435
v -0.016500 0.067000 -0.022435
v -0.014700 0.065400 -0.022435
v -0.016500 0.065400 -0.022435
v -0.014700 0.068414 -0.026899
v -0.007000 0.068414 -0.026899
v -0.014700 0.068848 -0.026251
v -0.007000 0.068848 -0.026251
v -0.014700 0.068848 -0.026251
v -0.007000 0.068848 -0.026251
v -0.014700 0.069000 -0.025485
v -0.007000 0.069000 -0.025485
v -0.014700 0.069000 0.025615
v -0.007000 0.069000 0.025615
v -0.014700 0.068848 0.026381
v -0.007000 0.068848 0.026381
v -0.014700 0.068848 0.026381
v -0.007000 0.068848 0.026381
v -0.014700 0.068414 0.027029
v -0.007000 0.068414 0.027029
v -0.014700 0.065400 0.022565
v -0.016500 0.065400 0.022565
v -0.014700 0.067000 0.022565
v -0.016500 0.067000 0.022565
v -0.016500 0.066000 0.056115
v -0.007000 0.066000 0.056115
v -0.016500 0.065848 0.056881
v -0.007000 0.065848 0.056881
v -0.016500 0.065848 0.056881
v -0.007000 0.065848 0.056881
v -0.016500 0.065414 0.057530
v -0.007000 0.065414 0.057530
v -0.013865 0.057067 0.043875
v -0.013000 0.057500 0.043922
v -0.013000 0.057926 0.044069
v -0.013865 0.057067 0.043875
v -0.013000 0.057926 0.044069
v -0.016500 0.057067 0.043875
v -0.013000 0.058618 0.044612
v -0.016500 0.058618 0.044612
v -0.013000 0.057926 0.044069
v -0.016500 0.057926 0.044069
v -0.016500 0.057926 0.044069
v -0.017441 0.056161 -0.058935
v -0.017383 0.056031 -0.058935
v -0.017383 0.056140 -0.059491
v -0.016965 0.055614 -0.058935
v -0.016628 0.055508 -0.058935
v -0.016628 0.055657 -0.059689
v -0.017383 0.056031 -0.058935
v -0.017322 0.055931 -0.058935
v -0.017065 0.055811 -0.059626
v -0.017322 0.055931 -0.058935
v -0.017210 0.055796 -0.058935
v -0.017065 0.055811 -0.059626
v -0.017065 0.055811 -0.059626
v -0.017210 0.055796 -0.058935
v -0.017065 0.055675 -0.058935
v -0.017065 0.055811 -0.059626
v -0.017065 0.055675 -0.058935
v -0.016965 0.055614 -0.058935
v -0.017441 0.056161 -0.058935
v -0.017383 0.056140 -0.059491
v -0.017484 0.056321 -0.058935
v -0.017500 0.056614 -0.059399
v -0.017500 0.056500 -0.058935
v -0.017484 0.056321 -0.058935
v -0.017484 0.056321 -0.058935
v -0.017383 0.056140 -0.059491
v -0.017500 0.056614 -0.059399
v -0.017500 0.056614 -0.059399
v -0.017383 0.056140 -0.059491
v -0.017383 0.056461 -0.059974
v -0.017500 0.056614 -0.059399
v -0.017383 0.056461 -0.059974
v -0.017500 0.056927 -0.059755
v -0.017500 0.056927 -0.059755
v -0.017383 0.056461 -0.059974
v -0.017383 0.056944 -0.060295
v -0.017500 0.056927 -0.059755
v -0.017383 0.056944 -0.060295
v -0.017500 0.057369 -0.059926
v -0.017500 0.057369 -0.059926
v -0.017383 0.056944 -0.060295
v -0.017386 0.057500 -0.060399
v -0.017500 0.057369 -0.059926
v -0.017386 0.057500 -0.060399
v -0.017500 0.057500 -0.059935
v -0.017065 0.057500 -0.060760
v -0.017069 0.057500 -0.060757
v -0.017065 0.056809 -0.060624
v -0.017065 0.056809 -0.060624
v -0.017069 0.057500 -0.060757
v -0.017210 0.057500 -0.060639
v -0.016628 0.056746 -0.060778
v -0.016679 0.057500 -0.060919
v -0.016848 0.057500 -0.060872
v -0.017383 0.056031 -0.058935
v -0.017065 0.055811 -0.059626
v -0.017383 0.056140 -0.059491
v -0.017383 0.056140 -0.059491
v -0.017065 0.055811 -0.059626
v -0.017065 0.056209 -0.060226
v -0.017383 0.056461 -0.059974
v -0.017383 0.056461 -0.059974
v -0.017065 0.056209 -0.060226
v -0.017065 0.056809 -0.060624
v -0.017383 0.056944 -0.060295
v -0.017383 0.056944 -0.060295
v -0.017065 0.056809 -0.060624
v -0.017210 0.057500 -0.060639
v -0.017383 0.056944 -0.060295
v -0.017210 0.057500 -0.060639
v -0.017386 0.057500 -0.060399
v -0.016965 0.055614 -0.058935
v -0.016628 0.055657 -0.059689
v -0.017065 0.055811 -0.059626
v -0.017065 0.055811 -0.059626
v -0.016628 0.055657 -0.059689
v -0.016628 0.056092 -0.060343
v -0.017065 0.056209 -0.060226
v -0.017065 0.056209 -0.060226
v -0.016628 0.056092 -0.060343
v -0.016628 0.056746 -0.060778
v -0.017065 0.056809 -0.060624
v -0.017065 0.056809 -0.060624
v -0.016628 0.056746 -0.060778
v -0.016848 0.057500 -0.060872
v -0.017065 0.056809 -0.060624
v -0.016848 0.057500 -0.060872
v -0.017065 0.057500 -0.060760
v -0.016500 0.057500 -0.060935
v -0.016679 0.057500 -0.060919
v -0.016500 0.056743 -0.060786
v -0.016500 0.056743 -0.060786
v -0.016679 0.057500 -0.060919
v -0.016628 0.056746 -0.060778
v -0.016500 0.056743 -0.060786
v -0.016628 0.056746 -0.060778
v -0.016500 0.056086 -0.060349
v -0.016628 0.056092 -0.060343
v -0.016500 0.056086 -0.060349
v -0.016628 0.056092 -0.060343
v -0.016500 0.055649 -0.059692
v -0.016628 0.055657 -0.059689
v -0.016500 0.055649 -0.059692
v -0.016628 0.055657 -0.059689
v -0.016500 0.055500 -0.058935
v -0.016628 0.055508 -0.058935
v -0.017484 0.037500 -0.060114
v -0.017441 0.037500 -0.060274
v -0.017441 0.037954 -0.060195
v -0.017322 0.037500 -0.060504
v -0.017210 0.037500 -0.060639
v -0.017210 0.038078 -0.060538
v -0.016500 0.039500 -0.058935
v -0.016848 0.039437 -0.058935
v -0.016500 0.039375 -0.059631
v -0.016848 0.039316 -0.059609
v -0.016500 0.039375 -0.059631
v -0.016848 0.039316 -0.059609
v -0.016500 0.038908 -0.060356
v -0.016848 0.038863 -0.060311
v -0.016500 0.038908 -0.060356
v -0.016848 0.038863 -0.060311
v -0.016500 0.038178 -0.060816
v -0.016848 0.038157 -0.060758
v -0.016500 0.037500 -0.060935
v -0.016500 0.038178 -0.060816
v -0.016848 0.037500 -0.060872
v -0.016848 0.038157 -0.060758
v -0.016848 0.037500 -0.060872
v -0.016848 0.038157 -0.060758
v -0.016965 0.037500 -0.060821
v -0.017500 0.037964 -0.059821
v -0.017500 0.037500 -0.059935
v -0.017484 0.037500 -0.060114
v -0.017484 0.037500 -0.060114
v -0.017441 0.037954 -0.060195
v -0.017500 0.037964 -0.059821
v -0.017500 0.037964 -0.059821
v -0.017441 0.037954 -0.060195
v -0.017441 0.038442 -0.059886
v -0.017500 0.037964 -0.059821
v -0.017441 0.038442 -0.059886
v -0.017500 0.038320 -0.059508
v -0.017500 0.038320 -0.059508
v -0.017441 0.038442 -0.059886
v -0.017441 0.038755 -0.059401
v -0.017500 0.038320 -0.059508
v -0.017441 0.038755 -0.059401
v -0.017500 0.038491 -0.059066
v -0.017500 0.038491 -0.059066
v -0.017441 0.038755 -0.059401
v -0.017441 0.038839 -0.058935
v -0.017500 0.038491 -0.059066
v -0.017441 0.038839 -0.058935
v -0.017500 0.038500 -0.058935
v -0.016848 0.039437 -0.058935
v -0.017210 0.039204 -0.058935
v -0.016848 0.039316 -0.059609
v -0.017210 0.039097 -0.059528
v -0.016848 0.039316 -0.059609
v -0.017210 0.039097 -0.059528
v -0.016848 0.038863 -0.060311
v -0.017210 0.038699 -0.060145
v -0.016848 0.038863 -0.060311
v -0.017210 0.038699 -0.060145
v -0.016848 0.038157 -0.060758
v -0.017210 0.038078 -0.060538
v -0.016848 0.038157 -0.060758
v -0.017210 0.038078 -0.060538
v -0.016965 0.037500 -0.060821
v -0.016965 0.037500 -0.060821
v -0.017210 0.038078 -0.060538
v -0.017210 0.037500 -0.060639
v -0.017210 0.039204 -0.058935
v -0.017441 0.038839 -0.058935
v -0.017210 0.039097 -0.059528
v -0.017441 0.038755 -0.059401
v -0.017210 0.039097 -0.059528
v -0.017441 0.038755 -0.059401
v -0.017210 0.038699 -0.060145
v -0.017441 0.038442 -0.059886
v -0.017210 0.038699 -0.060145
v -0.017441 0.038442 -0.059886
v -0.017210 0.038078 -0.060538
v -0.017441 0.037954 -0.060195
v -0.017210 0.038078 -0.060538
v -0.017441 0.037954 -0.060195
v -0.017322 0.037500 -0.060504
v -0.017322 0.037500 -0.060504
v -0.017441 0.037954 -0.060195
v -0.017441 0.037500 -0.060274
v -0.017441 0.051161 0.045875
v -0.017383 0.051031 0.045875
v -0.017383 0.051140 0.045319
v -0.016965 0.050614 0.045875
v -0.016628 0.050508 0.045875
v -0.016628 0.050657 0.045121
v -0.017383 0.051031 0.045875
v -0.017322 0.050931 0.045875
v -0.017065 0.050811 0.045184
v -0.017322 0.050931 0.045875
v -0.017210 0.050796 0.045875
v -0.017065 0.050811 0.045184
v -0.017065 0.050811 0.045184
v -0.017210 0.050796 0.045875
v -0.017065 0.050675 0.045875
v -0.017065 0.050811 0.045184
v -0.017065 0.050675 0.045875
v -0.016965 0.050614 0.045875
v -0.017441 0.051161 0.045875
v -0.017383 0.051140 0.045319
v -0.017484 0.051321 0.045875
v -0.017500 0.051614 0.045411
v -0.017500 0.051500 0.045875
v -0.017484 0.051321 0.045875
v -0.017484 0.051321 0.045875
v -0.017383 0.051140 0.045319
v -0.017500 0.051614 0.045411
v -0.017500 0.051614 0.045411
v -0.017383 0.051140 0.045319
v -0.017383 0.051461 0.044836
v -0.017500 0.051614 0.045411
v -0.017383 0.051461 0.044836
v -0.017500 0.051927 0.045055
v -0.017500 0.051927 0.045055
v -0.017383 0.051461 0.044836
v -0.017383 0.051944 0.044515
v -0.017500 0.051927 0.045055
v -0.017383 0.051944 0.044515
v -0.017500 0.052369 0.044884
v -0.017500 0.052369 0.044884
v -0.017383 0.051944 0.044515
v -0.017386 0.052500 0.044411
v -0.017500 0.052369 0.044884
v -0.017386 0.052500 0.044411
v -0.017500 0.052500 0.044875
v -0.017065 0.052500 0.044050
v -0.017069 0.052500 0.044053
v -0.017065 0.051809 0.044186
v -0.017065 0.051809 0.044186
v -0.017069 0.052500 0.044053
v -0.017210 0.052500 0.044171
v -0.016628 0.051746 0.044032
v -0.016679 0.052500 0.043891
v -0.016848 0.052500 0.043938
v -0.017383 0.051031 0.045875
v -0.017065 0.050811 0.045184
v -0.017383 0.051140 0.045319
v -0.017383 0.051140 0.045319
v -0.017065 0.050811 0.045184
v -0.017065 0.051209 0.044584
v -0.017383 0.051461 0.044836
v -0.017383 0.051461 0.044836
v -0.017065 0.051209 0.044584
v -0.017065 0.051809 0.044186
v -0.017383 0.051944 0.044515
v -0.017383 0.051944 0.044515
v -0.017065 0.051809 0.044186
v -0.017210 0.052500 0.044171
v -0.017383 0.051944 0.044515
v -0.017210 0.052500 0.044171
v -0.017386 0.052500 0.044411
v -0.016965 0.050614 0.045875
v -0.016628 0.050657 0.045121
v -0.017065 0.050811 0.045184
v -0.017065 0.050811 0.045184
v -0.016628 0.050657 0.045121
v -0.016628 0.051092 0.044467
v -0.017065 0.051209 0.044584
v -0.017065 0.051209 0.044584
v -0.016628 0.051092 0.044467
v -0.016628 0.051746 0.044032
v -0.017065 0.051809 0.044186
v -0.017065 0.051809 0.044186
v -0.016628 0.051746 0.044032
v -0.016848 0.052500 0.043938
v -0.017065 0.051809 0.044186
v -0.016848 0.052500 0.043938
v -0.017065 0.052500 0.044050
v -0.016500 0.052500 0.043875
v -0.016679 0.052500 0.043891
v -0.016500 0.051743 0.044024
v -0.016500 0.051743 0.044024
v -0.016679 0.052500 0.043891
v -0.016628 0.051746 0.044032
v -0.016500 0.051743 0.044024
v -0.016628 0.051746 0.044032
v -0.016500 0.051086 0.044461
v -0.016628 0.051092 0.044467
v -0.016500 0.051086 0.044461
v -0.016628 0.051092 0.044467
v -0.016500 0.050649 0.045118
v -0.016628 0.050657 0.045121
v -0.016500 0.050649 0.045118
v -0.016628 0.050657 0.045121
v -0.016500 0.050500 0.045875
v -0.016628 0.050508 0.045875
v -0.016500 0.036382 0.044612
v -0.013000 0.036382 0.044612
v -0.016500 0.036695 0.044304
v -0.016500 0.036695 0.044304
v -0.013000 0.036382 0.044612
v -0.013000 0.037074 0.044069
v -0.013865 0.037933 0.043875
v -0.016500 0.037933 0.043875
v -0.013000 0.037500 0.043922
v -0.016500 0.037507 0.043921
v -0.013000 0.037500 0.043922
v -0.016500 0.037507 0.043921
v -0.013000 0.037074 0.044069
v -0.016500 0.037074 0.044069
v -0.013000 0.037074 0.044069
v -0.016500 0.037074 0.044069
v -0.016500 0.036695 0.044304
v -0.016500 0.037933 0.043875
v -0.016500 0.042500 0.043875
v -0.016959 0.037933 0.043987
v -0.016959 0.037933 0.043987
v -0.016500 0.042500 0.043875
v -0.016848 0.042500 0.043938
v -0.016959 0.037933 0.043987
v -0.016848 0.042500 0.043938
v -0.017211 0.037933 0.044172
v -0.017211 0.037933 0.044172
v -0.016848 0.042500 0.043938
v -0.017210 0.042500 0.044171
v -0.017211 0.037933 0.044172
v -0.017210 0.042500 0.044171
v -0.017276 0.037933 0.044245
v -0.017276 0.037933 0.044245
v -0.017210 0.042500 0.044171
v -0.017441 0.042500 0.044536
v -0.017276 0.037933 0.044245
v -0.017441 0.042500 0.044536
v -0.017441 0.037933 0.044536
v -0.017441 0.042500 0.044536
v -0.017500 0.042500 0.044875
v -0.017500 0.040217 0.044875
v -0.017441 0.037933 0.044536
v -0.017441 0.042500 0.044536
v -0.017481 0.037933 0.044678
v -0.017481 0.037933 0.044678
v -0.017441 0.042500 0.044536
v -0.017500 0.040217 0.044875
v -0.017481 0.037933 0.044678
v -0.017500 0.040217 0.044875
v -0.017500 0.037933 0.044875
v -0.017069 0.044322 0.045875
v -0.017210 0.044204 0.045875
v -0.017210 0.044103 0.045297
v -0.016679 0.044484 0.045875
v -0.016848 0.044438 0.045875
v -0.016848 0.044323 0.045218
v -0.016500 0.044500 0.045875
v -0.016679 0.044484 0.045875
v -0.016500 0.044381 0.045196
v -0.016500 0.044381 0.045196
v -0.016679 0.044484 0.045875
v -0.016848 0.044323 0.045218
v -0.016500 0.044381 0.045196
v -0.016848 0.044323 0.045218
v -0.016500 0.043921 0.044468
v -0.016848 0.043876 0.044512
v -0.016500 0.043921 0.044468
v -0.016848 0.043876 0.044512
v -0.016500 0.043196 0.044000
v -0.016848 0.043174 0.044059
v -0.016500 0.043196 0.044000
v -0.016848 0.043174 0.044059
v -0.016500 0.042500 0.043875
v -0.016848 0.042500 0.043938
v -0.017500 0.042964 0.044989
v -0.017500 0.042500 0.044875
v -0.017441 0.042500 0.044536
v -0.017441 0.042500 0.044536
v -0.017441 0.042966 0.044620
v -0.017500 0.042964 0.044989
v -0.017500 0.042964 0.044989
v -0.017441 0.042966 0.044620
v -0.017441 0.043451 0.044932
v -0.017500 0.042964 0.044989
v -0.017441 0.043451 0.044932
v -0.017500 0.043320 0.045302
v -0.017500 0.043320 0.045302
v -0.017441 0.043451 0.044932
v -0.017441 0.043760 0.045421
v -0.017500 0.043320 0.045302
v -0.017441 0.043760 0.045421
v -0.017500 0.043492 0.045744
v -0.017500 0.043492 0.045744
v -0.017441 0.043760 0.045421
v -0.017385 0.043965 0.045875
v -0.017500 0.043492 0.045744
v -0.017385 0.043965 0.045875
v -0.017500 0.043500 0.045875
v -0.016848 0.044438 0.045875
v -0.017069 0.044322 0.045875
v -0.016848 0.044323 0.045218
v -0.016848 0.044323 0.045218
v -0.017069 0.044322 0.045875
v -0.017210 0.044103 0.045297
v -0.016848 0.044323 0.045218
v -0.017210 0.044103 0.045297
v -0.016848 0.043876 0.044512
v -0.017210 0.043710 0.044676
v -0.016848 0.043876 0.044512
v -0.017210 0.043710 0.044676
v -0.016848 0.043174 0.044059
v -0.017210 0.043093 0.044278
v -0.016848 0.043174 0.044059
v -0.017210 0.043093 0.044278
v -0.016848 0.042500 0.043938
v -0.017210 0.042500 0.044171
v -0.017210 0.044204 0.045875
v -0.017385 0.043965 0.045875
v -0.017210 0.044103 0.045297
v -0.017210 0.044103 0.045297
v -0.017385 0.043965 0.045875
v -0.017441 0.043760 0.045421
v -0.017210 0.044103 0.045297
v -0.017441 0.043760 0.045421
v -0.017210 0.043710 0.044676
v -0.017441 0.043451 0.044932
v -0.017210 0.043710 0.044676
v -0.017441 0.043451 0.044932
v -0.017210 0.043093 0.044278
v -0.017441 0.042966 0.044620
v -0.017210 0.043093 0.044278
v -0.017441 0.042966 0.044620
v -0.017210 0.042500 0.044171
v -0.017441 0.042500 0.044536
v -0.016500 0.044500 0.045875
v -0.016500 0.044500 0.059065
v -0.016679 0.044484 0.045875
v -0.016679 0.044484 0.045875
v -0.016500 0.044500 0.059065
v -0.016696 0.044481 0.059065
v -0.016679 0.044484 0.045875
v -0.016696 0.044481 0.059065
v -0.016848 0.044438 0.045875
v -0.016848 0.044438 0.045875
v -0.016696 0.044481 0.059065
v -0.016848 0.044438 0.059065
v -0.016848 0.044438 0.045875
v -0.016848 0.044438 0.059065
v -0.017069 0.044322 0.045875
v -0.017065 0.044325 0.059065
v -0.017069 0.044322 0.045875
v -0.017065 0.044325 0.059065
v -0.017210 0.044204 0.045875
v -0.017065 0.044325 0.059065
v -0.017130 0.044277 0.059065
v -0.017210 0.044204 0.045875
v -0.017210 0.044204 0.045875
v -0.017130 0.044277 0.059065
v -0.017388 0.043960 0.059065
v -0.017210 0.044204 0.045875
v -0.017388 0.043960 0.059065
v -0.017385 0.043965 0.045875
v -0.017385 0.043965 0.045875
v -0.017388 0.043960 0.059065
v -0.017500 0.043500 0.059065
v -0.017500 0.043500 0.045875
v -0.016848 0.044438 0.059065
v -0.016696 0.044481 0.059065
v -0.016628 0.044343 0.059819
v -0.017130 0.044277 0.059065
v -0.017065 0.044325 0.059065
v -0.017065 0.044189 0.059756
v -0.017065 0.044189 0.059756
v -0.017065 0.044325 0.059065
v -0.016848 0.044438 0.059065
v -0.017383 0.043860 0.059621
v -0.017388 0.043960 0.059065
v -0.017130 0.044277 0.059065
v -0.017500 0.043386 0.059529
v -0.017500 0.043500 0.059065
v -0.017388 0.043960 0.059065
v -0.017480 0.042500 0.060262
v -0.017500 0.042500 0.060065
v -0.017500 0.042631 0.060057
v -0.017388 0.043960 0.059065
v -0.017383 0.043860 0.059621
v -0.017500 0.043386 0.059529
v -0.017500 0.043386 0.059529
v -0.017383 0.043860 0.059621
v -0.017383 0.043539 0.060104
v -0.017500 0.043386 0.059529
v -0.017383 0.043539 0.060104
v -0.017500 0.043073 0.059885
v -0.017500 0.043073 0.059885
v -0.017383 0.043539 0.060104
v -0.017383 0.043056 0.060425
v -0.017500 0.043073 0.059885
v -0.017383 0.043056 0.060425
v -0.017500 0.042631 0.060057
v -0.017500 0.042631 0.060057
v -0.017383 0.043056 0.060425
v -0.017383 0.042500 0.060534
v -0.017500 0.042631 0.060057
v -0.017383 0.042500 0.060534
v -0.017480 0.042500 0.060262
v -0.017065 0.043191 0.060754
v -0.017065 0.042500 0.060890
v -0.017276 0.042500 0.060696
v -0.016628 0.043254 0.060908
v -0.016628 0.042500 0.061057
v -0.016959 0.042500 0.060954
v -0.017130 0.044277 0.059065
v -0.017065 0.044189 0.059756
v -0.017383 0.043860 0.059621
v -0.017383 0.043860 0.059621
v -0.017065 0.044189 0.059756
v -0.017065 0.043791 0.060356
v -0.017383 0.043539 0.060104
v -0.017383 0.043539 0.060104
v -0.017065 0.043791 0.060356
v -0.017065 0.043191 0.060754
v -0.017383 0.043056 0.060425
v -0.017383 0.043056 0.060425
v -0.017065 0.043191 0.060754
v -0.017276 0.042500 0.060696
v -0.017383 0.043056 0.060425
v -0.017276 0.042500 0.060696
v -0.017383 0.042500 0.060534
v -0.016848 0.044438 0.059065
v -0.016628 0.044343 0.059819
v -0.017065 0.044189 0.059756
v -0.017065 0.044189 0.059756
v -0.016628 0.044343 0.059819
v -0.016628 0.043908 0.060473
v -0.017065 0.043791 0.060356
v -0.017065 0.043791 0.060356
v -0.016628 0.043908 0.060473
v -0.016628 0.043254 0.060908
v -0.017065 0.043191 0.060754
v -0.017065 0.043191 0.060754
v -0.016628 0.043254 0.060908
v -0.016959 0.042500 0.060954
v -0.017065 0.043191 0.060754
v -0.016959 0.042500 0.060954
v -0.017065 0.042500 0.060890
v -0.016500 0.042500 0.061065
v -0.016628 0.042500 0.061057
v -0.016500 0.043258 0.060916
v -0.016628 0.043254 0.060908
v -0.016500 0.043258 0.060916
v -0.016628 0.043254 0.060908
v -0.016500 0.043914 0.060479
v -0.016628 0.043908 0.060473
v -0.016500 0.043914 0.060479
v -0.016628 0.043908 0.060473
v -0.016500 0.044351 0.059822
v -0.016628 0.044343 0.059819
v -0.016500 0.044351 0.059822
v -0.016628 0.044343 0.059819
v -0.016500 0.044500 0.059065
v -0.016500 0.044500 0.059065
v -0.016628 0.044343 0.059819
v -0.016696 0.044481 0.059065
v -0.017069 0.050678 0.059065
v -0.017210 0.050796 0.059065
v -0.017210 0.050902 0.059655
v -0.016679 0.050516 0.059065
v -0.016848 0.050563 0.059065
v -0.016848 0.050682 0.059736
v -0.016500 0.050500 0.059065
v -0.016679 0.050516 0.059065
v -0.016500 0.050624 0.059757
v -0.016500 0.050624 0.059757
v -0.016679 0.050516 0.059065
v -0.016848 0.050682 0.059736
v -0.016500 0.050624 0.059757
v -0.016848 0.050682 0.059736
v -0.016500 0.051086 0.060479
v -0.016848 0.051130 0.060435
v -0.016500 0.051086 0.060479
v -0.016848 0.051130 0.060435
v -0.016500 0.051808 0.060941
v -0.016848 0.051829 0.060883
v -0.016500 0.051808 0.060941
v -0.016848 0.051829 0.060883
v -0.016885 0.052500 0.060988
v -0.016500 0.051808 0.060941
v -0.016885 0.052500 0.060988
v -0.016500 0.052500 0.061065
v -0.017500 0.052036 0.059951
v -0.017500 0.052500 0.060065
v -0.017427 0.052500 0.060441
v -0.017427 0.052500 0.060441
v -0.017441 0.052037 0.060321
v -0.017500 0.052036 0.059951
v -0.017500 0.052036 0.059951
v -0.017441 0.052037 0.060321
v -0.017441 0.051553 0.060012
v -0.017500 0.052036 0.059951
v -0.017441 0.051553 0.060012
v -0.017500 0.051680 0.059638
v -0.017500 0.051680 0.059638
v -0.017441 0.051553 0.060012
v -0.017441 0.051243 0.059528
v -0.017500 0.051680 0.059638
v -0.017441 0.051243 0.059528
v -0.017500 0.051509 0.059196
v -0.017500 0.051509 0.059196
v -0.017441 0.051243 0.059528
v -0.017385 0.051036 0.059065
v -0.017500 0.051509 0.059196
v -0.017385 0.051036 0.059065
v -0.017500 0.051500 0.059065
v -0.016848 0.050563 0.059065
v -0.017069 0.050678 0.059065
v -0.016848 0.050682 0.059736
v -0.016848 0.050682 0.059736
v -0.017069 0.050678 0.059065
v -0.017210 0.050902 0.059655
v -0.016848 0.050682 0.059736
v -0.017210 0.050902 0.059655
v -0.016848 0.051130 0.060435
v -0.017210 0.051295 0.060270
v -0.016848 0.051130 0.060435
v -0.017210 0.051295 0.060270
v -0.016848 0.051829 0.060883
v -0.017210 0.051910 0.060663
v -0.016848 0.051829 0.060883
v -0.017210 0.051910 0.060663
v -0.016885 0.052500 0.060988
v -0.016885 0.052500 0.060988
v -0.017210 0.051910 0.060663
v -0.017210 0.052500 0.060769
v -0.017210 0.050796 0.059065
v -0.017385 0.051036 0.059065
v -0.017210 0.050902 0.059655
v -0.017210 0.050902 0.059655
v -0.017385 0.051036 0.059065
v -0.017441 0.051243 0.059528
v -0.017210 0.050902 0.059655
v -0.017441 0.051243 0.059528
v -0.017210 0.051295 0.060270
v -0.017441 0.051553 0.060012
v -0.017210 0.051295 0.060270
v -0.017441 0.051553 0.060012
v -0.017210 0.051910 0.060663
v -0.017441 0.052037 0.060321
v -0.017210 0.051910 0.060663
v -0.017441 0.052037 0.060321
v -0.017210 0.052500 0.060769
v -0.017210 0.052500 0.060769
v -0.017441 0.052037 0.060321
v -0.017427 0.052500 0.060441
v -0.017500 -0.042500 0.044875
v -0.017500 -0.043500 0.059065
v -0.017500 -0.043500 0.045875
v -0.017500 0.033250 0.047437
v -0.017500 0.033250 0.049531
v -0.017500 -0.033250 0.049531
v -0.017500 -0.043386 0.045411
v -0.017500 -0.043073 0.045055
v -0.017500 -0.042631 0.044884
v -0.017500 -0.037766 0.044889
v -0.017500 -0.037499 0.044974
v -0.017500 -0.037157 0.045243
v -0.017500 -0.042500 0.060065
v -0.017500 -0.042964 0.059951
v -0.017500 -0.037933 0.044875
v -0.017500 -0.037769 0.044888
v -0.017500 -0.036618 0.045782
v -0.017500 -0.036347 0.046129
v -0.017500 0.042500 0.060065
v -0.017500 0.042631 0.060057
v -0.017500 0.036250 0.049531
v -0.017500 0.043073 0.059885
v -0.017500 -0.043320 0.059638
v -0.017500 -0.043492 0.059196
v -0.017500 -0.036250 0.049531
v -0.017500 -0.036250 0.046558
v -0.017500 0.036347 0.046129
v -0.017500 0.036618 0.045782
v -0.017500 0.036250 0.046558
v -0.017500 0.043500 0.059065
v -0.017500 0.043386 0.059529
v -0.017500 0.036901 0.045527
v -0.017500 0.037157 0.045244
v -0.017500 0.037503 0.044972
v -0.017500 -0.032679 0.046038
v -0.017500 -0.032097 0.045625
v -0.017500 0.032097 0.045625
v -0.017500 0.042500 0.044875
v -0.017500 0.042964 0.044989
v -0.017500 0.043320 0.045302
v -0.017500 -0.033250 0.047437
v -0.017500 -0.033123 0.046734
v -0.017500 0.033123 0.046734
v -0.017500 0.032679 0.046038
v -0.017500 0.037933 0.044875
v -0.017500 0.040217 0.044875
v -0.017500 0.043500 0.045875
v -0.017500 0.043492 0.045744
v -0.016976 -0.035370 0.048181
v -0.016846 -0.035312 0.046558
v -0.016500 -0.035250 0.047799
v -0.016500 -0.035250 0.047799
v -0.016846 -0.035312 0.046558
v -0.016500 -0.035250 0.046558
v -0.017406 -0.035827 0.048924
v -0.017500 -0.036250 0.049531
v -0.017500 -0.036250 0.046558
v -0.017500 -0.036250 0.046558
v -0.017438 -0.035904 0.046558
v -0.017406 -0.035827 0.048924
v -0.017406 -0.035827 0.048924
v -0.017438 -0.035904 0.046558
v -0.017207 -0.035543 0.046558
v -0.017406 -0.035827 0.048924
v -0.017207 -0.035543 0.046558
v -0.017218 -0.035554 0.048506
v -0.017218 -0.035554 0.048506
v -0.017207 -0.035543 0.046558
v -0.016976 -0.035370 0.048181
v -0.016976 -0.035370 0.048181
v -0.017207 -0.035543 0.046558
v -0.016885 -0.035327 0.046558
v -0.016976 -0.035370 0.048181
v -0.016885 -0.035327 0.046558
v -0.016846 -0.035312 0.046558
v -0.016500 -0.058618 0.044612
v -0.016500 -0.059013 0.045007
v -0.013000 -0.058618 0.044612
v -0.013000 -0.059013 0.045007
v -0.016500 -0.059750 0.046558
v -0.016500 -0.059556 0.045699
v -0.016613 -0.059551 0.045702
v -0.017500 -0.058653 0.046129
v -0.017500 -0.058677 0.046117
v -0.017500 -0.058677 0.046117
v -0.017500 -0.058776 0.046558
v -0.017375 -0.059234 0.046558
v -0.017375 -0.059090 0.045921
v -0.017330 -0.058734 0.045350
v -0.017375 -0.058687 0.045407
v -0.017375 -0.059090 0.045921
v -0.017375 -0.059090 0.045921
v -0.017375 -0.058687 0.045407
v -0.017500 -0.058398 0.045762
v -0.017500 -0.058677 0.046117
v -0.017500 -0.058677 0.046117
v -0.017500 -0.058653 0.046129
v -0.017051 -0.058909 0.045136
v -0.017330 -0.058734 0.045350
v -0.017051 -0.059407 0.045770
v -0.017051 -0.059407 0.045770
v -0.017330 -0.058734 0.045350
v -0.017375 -0.059090 0.045921
v -0.017051 -0.059407 0.045770
v -0.017375 -0.059090 0.045921
v -0.017207 -0.059457 0.046558
v -0.017207 -0.059457 0.046558
v -0.017375 -0.059090 0.045921
v -0.017375 -0.059234 0.046558
v -0.017207 -0.059457 0.046558
v -0.017051 -0.059584 0.046558
v -0.017051 -0.059407 0.045770
v -0.017051 -0.059407 0.045770
v -0.017051 -0.059584 0.046558
v -0.016846 -0.059688 0.046558
v -0.017051 -0.059407 0.045770
v -0.016846 -0.059688 0.046558
v -0.016613 -0.059551 0.045702
v -0.016613 -0.059551 0.045702
v -0.016846 -0.059688 0.046558
v -0.016613 -0.059744 0.046558
v -0.016613 -0.059744 0.046558
v -0.017051 -0.058909 0.045136
v -0.017051 -0.059407 0.045770
v -0.016976 -0.058937 0.045101
v -0.016976 -0.058937 0.045101
v -0.017051 -0.059407 0.045770
v -0.016613 -0.059551 0.045702
v -0.016976 -0.058937 0.045101
v -0.016613 -0.059551 0.045702
v -0.016613 -0.059009 0.045012
v -0.016613 -0.059009 0.045012
v -0.016613 -0.059551 0.045702
v -0.016500 -0.059556 0.045699
v -0.016500 -0.059013 0.045007
v -0.017500 0.036224 0.046558
v -0.017500 0.036250 0.046558
v -0.017500 0.036250 0.049531
v -0.017500 0.036224 0.046558
v -0.017500 0.036250 0.049531
v -0.017375 0.035766 0.046558
v -0.016500 0.035250 0.047799
v -0.016500 0.035250 0.046558
v -0.016613 0.035256 0.046558
v -0.016500 0.035250 0.047799
v -0.016613 0.035256 0.046558
v -0.016808 0.035299 0.048017
v -0.016808 0.035299 0.048017
v -0.016613 0.035256 0.046558
v -0.016846 0.035312 0.046558
v -0.016808 0.035299 0.048017
v -0.016846 0.035312 0.046558
v -0.017215 0.035551 0.048501
v -0.016846 0.035312 0.046558
v -0.017051 0.035416 0.046558
v -0.017215 0.035551 0.048501
v -0.017215 0.035551 0.048501
v -0.017051 0.035416 0.046558
v -0.017207 0.035543 0.046558
v -0.017215 0.035551 0.048501
v -0.017207 0.035543 0.046558
v -0.017302 0.035653 0.048664
v -0.017302 0.035653 0.048664
v -0.017207 0.035543 0.046558
v -0.017375 0.035766 0.046558
v -0.017302 0.035653 0.048664
v -0.017375 0.035766 0.046558
v -0.017441 0.035910 0.049047
v -0.017441 0.035910 0.049047
v -0.017375 0.035766 0.046558
v -0.017500 0.036250 0.049531
v -0.016500 0.059013 0.045007
v -0.016500 0.059556 0.045699
v -0.016613 0.059551 0.045702
v -0.017500 0.058677 0.046117
v -0.017500 0.058653 0.046129
v -0.017500 0.058653 0.046129
v -0.017500 0.058677 0.046117
v -0.017500 0.058776 0.046558
v -0.017500 0.058677 0.046117
v -0.017375 0.059090 0.045921
v -0.017375 0.059234 0.046558
v -0.017500 0.058677 0.046117
v -0.017500 0.058398 0.045762
v -0.017375 0.058687 0.045407
v -0.017375 0.059090 0.045921
v -0.017375 0.059090 0.045921
v -0.017375 0.058687 0.045407
v -0.017330 0.058734 0.045350
v -0.017375 0.059090 0.045921
v -0.017330 0.058734 0.045350
v -0.017051 0.059407 0.045770
v -0.017375 0.059234 0.046558
v -0.017375 0.059090 0.045921
v -0.017207 0.059457 0.046558
v -0.017207 0.059457 0.046558
v -0.017375 0.059090 0.045921
v -0.017051 0.059407 0.045770
v -0.017207 0.059457 0.046558
v -0.017051 0.059407 0.045770
v -0.017051 0.059584 0.046558
v -0.017330 0.058734 0.045350
v -0.017051 0.058909 0.045136
v -0.017051 0.059407 0.045770
v -0.017051 0.059407 0.045770
v -0.017051 0.058909 0.045136
v -0.016976 0.058937 0.045101
v -0.017051 0.059407 0.045770
v -0.016976 0.058937 0.045101
v -0.016613 0.059551 0.045702
v -0.016613 0.059551 0.045702
v -0.016976 0.058937 0.045101
v -0.016613 0.059009 0.045012
v -0.016613 0.059009 0.045012
v -0.017051 0.059584 0.046558
v -0.017051 0.059407 0.045770
v -0.016846 0.059688 0.046558
v -0.016846 0.059688 0.046558
v -0.017051 0.059407 0.045770
v -0.016613 0.059551 0.045702
v -0.016846 0.059688 0.046558
v -0.016613 0.059551 0.045702
v -0.016613 0.059744 0.046558
v -0.016613 0.059744 0.046558
v -0.016613 0.059551 0.045702
v -0.016500 0.059556 0.045699
v -0.016500 0.059750 0.046558
v -0.013000 0.059013 0.045007
v -0.016500 0.059013 0.045007
v -0.013000 0.058618 0.044612
v -0.016500 0.058618 0.044612
v -0.017065 -0.068685 0.021267
v -0.017383 -0.068356 0.021130
v -0.017383 -0.068034 0.021608
v -0.017500 -0.067464 0.021451
v -0.017383 -0.068034 0.021608
v -0.017500 -0.067820 0.021138
v -0.017500 -0.067820 0.021138
v -0.017383 -0.068034 0.021608
v -0.017383 -0.068356 0.021130
v -0.017500 -0.067820 0.021138
v -0.017383 -0.068356 0.021130
v -0.017500 -0.067992 0.020696
v -0.017065 -0.067688 0.022256
v -0.017065 -0.067000 0.022390
v -0.016965 -0.067000 0.022451
v -0.017484 -0.067000 0.021744
v -0.017438 -0.067000 0.021911
v -0.017383 -0.067553 0.021926
v -0.017383 -0.067553 0.021926
v -0.017438 -0.067000 0.021911
v -0.017383 -0.067000 0.022034
v -0.017383 -0.067553 0.021926
v -0.017383 -0.067000 0.022034
v -0.017322 -0.067000 0.022134
v -0.017065 -0.068285 0.021861
v -0.017383 -0.067553 0.021926
v -0.017065 -0.067688 0.022256
v -0.017065 -0.067688 0.022256
v -0.017383 -0.067553 0.021926
v -0.017322 -0.067000 0.022134
v -0.017065 -0.067688 0.022256
v -0.017322 -0.067000 0.022134
v -0.017065 -0.067000 0.022390
v -0.017500 -0.068000 0.020565
v -0.017500 -0.067992 0.020696
v -0.017383 -0.068469 0.020565
v -0.017383 -0.068469 0.020565
v -0.017500 -0.067992 0.020696
v -0.017383 -0.068356 0.021130
v -0.017383 -0.068469 0.020565
v -0.017383 -0.068356 0.021130
v -0.017366 -0.068500 0.020565
v -0.017366 -0.068500 0.020565
v -0.017383 -0.068356 0.021130
v -0.017065 -0.068685 0.021267
v -0.017366 -0.068500 0.020565
v -0.017065 -0.068685 0.021267
v -0.017065 -0.068825 0.020565
v -0.017065 -0.068825 0.020565
v -0.017065 -0.068685 0.021267
v -0.017000 -0.068866 0.020565
v -0.016628 -0.068839 0.021331
v -0.017065 -0.068285 0.021861
v -0.016628 -0.068402 0.021979
v -0.016628 -0.068402 0.021979
v -0.017065 -0.068285 0.021861
v -0.017065 -0.067688 0.022256
v -0.016628 -0.067750 0.022410
v -0.016628 -0.067750 0.022410
v -0.017065 -0.067688 0.022256
v -0.016965 -0.067000 0.022451
v -0.016628 -0.067750 0.022410
v -0.016965 -0.067000 0.022451
v -0.016628 -0.067000 0.022557
v -0.016628 -0.068992 0.020565
v -0.017000 -0.068866 0.020565
v -0.016628 -0.068839 0.021331
v -0.016628 -0.068839 0.021331
v -0.017000 -0.068866 0.020565
v -0.017065 -0.068685 0.021267
v -0.017065 -0.068685 0.021267
v -0.017065 -0.068285 0.021861
v -0.017383 -0.068034 0.021608
v -0.017383 -0.067553 0.021926
v -0.017383 -0.068034 0.021608
v -0.017500 -0.067464 0.021451
v -0.017383 -0.067553 0.021926
v -0.017500 -0.067464 0.021451
v -0.017484 -0.067000 0.021744
v -0.017484 -0.067000 0.021744
v -0.017500 -0.067464 0.021451
v -0.017500 -0.067000 0.021565
v -0.016500 -0.069000 0.020565
v -0.016628 -0.068992 0.020565
v -0.016500 -0.068846 0.021334
v -0.016628 -0.068839 0.021331
v -0.016500 -0.068846 0.021334
v -0.016628 -0.068839 0.021331
v -0.016500 -0.068408 0.021985
v -0.016628 -0.068402 0.021979
v -0.016500 -0.068408 0.021985
v -0.016628 -0.068402 0.021979
v -0.016500 -0.067754 0.022418
v -0.016628 -0.067750 0.022410
v -0.016500 -0.067754 0.022418
v -0.016628 -0.067750 0.022410
v -0.016500 -0.067000 0.022565
v -0.016628 -0.067000 0.022557
v -0.017441 -0.064856 0.029335
v -0.017500 -0.064562 0.029538
v -0.017500 -0.064882 0.029893
v -0.017500 -0.064280 0.029405
v -0.017500 -0.064562 0.029538
v -0.017493 -0.064314 0.029290
v -0.017493 -0.064314 0.029290
v -0.017500 -0.064562 0.029538
v -0.017441 -0.064856 0.029335
v -0.017493 -0.064314 0.029290
v -0.017441 -0.064856 0.029335
v -0.017441 -0.064375 0.029079
v -0.017441 -0.064375 0.029079
v -0.017441 -0.064856 0.029335
v -0.017330 -0.064436 0.028870
v -0.017330 -0.064436 0.028870
v -0.017441 -0.064856 0.029335
v -0.017211 -0.065090 0.029055
v -0.017330 -0.064436 0.028870
v -0.017211 -0.065090 0.029055
v -0.017211 -0.064477 0.028729
v -0.017211 -0.064477 0.028729
v -0.017211 -0.065090 0.029055
v -0.016976 -0.064526 0.028561
v -0.016976 -0.064526 0.028561
v -0.017211 -0.065090 0.029055
v -0.016848 -0.065239 0.028875
v -0.016976 -0.064526 0.028561
v -0.016848 -0.065239 0.028875
v -0.016848 -0.064543 0.028505
v -0.016848 -0.064543 0.028505
v -0.016848 -0.065239 0.028875
v -0.016500 -0.065279 0.028827
v -0.016500 -0.064560 0.028445
v -0.016500 -0.066000 0.030365
v -0.016500 -0.065840 0.029582
v -0.016848 -0.065937 0.030365
v -0.016848 -0.065783 0.029607
v -0.016848 -0.065937 0.030365
v -0.016848 -0.065783 0.029607
v -0.016965 -0.065886 0.030365
v -0.016965 -0.065886 0.030365
v -0.016848 -0.065783 0.029607
v -0.017211 -0.065568 0.029698
v -0.017484 -0.065179 0.030365
v -0.017441 -0.065339 0.030365
v -0.017441 -0.065232 0.029841
v -0.017441 -0.065232 0.029841
v -0.017441 -0.065339 0.030365
v -0.017322 -0.065569 0.030365
v -0.017441 -0.065232 0.029841
v -0.017322 -0.065569 0.030365
v -0.017211 -0.065568 0.029698
v -0.017211 -0.065568 0.029698
v -0.017322 -0.065569 0.030365
v -0.017211 -0.065704 0.030365
v -0.017211 -0.065568 0.029698
v -0.017211 -0.065704 0.030365
v -0.016965 -0.065886 0.030365
v -0.017500 -0.065000 0.030365
v -0.017484 -0.065179 0.030365
v -0.017500 -0.064882 0.029893
v -0.017500 -0.064882 0.029893
v -0.017484 -0.065179 0.030365
v -0.017441 -0.065232 0.029841
v -0.017500 -0.064882 0.029893
v -0.017441 -0.065232 0.029841
v -0.017441 -0.064856 0.029335
v -0.017441 -0.064856 0.029335
v -0.017441 -0.065232 0.029841
v -0.017211 -0.065568 0.029698
v -0.017211 -0.065090 0.029055
v -0.017211 -0.065090 0.029055
v -0.017211 -0.065568 0.029698
v -0.016848 -0.065783 0.029607
v -0.016848 -0.065239 0.028875
v -0.016848 -0.065239 0.028875
v -0.016848 -0.065783 0.029607
v -0.016500 -0.065840 0.029582
v -0.016500 -0.065279 0.028827
v -0.017441 0.068339 0.020565
v -0.017383 0.068469 0.020565
v -0.017383 0.068360 0.021121
v -0.016965 0.068885 0.020565
v -0.016628 0.068992 0.020565
v -0.016628 0.068843 0.021319
v -0.017383 0.068469 0.020565
v -0.017322 0.068569 0.020565
v -0.017065 0.068689 0.021256
v -0.017322 0.068569 0.020565
v -0.017210 0.068704 0.020565
v -0.017065 0.068689 0.021256
v -0.017065 0.068689 0.021256
v -0.017210 0.068704 0.020565
v -0.017065 0.068825 0.020565
v -0.017065 0.068689 0.021256
v -0.017065 0.068825 0.020565
v -0.016965 0.068885 0.020565
v -0.017441 0.068339 0.020565
v -0.017383 0.068360 0.021121
v -0.017484 0.068179 0.020565
v -0.017500 0.067886 0.021029
v -0.017500 0.068000 0.020565
v -0.017484 0.068179 0.020565
v -0.017484 0.068179 0.020565
v -0.017383 0.068360 0.021121
v -0.017500 0.067886 0.021029
v -0.017500 0.067886 0.021029
v -0.017383 0.068360 0.021121
v -0.017383 0.068039 0.021604
v -0.017500 0.067886 0.021029
v -0.017383 0.068039 0.021604
v -0.017500 0.067573 0.021385
v -0.017500 0.067573 0.021385
v -0.017383 0.068039 0.021604
v -0.017383 0.067556 0.021925
v -0.017500 0.067573 0.021385
v -0.017383 0.067556 0.021925
v -0.017500 0.067131 0.021557
v -0.017500 0.067131 0.021557
v -0.017383 0.067556 0.021925
v -0.017386 0.067000 0.022030
v -0.017500 0.067131 0.021557
v -0.017386 0.067000 0.022030
v -0.017500 0.067000 0.021565
v -0.017065 0.067000 0.022390
v -0.017069 0.067000 0.022387
v -0.017065 0.067691 0.022254
v -0.017065 0.067691 0.022254
v -0.017069 0.067000 0.022387
v -0.017210 0.067000 0.022269
v -0.016628 0.067754 0.022408
v -0.016679 0.067000 0.022549
v -0.016848 0.067000 0.022503
v -0.017383 0.068469 0.020565
v -0.017065 0.068689 0.021256
v -0.017383 0.068360 0.021121
v -0.017383 0.068360 0.021121
v -0.017065 0.068689 0.021256
v -0.017065 0.068291 0.021856
v -0.017383 0.068039 0.021604
v -0.017383 0.068039 0.021604
v -0.017065 0.068291 0.021856
v -0.017065 0.067691 0.022254
v -0.017383 0.067556 0.021925
v -0.017383 0.067556 0.021925
v -0.017065 0.067691 0.022254
v -0.017210 0.067000 0.022269
v -0.017383 0.067556 0.021925
v -0.017210 0.067000 0.022269
v -0.017386 0.067000 0.022030
v -0.016965 0.068885 0.020565
v -0.016628 0.068843 0.021319
v -0.017065 0.068689 0.021256
v -0.017065 0.068689 0.021256
v -0.016628 0.068843 0.021319
v -0.016628 0.068408 0.021973
v -0.017065 0.068291 0.021856
v -0.017065 0.068291 0.021856
v -0.016628 0.068408 0.021973
v -0.016628 0.067754 0.022408
v -0.017065 0.067691 0.022254
v -0.017065 0.067691 0.022254
v -0.016628 0.067754 0.022408
v -0.016848 0.067000 0.022503
v -0.017065 0.067691 0.022254
v -0.016848 0.067000 0.022503
v -0.017065 0.067000 0.022390
v -0.016500 0.067000 0.022565
v -0.016679 0.067000 0.022549
v -0.016500 0.067758 0.022416
v -0.016500 0.067758 0.022416
v -0.016679 0.067000 0.022549
v -0.016628 0.067754 0.022408
v -0.016500 0.067758 0.022416
v -0.016628 0.067754 0.022408
v -0.016500 0.068414 0.021979
v -0.016628 0.068408 0.021973
v -0.016500 0.068414 0.021979
v -0.016628 0.068408 0.021973
v -0.016500 0.068851 0.021322
v -0.016628 0.068843 0.021319
v -0.016500 0.068851 0.021322
v -0.016628 0.068843 0.021319
v -0.016500 0.069000 0.020565
v -0.016628 0.068992 0.020565
v -0.016500 0.065311 0.028855
v -0.016500 0.065823 0.029542
v -0.016628 0.065815 0.029545
v -0.017383 0.064963 0.029256
v -0.017500 0.064700 0.029651
v -0.017500 0.064280 0.029405
v -0.017500 0.065000 0.030365
v -0.017500 0.064951 0.030057
v -0.017438 0.065346 0.030365
v -0.017438 0.065346 0.030365
v -0.017500 0.064951 0.030057
v -0.017383 0.065339 0.029760
v -0.017438 0.065346 0.030365
v -0.017383 0.065339 0.029760
v -0.017383 0.065469 0.030365
v -0.017383 0.065469 0.030365
v -0.017383 0.065339 0.029760
v -0.017207 0.065707 0.030365
v -0.017207 0.065707 0.030365
v -0.017383 0.065339 0.029760
v -0.017065 0.065664 0.029614
v -0.017207 0.065707 0.030365
v -0.017065 0.065664 0.029614
v -0.017065 0.065825 0.030365
v -0.017065 0.065825 0.030365
v -0.017065 0.065664 0.029614
v -0.016628 0.065815 0.029545
v -0.017065 0.065825 0.030365
v -0.016628 0.065815 0.029545
v -0.016846 0.065938 0.030365
v -0.016846 0.065938 0.030365
v -0.016628 0.065815 0.029545
v -0.016500 0.065823 0.029542
v -0.016846 0.065938 0.030365
v -0.016500 0.065823 0.029542
v -0.016500 0.066000 0.030365
v -0.017383 0.064963 0.029256
v -0.017383 0.064963 0.029256
v -0.017383 0.064411 0.028955
v -0.017330 0.064436 0.028870
v -0.017383 0.064963 0.029256
v -0.017330 0.064436 0.028870
v -0.017065 0.065197 0.028987
v -0.017330 0.064436 0.028870
v -0.017065 0.064511 0.028613
v -0.017065 0.065197 0.028987
v -0.017065 0.065197 0.028987
v -0.017065 0.064511 0.028613
v -0.016977 0.064526 0.028561
v -0.017065 0.065197 0.028987
v -0.016977 0.064526 0.028561
v -0.016628 0.065306 0.028861
v -0.016628 0.065306 0.028861
v -0.016977 0.064526 0.028561
v -0.016628 0.064558 0.028453
v -0.016628 0.065306 0.028861
v -0.016628 0.064558 0.028453
v -0.016500 0.064560 0.028445
v -0.016500 0.065311 0.028855
v -0.016628 0.065306 0.028861
v -0.016628 0.065306 0.028861
v -0.016628 0.065815 0.029545
v -0.017065 0.065197 0.028987
v -0.017065 0.065664 0.029614
v -0.017065 0.065197 0.028987
v -0.017065 0.065664 0.029614
v -0.017383 0.064963 0.029256
v -0.017383 0.065339 0.029760
v -0.017383 0.064963 0.029256
v -0.017383 0.065339 0.029760
v -0.017500 0.064700 0.029651
v -0.017500 0.064700 0.029651
v -0.017383 0.065339 0.029760
v -0.017500 0.064951 0.030057
v -0.016883 0.067000 -0.022359
v -0.016613 0.067000 -0.022429
v -0.016613 0.067763 -0.022277
v -0.017210 0.068704 -0.020435
v -0.017375 0.068484 -0.020435
v -0.017375 0.068371 -0.021003
v -0.017500 0.067820 -0.021008
v -0.017500 0.067948 -0.020828
v -0.017500 0.067992 -0.020566
v -0.017500 0.067992 -0.020566
v -0.017500 0.067948 -0.020828
v -0.017500 0.068026 -0.020435
v -0.017500 0.067392 -0.021383
v -0.017375 0.067568 -0.021806
v -0.017375 0.068049 -0.021484
v -0.017375 0.068484 -0.020435
v -0.017500 0.068026 -0.020435
v -0.017375 0.068371 -0.021003
v -0.017500 0.067948 -0.020828
v -0.017375 0.068371 -0.021003
v -0.017500 0.067948 -0.020828
v -0.017500 0.067725 -0.021160
v -0.017500 0.067725 -0.021160
v -0.017500 0.067948 -0.020828
v -0.017500 0.067820 -0.021008
v -0.017500 0.067725 -0.021160
v -0.017051 0.068695 -0.021137
v -0.017375 0.068049 -0.021484
v -0.017051 0.068297 -0.021732
v -0.017051 0.068297 -0.021732
v -0.017375 0.068049 -0.021484
v -0.017375 0.067568 -0.021806
v -0.017051 0.067702 -0.022130
v -0.017051 0.068834 -0.020435
v -0.017210 0.068704 -0.020435
v -0.017051 0.068695 -0.021137
v -0.017051 0.068695 -0.021137
v -0.017210 0.068704 -0.020435
v -0.017375 0.068371 -0.021003
v -0.017375 0.068371 -0.021003
v -0.017375 0.068049 -0.021484
v -0.017500 0.067725 -0.021160
v -0.017500 0.067392 -0.021383
v -0.017500 0.067725 -0.021160
v -0.017500 0.067464 -0.021321
v -0.017500 0.067392 -0.021383
v -0.017500 0.067464 -0.021321
v -0.017500 0.067392 -0.021383
v -0.017500 0.067000 -0.021461
v -0.017375 0.067000 -0.021919
v -0.017375 0.067568 -0.021806
v -0.017375 0.067568 -0.021806
v -0.017375 0.067000 -0.021919
v -0.017207 0.067000 -0.022142
v -0.017375 0.067568 -0.021806
v -0.017207 0.067000 -0.022142
v -0.017051 0.067702 -0.022130
v -0.017051 0.067702 -0.022130
v -0.017207 0.067000 -0.022142
v -0.017051 0.067000 -0.022269
v -0.017051 0.067702 -0.022130
v -0.017051 0.067000 -0.022269
v -0.016883 0.067000 -0.022359
v -0.016613 0.068842 -0.021198
v -0.016613 0.068994 -0.020435
v -0.016848 0.068938 -0.020435
v -0.016883 0.067000 -0.022359
v -0.016613 0.067763 -0.022277
v -0.017051 0.067702 -0.022130
v -0.017051 0.067702 -0.022130
v -0.016613 0.067763 -0.022277
v -0.016613 0.068410 -0.021845
v -0.017051 0.068297 -0.021732
v -0.017051 0.068297 -0.021732
v -0.016613 0.068410 -0.021845
v -0.016613 0.068842 -0.021198
v -0.017051 0.068695 -0.021137
v -0.017051 0.068695 -0.021137
v -0.016613 0.068842 -0.021198
v -0.016848 0.068938 -0.020435
v -0.017051 0.068695 -0.021137
v -0.016848 0.068938 -0.020435
v -0.017051 0.068834 -0.020435
v -0.016500 0.069000 -0.020435
v -0.016613 0.068994 -0.020435
v -0.016500 0.068848 -0.021200
v -0.016613 0.068842 -0.021198
v -0.016500 0.068848 -0.021200
v -0.016613 0.068842 -0.021198
v -0.016500 0.068414 -0.021849
v -0.016613 0.068410 -0.021845
v -0.016500 0.068414 -0.021849
v -0.016613 0.068410 -0.021845
v -0.016500 0.067765 -0.022283
v -0.016613 0.067763 -0.022277
v -0.016500 0.067765 -0.022283
v -0.016613 0.067763 -0.022277
v -0.016500 0.067000 -0.022435
v -0.016613 0.067000 -0.022429
v -0.017330 0.065019 -0.029057
v -0.017330 0.064436 -0.028740
v -0.017493 0.064314 -0.029160
v -0.016976 0.065709 -0.029453
v -0.016976 0.065229 -0.028813
v -0.017330 0.065019 -0.029057
v -0.016848 0.065937 -0.030235
v -0.016500 0.066000 -0.030235
v -0.016500 0.065819 -0.029403
v -0.016976 0.065709 -0.029453
v -0.016976 0.065879 -0.030235
v -0.016965 0.065886 -0.030235
v -0.017330 0.065416 -0.029587
v -0.017322 0.065569 -0.030235
v -0.017210 0.065704 -0.030235
v -0.017441 0.065339 -0.030235
v -0.017493 0.065018 -0.029769
v -0.017484 0.065179 -0.030235
v -0.017484 0.065179 -0.030235
v -0.017493 0.065018 -0.029769
v -0.017500 0.064882 -0.029763
v -0.017484 0.065179 -0.030235
v -0.017500 0.064882 -0.029763
v -0.017500 0.065000 -0.030235
v -0.016500 0.065308 -0.028722
v -0.016976 0.065229 -0.028813
v -0.016500 0.065819 -0.029403
v -0.016976 0.065709 -0.029453
v -0.016500 0.065819 -0.029403
v -0.016976 0.065709 -0.029453
v -0.016848 0.065937 -0.030235
v -0.016848 0.065937 -0.030235
v -0.016976 0.065709 -0.029453
v -0.016965 0.065886 -0.030235
v -0.017330 0.064436 -0.028740
v -0.017330 0.065019 -0.029057
v -0.016976 0.065229 -0.028813
v -0.016976 0.064526 -0.028431
v -0.016976 0.064526 -0.028431
v -0.016976 0.065229 -0.028813
v -0.016500 0.065308 -0.028722
v -0.016500 0.064560 -0.028315
v -0.017500 0.064562 -0.029408
v -0.017500 0.064882 -0.029763
v -0.017493 0.064732 -0.029388
v -0.017493 0.064732 -0.029388
v -0.017500 0.064882 -0.029763
v -0.017493 0.065018 -0.029769
v -0.017493 0.064732 -0.029388
v -0.017493 0.065018 -0.029769
v -0.017330 0.065416 -0.029587
v -0.017330 0.065416 -0.029587
v -0.017493 0.065018 -0.029769
v -0.017441 0.065339 -0.030235
v -0.017330 0.065416 -0.029587
v -0.017441 0.065339 -0.030235
v -0.017322 0.065569 -0.030235
v -0.017500 0.064562 -0.029408
v -0.017493 0.064314 -0.029160
v -0.017500 0.064562 -0.029408
v -0.017493 0.064732 -0.029388
v -0.017493 0.064732 -0.029388
v -0.017330 0.065019 -0.029057
v -0.017330 0.065416 -0.029587
v -0.016976 0.065709 -0.029453
v -0.017330 0.065416 -0.029587
v -0.017210 0.065704 -0.030235
v -0.016976 0.065709 -0.029453
v -0.017210 0.065704 -0.030235
v -0.016976 0.065879 -0.030235
v -0.016500 -0.068408 -0.021855
v -0.016500 -0.067754 -0.022288
v -0.016613 -0.067751 -0.022282
v -0.017500 -0.067947 -0.020830
v -0.017500 -0.067886 -0.020899
v -0.017500 -0.067000 -0.021435
v -0.017500 -0.067131 -0.021427
v -0.017386 -0.067000 -0.021900
v -0.017386 -0.067000 -0.021900
v -0.017500 -0.067131 -0.021427
v -0.017500 -0.067387 -0.021385
v -0.017386 -0.067000 -0.021900
v -0.017500 -0.067387 -0.021385
v -0.017375 -0.067559 -0.021809
v -0.017051 -0.067000 -0.022269
v -0.017069 -0.067000 -0.022257
v -0.017051 -0.067691 -0.022134
v -0.017051 -0.067691 -0.022134
v -0.017069 -0.067000 -0.022257
v -0.017207 -0.067000 -0.022142
v -0.017051 -0.067691 -0.022134
v -0.017207 -0.067000 -0.022142
v -0.017375 -0.067559 -0.021809
v -0.017375 -0.067559 -0.021809
v -0.017207 -0.067000 -0.022142
v -0.017375 -0.067000 -0.021919
v -0.017375 -0.067559 -0.021809
v -0.017375 -0.067000 -0.021919
v -0.017386 -0.067000 -0.021900
v -0.017051 -0.067000 -0.022269
v -0.017051 -0.067691 -0.022134
v -0.016846 -0.067000 -0.022373
v -0.016846 -0.067000 -0.022373
v -0.017051 -0.067691 -0.022134
v -0.016613 -0.067751 -0.022282
v -0.016846 -0.067000 -0.022373
v -0.016613 -0.067751 -0.022282
v -0.016679 -0.067000 -0.022419
v -0.016679 -0.067000 -0.022419
v -0.016613 -0.067751 -0.022282
v -0.016500 -0.067754 -0.022288
v -0.016679 -0.067000 -0.022419
v -0.016500 -0.067754 -0.022288
v -0.016500 -0.067000 -0.022435
v -0.017500 -0.067947 -0.020830
v -0.017500 -0.068026 -0.020435
v -0.017375 -0.068484 -0.020435
v -0.017375 -0.068370 -0.021006
v -0.017375 -0.068370 -0.021006
v -0.017375 -0.068484 -0.020435
v -0.017051 -0.068834 -0.020435
v -0.017051 -0.068693 -0.021141
v -0.017051 -0.068693 -0.021141
v -0.017051 -0.068834 -0.020435
v -0.017000 -0.068866 -0.020435
v -0.017051 -0.068693 -0.021141
v -0.017000 -0.068866 -0.020435
v -0.016613 -0.068840 -0.021202
v -0.016613 -0.068840 -0.021202
v -0.017000 -0.068866 -0.020435
v -0.016613 -0.068994 -0.020435
v -0.016613 -0.068840 -0.021202
v -0.016613 -0.068994 -0.020435
v -0.016500 -0.069000 -0.020435
v -0.016500 -0.068846 -0.021204
v -0.016613 -0.068840 -0.021202
v -0.016500 -0.068846 -0.021204
v -0.016613 -0.068404 -0.021851
v -0.016613 -0.068840 -0.021202
v -0.016613 -0.068404 -0.021851
v -0.017051 -0.068693 -0.021141
v -0.017051 -0.068292 -0.021737
v -0.017051 -0.068693 -0.021141
v -0.017051 -0.068292 -0.021737
v -0.017375 -0.068370 -0.021006
v -0.017375 -0.068045 -0.021489
v -0.017375 -0.068370 -0.021006
v -0.017375 -0.068045 -0.021489
v -0.017500 -0.067947 -0.020830
v -0.017500 -0.067722 -0.021163
v -0.017500 -0.067947 -0.020830
v -0.017500 -0.067722 -0.021163
v -0.017500 -0.067886 -0.020899
v -0.017500 -0.067722 -0.021163
v -0.016500 -0.068408 -0.021855
v -0.016613 -0.068404 -0.021851
v -0.016613 -0.068404 -0.021851
v -0.016613 -0.067751 -0.022282
v -0.017051 -0.068292 -0.021737
v -0.017051 -0.067691 -0.022134
v -0.017051 -0.068292 -0.021737
v -0.017051 -0.067691 -0.022134
v -0.017375 -0.068045 -0.021489
v -0.017375 -0.067559 -0.021809
v -0.017375 -0.068045 -0.021489
v -0.017375 -0.067559 -0.021809
v -0.017500 -0.067722 -0.021163
v -0.017500 -0.067387 -0.021385
v -0.017500 -0.067722 -0.021163
v -0.017500 -0.067387 -0.021385
v -0.017500 -0.067573 -0.021255
v -0.017500 -0.067573 -0.021255
v -0.017500 -0.067387 -0.021385
v -0.017500 -0.067131 -0.021427
v -0.017500 -0.064671 -0.029459
v -0.017500 -0.064700 -0.029521
v -0.017500 -0.064280 -0.029275
v -0.017500 -0.065000 -0.030235
v -0.017500 -0.064951 -0.029927
v -0.017385 -0.065465 -0.030235
v -0.017500 -0.064933 -0.029808
v -0.017385 -0.065465 -0.030235
v -0.017500 -0.064933 -0.029808
v -0.017375 -0.065349 -0.029618
v -0.017051 -0.065834 -0.030235
v -0.017069 -0.065822 -0.030235
v -0.017051 -0.065668 -0.029472
v -0.017051 -0.065668 -0.029472
v -0.017069 -0.065822 -0.030235
v -0.017210 -0.065704 -0.030235
v -0.017051 -0.065668 -0.029472
v -0.017210 -0.065704 -0.030235
v -0.017375 -0.065349 -0.029618
v -0.017375 -0.065349 -0.029618
v -0.017210 -0.065704 -0.030235
v -0.017375 -0.065484 -0.030235
v -0.017375 -0.065349 -0.029618
v -0.017375 -0.065484 -0.030235
v -0.017385 -0.065465 -0.030235
v -0.017051 -0.065834 -0.030235
v -0.017051 -0.065668 -0.029472
v -0.016848 -0.065937 -0.030235
v -0.016848 -0.065937 -0.030235
v -0.017051 -0.065668 -0.029472
v -0.016613 -0.065813 -0.029406
v -0.016848 -0.065937 -0.030235
v -0.016613 -0.065813 -0.029406
v -0.016679 -0.065984 -0.030235
v -0.017500 -0.064671 -0.029459
v -0.017500 -0.064671 -0.029459
v -0.017500 -0.064287 -0.029250
v -0.017375 -0.064415 -0.028810
v -0.017375 -0.064970 -0.029112
v -0.017375 -0.064970 -0.029112
v -0.017375 -0.064415 -0.028810
v -0.017330 -0.064436 -0.028740
v -0.017375 -0.064970 -0.029112
v -0.017330 -0.064436 -0.028740
v -0.017051 -0.065200 -0.028847
v -0.016613 -0.064558 -0.028321
v -0.016613 -0.065304 -0.028727
v -0.016977 -0.064526 -0.028431
v -0.016977 -0.064526 -0.028431
v -0.016613 -0.065304 -0.028727
v -0.017051 -0.065200 -0.028847
v -0.016977 -0.064526 -0.028431
v -0.017051 -0.065200 -0.028847
v -0.017051 -0.064514 -0.028474
v -0.017051 -0.064514 -0.028474
v -0.017051 -0.065200 -0.028847
v -0.017330 -0.064436 -0.028740
v -0.017500 -0.064951 -0.029927
v -0.017500 -0.064700 -0.029521
v -0.017500 -0.064933 -0.029808
v -0.017500 -0.064933 -0.029808
v -0.017500 -0.064700 -0.029521
v -0.017500 -0.064671 -0.029459
v -0.017500 -0.064933 -0.029808
v -0.017500 -0.064671 -0.029459
v -0.017375 -0.065349 -0.029618
v -0.017375 -0.064970 -0.029112
v -0.017375 -0.065349 -0.029618
v -0.017375 -0.064970 -0.029112
v -0.017051 -0.065668 -0.029472
v -0.017051 -0.065200 -0.028847
v -0.017051 -0.065668 -0.029472
v -0.017051 -0.065200 -0.028847
v -0.016613 -0.065813 -0.029406
v -0.016613 -0.065304 -0.028727
v -0.016500 -0.066000 -0.030235
v -0.016679 -0.065984 -0.030235
v -0.016500 -0.065819 -0.029403
v -0.016500 -0.065819 -0.029403
v -0.016679 -0.065984 -0.030235
v -0.016613 -0.065813 -0.029406
v -0.016500 -0.065819 -0.029403
v -0.016613 -0.065813 -0.029406
v -0.016500 -0.065308 -0.028722
v -0.016613 -0.065304 -0.028727
v -0.016500 -0.065308 -0.028722
v -0.016613 -0.065304 -0.028727
v -0.016500 -0.064560 -0.028315
v -0.016613 -0.064558 -0.028321
v -0.016000 -0.023500 0.016815
v -0.017500 -0.023500 0.016815
v -0.016000 0.023500 0.016815
v -0.017500 0.023500 0.016815
v -0.017500 -0.023500 0.016815
v -0.016000 -0.023500 0.016815
v -0.017500 -0.024538 0.016630
v -0.016000 -0.024538 0.016630
v -0.017500 -0.024538 0.016630
v -0.016000 -0.024538 0.016630
v -0.017500 -0.025621 0.015936
v -0.016000 -0.025621 0.015936
v -0.017500 -0.025621 0.015936
v -0.016000 -0.025621 0.015936
v -0.017500 -0.026315 0.014853
v -0.016000 -0.026315 0.014853
v -0.017500 -0.026315 0.014853
v -0.016000 -0.026315 0.014853
v -0.017500 -0.026500 0.013815
v -0.016000 -0.026500 0.013815
v -0.017500 -0.026500 0.013815
v -0.016000 -0.026500 0.013815
v -0.017500 -0.026500 -0.018185
v -0.016000 -0.026500 -0.018185
v -0.017500 -0.026500 -0.018185
v -0.016000 -0.026500 -0.018185
v -0.017500 -0.026315 -0.019223
v -0.016000 -0.026315 -0.019223
v -0.017500 -0.026315 -0.019223
v -0.016000 -0.026315 -0.019223
v -0.017500 -0.025621 -0.020306
v -0.016000 -0.025621 -0.020306
v -0.017500 -0.025621 -0.020306
v -0.016000 -0.025621 -0.020306
v -0.017500 -0.024538 -0.021000
v -0.016000 -0.024538 -0.021000
v -0.017500 -0.024538 -0.021000
v -0.016000 -0.024538 -0.021000
v -0.017500 -0.023500 -0.021185
v -0.016000 -0.023500 -0.021185
v -0.017500 -0.023500 -0.021185
v -0.016000 -0.023500 -0.021185
v -0.017500 0.023500 -0.021185
v -0.016000 0.023500 -0.021185
v -0.017500 0.023500 -0.021185
v -0.016000 0.023500 -0.021185
v -0.017500 0.024538 -0.021000
v -0.016000 0.024538 -0.021000
v -0.017500 0.024538 -0.021000
v -0.016000 0.024538 -0.021000
v -0.017500 0.025621 -0.020306
v -0.016000 0.025621 -0.020306
v -0.017500 0.025621 -0.020306
v -0.016000 0.025621 -0.020306
v -0.017500 0.026315 -0.019223
v -0.016000 0.026315 -0.019223
v -0.017500 0.026315 -0.019223
v -0.016000 0.026315 -0.019223
v -0.017500 0.026500 -0.018185
v -0.016000 0.026500 -0.018185
v -0.017500 0.026500 -0.018185
v -0.016000 0.026500 -0.018185
v -0.017500 0.026500 0.013815
v -0.016000 0.026500 0.013815
v -0.017500 0.026500 0.013815
v -0.016000 0.026500 0.013815
v -0.017500 0.026315 0.014853
v -0.016000 0.026315 0.014853
v -0.017500 0.026315 0.014853
v -0.016000 0.026315 0.014853
v -0.017500 0.025621 0.015936
v -0.016000 0.025621 0.015936
v -0.017500 0.025621 0.015936
v -0.016000 0.025621 0.015936
v -0.017500 0.024538 0.016630
v -0.016000 0.024538 0.016630
v -0.017500 0.024538 0.016630
v -0.016000 0.024538 0.016630
v -0.017500 0.023500 0.016815
v -0.016000 0.023500 0.016815
v -0.013000 -0.035987 0.045007
v -0.016500 -0.035987 0.045007
v -0.013000 -0.036382 0.044612
v -0.016500 -0.036382 0.044612
v -0.016500 -0.037074 0.044069
v -0.016500 -0.036382 0.044612
v -0.016885 -0.036442 0.044661
v -0.017500 -0.037933 0.044875
v -0.017427 -0.037933 0.044500
v -0.017500 -0.037769 0.044888
v -0.017500 -0.037769 0.044888
v -0.017427 -0.037933 0.044500
v -0.017500 -0.037766 0.044889
v -0.017500 -0.037157 0.045243
v -0.017500 -0.037499 0.044974
v -0.017493 -0.037065 0.045168
v -0.017493 -0.037065 0.045168
v -0.017500 -0.037499 0.044974
v -0.017427 -0.037342 0.044633
v -0.016500 -0.037074 0.044069
v -0.016885 -0.037107 0.044138
v -0.016500 -0.037933 0.043875
v -0.016885 -0.037933 0.043952
v -0.016885 -0.037933 0.043952
v -0.016885 -0.037107 0.044138
v -0.017000 -0.037933 0.044009
v -0.017000 -0.037933 0.044009
v -0.016885 -0.037107 0.044138
v -0.017211 -0.037202 0.044336
v -0.017000 -0.037933 0.044009
v -0.017211 -0.037202 0.044336
v -0.017211 -0.037933 0.044172
v -0.016885 -0.037107 0.044138
v -0.016885 -0.037107 0.044138
v -0.016885 -0.036442 0.044661
v -0.016976 -0.036476 0.044688
v -0.016885 -0.037107 0.044138
v -0.016976 -0.036476 0.044688
v -0.017211 -0.037202 0.044336
v -0.017211 -0.037933 0.044172
v -0.017211 -0.037202 0.044336
v -0.017366 -0.037933 0.044375
v -0.017366 -0.037933 0.044375
v -0.017211 -0.037202 0.044336
v -0.017427 -0.037342 0.044633
v -0.017366 -0.037933 0.044375
v -0.017427 -0.037342 0.044633
v -0.017427 -0.037933 0.044500
v -0.017427 -0.037933 0.044500
v -0.017427 -0.037342 0.044633
v -0.017500 -0.037499 0.044974
v -0.017427 -0.037933 0.044500
v -0.017500 -0.037499 0.044974
v -0.017500 -0.037766 0.044889
v -0.016976 -0.036476 0.044688
v -0.017211 -0.036612 0.044799
v -0.017211 -0.037202 0.044336
v -0.017211 -0.037202 0.044336
v -0.017211 -0.036612 0.044799
v -0.017330 -0.036725 0.044891
v -0.017211 -0.037202 0.044336
v -0.017330 -0.036725 0.044891
v -0.017427 -0.037342 0.044633
v -0.017427 -0.037342 0.044633
v -0.017330 -0.036725 0.044891
v -0.017427 -0.036866 0.045006
v -0.017427 -0.037342 0.044633
v -0.017427 -0.036866 0.045006
v -0.017493 -0.037065 0.045168
v -0.017441 -0.057067 0.044536
v -0.017500 -0.057067 0.044875
v -0.017500 -0.057497 0.044972
v -0.017500 -0.057843 0.045244
v -0.017481 -0.057995 0.045120
v -0.017500 -0.057497 0.044972
v -0.017500 -0.057497 0.044972
v -0.017481 -0.057995 0.045120
v -0.017441 -0.057646 0.044667
v -0.017441 -0.057646 0.044667
v -0.017441 -0.057067 0.044536
v -0.017441 -0.057646 0.044667
v -0.017211 -0.057803 0.044338
v -0.017211 -0.057067 0.044171
v -0.017211 -0.057067 0.044171
v -0.017211 -0.057803 0.044338
v -0.016848 -0.057904 0.044128
v -0.016848 -0.057067 0.043938
v -0.016848 -0.057067 0.043938
v -0.016848 -0.057904 0.044128
v -0.016500 -0.057931 0.044071
v -0.016500 -0.057067 0.043875
v -0.016500 -0.058618 0.044612
v -0.016500 -0.057931 0.044071
v -0.016848 -0.058569 0.044651
v -0.016848 -0.057904 0.044128
v -0.016848 -0.058569 0.044651
v -0.016848 -0.057904 0.044128
v -0.016959 -0.058531 0.044682
v -0.016959 -0.058531 0.044682
v -0.016848 -0.057904 0.044128
v -0.017211 -0.057803 0.044338
v -0.017481 -0.057995 0.045120
v -0.017441 -0.058106 0.045030
v -0.017441 -0.057646 0.044667
v -0.017441 -0.057646 0.044667
v -0.017441 -0.058106 0.045030
v -0.017330 -0.058275 0.044891
v -0.017441 -0.057646 0.044667
v -0.017330 -0.058275 0.044891
v -0.017211 -0.057803 0.044338
v -0.017211 -0.057803 0.044338
v -0.017330 -0.058275 0.044891
v -0.017276 -0.058332 0.044846
v -0.017211 -0.057803 0.044338
v -0.017276 -0.058332 0.044846
v -0.016959 -0.058531 0.044682
v -0.017500 -0.062410 -0.012641
v -0.017500 -0.062375 -0.012435
v -0.017500 -0.063590 -0.012641
v -0.017500 -0.063625 -0.012435
v -0.017500 -0.062410 -0.012229
v -0.017500 -0.063590 -0.012229
v -0.017500 -0.062847 -0.013041
v -0.017500 -0.062578 -0.012896
v -0.017500 -0.063153 -0.013041
v -0.017500 -0.063422 -0.012896
v -0.017500 -0.063153 -0.011829
v -0.017500 -0.063422 -0.011974
v -0.017500 -0.062847 -0.011829
v -0.017500 -0.062578 -0.011974
v -0.017500 -0.062410 0.012359
v -0.017500 -0.062375 0.012565
v -0.017500 -0.063590 0.012359
v -0.017500 -0.063625 0.012565
v -0.017500 -0.062410 0.012771
v -0.017500 -0.063590 0.012771
v -0.017500 -0.062847 0.011959
v -0.017500 -0.062578 0.012104
v -0.017500 -0.063153 0.011959
v -0.017500 -0.063422 0.012104
v -0.017500 -0.063153 0.013171
v -0.017500 -0.063422 0.013026
v -0.017500 -0.062847 0.013171
v -0.017500 -0.062578 0.013026
v -0.017500 0.062410 -0.012229
v -0.017500 0.062375 -0.012435
v -0.017500 0.063590 -0.012229
v -0.017500 0.063625 -0.012435
v -0.017500 0.062410 -0.012641
v -0.017500 0.063590 -0.012641
v -0.017500 0.062847 -0.011829
v -0.017500 0.062578 -0.011974
v -0.017500 0.063153 -0.011829
v -0.017500 0.063422 -0.011974
v -0.017500 0.063153 -0.013041
v -0.017500 0.063422 -0.012896
v -0.017500 0.062847 -0.013041
v -0.017500 0.062578 -0.012896
v -0.017500 0.063422 0.013026
v -0.017500 0.063153 0.013171
v -0.017500 0.062847 0.013171
v -0.017500 0.062578 0.012104
v -0.017500 0.062847 0.011959
v -0.017500 0.063153 0.011959
v -0.017500 0.062578 0.013026
v -0.017500 0.062410 0.012771
v -0.017500 0.063590 0.012771
v -0.017500 0.062375 0.012565
v -0.017500 0.063625 0.012565
v -0.017500 0.062410 0.012359
v -0.017500 0.063590 0.012359
v -0.017500 0.063422 0.012104
v -0.016500 0.057926 0.044069
v -0.016500 0.058618 0.044612
v -0.016885 0.058558 0.044661
v -0.017500 0.057067 0.044875
v -0.017427 0.057658 0.044632
v -0.017500 0.057496 0.044972
v -0.017500 0.057496 0.044972
v -0.017427 0.057658 0.044632
v -0.017493 0.057936 0.045168
v -0.017500 0.057496 0.044972
v -0.017493 0.057936 0.045168
v -0.017500 0.057843 0.045243
v -0.016885 0.057893 0.044138
v -0.016885 0.057893 0.044138
v -0.016885 0.058558 0.044661
v -0.016976 0.058524 0.044688
v -0.016885 0.057893 0.044138
v -0.016976 0.058524 0.044688
v -0.017211 0.057799 0.044336
v -0.017500 0.057067 0.044875
v -0.017441 0.057067 0.044536
v -0.017427 0.057658 0.044632
v -0.017427 0.057658 0.044632
v -0.017441 0.057067 0.044536
v -0.017210 0.057067 0.044171
v -0.017427 0.057658 0.044632
v -0.017210 0.057067 0.044171
v -0.017211 0.057799 0.044336
v -0.017211 0.057799 0.044336
v -0.017210 0.057067 0.044171
v -0.016885 0.057067 0.043952
v -0.016885 0.057893 0.044138
v -0.016885 0.057893 0.044138
v -0.016885 0.057067 0.043952
v -0.016848 0.057067 0.043938
v -0.016885 0.057893 0.044138
v -0.016848 0.057067 0.043938
v -0.016500 0.057926 0.044069
v -0.016500 0.057926 0.044069
v -0.016848 0.057067 0.043938
v -0.016500 0.057067 0.043875
v -0.016976 0.058524 0.044688
v -0.017211 0.058388 0.044799
v -0.017211 0.057799 0.044336
v -0.017211 0.057799 0.044336
v -0.017211 0.058388 0.044799
v -0.017330 0.058275 0.044891
v -0.017211 0.057799 0.044336
v -0.017330 0.058275 0.044891
v -0.017427 0.057658 0.044632
v -0.017427 0.057658 0.044632
v -0.017330 0.058275 0.044891
v -0.017427 0.058134 0.045006
v -0.017427 0.057658 0.044632
v -0.017427 0.058134 0.045006
v -0.017493 0.057936 0.045168
v -0.017211 0.036612 0.044799
v -0.016959 0.036468 0.044682
v -0.016870 0.036739 0.044360
v -0.017211 0.036612 0.044799
v -0.017211 0.037206 0.044334
v -0.017322 0.036716 0.044884
v -0.017322 0.036716 0.044884
v -0.017211 0.037206 0.044334
v -0.017432 0.037352 0.044644
v -0.017322 0.036716 0.044884
v -0.017432 0.037352 0.044644
v -0.017432 0.036877 0.045016
v -0.017432 0.036877 0.045016
v -0.017432 0.037352 0.044644
v -0.017491 0.037052 0.045158
v -0.017500 0.037503 0.044972
v -0.017500 0.037157 0.045244
v -0.017491 0.037052 0.045158
v -0.017432 0.037352 0.044644
v -0.017441 0.037933 0.044536
v -0.017481 0.037933 0.044678
v -0.017491 0.037052 0.045158
v -0.017432 0.037352 0.044644
v -0.017500 0.037503 0.044972
v -0.017500 0.037503 0.044972
v -0.017432 0.037352 0.044644
v -0.017481 0.037933 0.044678
v -0.017500 0.037503 0.044972
v -0.017481 0.037933 0.044678
v -0.017500 0.037933 0.044875
v -0.017211 0.036612 0.044799
v -0.016870 0.036739 0.044360
v -0.017211 0.037206 0.044334
v -0.017211 0.037206 0.044334
v -0.016870 0.036739 0.044360
v -0.016870 0.037110 0.044131
v -0.017211 0.037206 0.044334
v -0.016870 0.037110 0.044131
v -0.016870 0.037522 0.043990
v -0.017441 0.037933 0.044536
v -0.017432 0.037352 0.044644
v -0.017276 0.037933 0.044245
v -0.017276 0.037933 0.044245
v -0.017432 0.037352 0.044644
v -0.017211 0.037206 0.044334
v -0.017276 0.037933 0.044245
v -0.017211 0.037206 0.044334
v -0.017211 0.037933 0.044172
v -0.017211 0.037933 0.044172
v -0.017211 0.037206 0.044334
v -0.016870 0.037522 0.043990
v -0.017211 0.037933 0.044172
v -0.016870 0.037522 0.043990
v -0.016959 0.037933 0.043987
v -0.016959 0.036468 0.044682
v -0.016500 0.036382 0.044612
v -0.016870 0.036739 0.044360
v -0.016870 0.036739 0.044360
v -0.016500 0.036382 0.044612
v -0.016500 0.036695 0.044304
v -0.016870 0.036739 0.044360
v -0.016500 0.036695 0.044304
v -0.016870 0.037110 0.044131
v -0.016870 0.037110 0.044131
v -0.016500 0.036695 0.044304
v -0.016500 0.037074 0.044069
v -0.016870 0.037110 0.044131
v -0.016500 0.037074 0.044069
v -0.016870 0.037522 0.043990
v -0.016500 0.037507 0.043921
v -0.016870 0.037522 0.043990
v -0.016500 0.037507 0.043921
v -0.016959 0.037933 0.043987
v -0.016959 0.037933 0.043987
v -0.016500 0.037507 0.043921
v -0.016500 0.037933 0.043875
v -0.016500 0.036382 0.044612
v -0.016500 0.035987 0.045007
v -0.013000 0.036382 0.044612
v -0.013000 0.035987 0.045007
v -0.017491 0.037052 0.045158
v -0.017500 0.037157 0.045244
v -0.017375 0.036313 0.045407
v -0.017375 0.036313 0.045407
v -0.017500 0.037157 0.045244
v -0.017500 0.036901 0.045527
v -0.017375 0.036313 0.045407
v -0.017500 0.036901 0.045527
v -0.017500 0.036602 0.045762
v -0.017500 0.036602 0.045762
v -0.017500 0.036901 0.045527
v -0.017500 0.036618 0.045782
v -0.016959 0.036468 0.044682
v -0.017211 0.036612 0.044799
v -0.017330 0.036266 0.045350
v -0.017330 0.036266 0.045350
v -0.017211 0.036612 0.044799
v -0.017322 0.036716 0.044884
v -0.017330 0.036266 0.045350
v -0.017322 0.036716 0.044884
v -0.017375 0.036313 0.045407
v -0.017375 0.036313 0.045407
v -0.017322 0.036716 0.044884
v -0.017432 0.036877 0.045016
v -0.017375 0.036313 0.045407
v -0.017432 0.036877 0.045016
v -0.017491 0.037052 0.045158
v -0.017330 0.036266 0.045350
v -0.017051 0.036091 0.045136
v -0.016959 0.036468 0.044682
v -0.016959 0.036468 0.044682
v -0.017051 0.036091 0.045136
v -0.016977 0.036063 0.045101
v -0.016959 0.036468 0.044682
v -0.016977 0.036063 0.045101
v -0.016500 0.036382 0.044612
v -0.016500 0.036382 0.044612
v -0.016977 0.036063 0.045101
v -0.016613 0.035991 0.045012
v -0.016500 0.036382 0.044612
v -0.016613 0.035991 0.045012
v -0.016500 0.035987 0.045007
v -0.017500 -0.036618 0.045782
v -0.017500 -0.037157 0.045243
v -0.017493 -0.037065 0.045168
v -0.016500 -0.036382 0.044612
v -0.016500 -0.035987 0.045007
v -0.016885 -0.036442 0.044661
v -0.016885 -0.036036 0.045067
v -0.016885 -0.036442 0.044661
v -0.016885 -0.036036 0.045067
v -0.016976 -0.036476 0.044688
v -0.016976 -0.036063 0.045101
v -0.016976 -0.036476 0.044688
v -0.016976 -0.036063 0.045101
v -0.017211 -0.036612 0.044799
v -0.017211 -0.036174 0.045237
v -0.017211 -0.036612 0.044799
v -0.017211 -0.036174 0.045237
v -0.017330 -0.036725 0.044891
v -0.017330 -0.036266 0.045350
v -0.017330 -0.036725 0.044891
v -0.017330 -0.036266 0.045350
v -0.017427 -0.036866 0.045006
v -0.017427 -0.036381 0.045491
v -0.017427 -0.036866 0.045006
v -0.017427 -0.036381 0.045491
v -0.017493 -0.037065 0.045168
v -0.017493 -0.036543 0.045689
v -0.017493 -0.036543 0.045689
v -0.017500 -0.025621 0.015936
v -0.017500 -0.026315 0.014853
v -0.017500 -0.024538 0.016630
v -0.017500 -0.026500 0.013815
v -0.017500 -0.023500 0.016815
v -0.017500 -0.023500 -0.021185
v -0.017500 0.023500 0.016815
v -0.017500 0.023500 -0.021185
v -0.017500 0.026500 -0.018185
v -0.017500 -0.025621 -0.020306
v -0.017500 -0.024538 -0.021000
v -0.017500 -0.026315 -0.019223
v -0.017500 -0.026500 -0.018185
v -0.017500 0.024538 -0.021000
v -0.017500 0.025621 -0.020306
v -0.017500 0.026315 -0.019223
v -0.017500 0.025621 0.015936
v -0.017500 0.024538 0.016630
v -0.017500 0.026315 0.014853
v -0.017500 0.026500 0.013815
v -0.014052 -0.035250 0.046558
v -0.016500 -0.035250 0.046558
v -0.016500 -0.035444 0.045699
v -0.014052 -0.035250 0.046558
v -0.016500 -0.035444 0.045699
v -0.013000 -0.035308 0.046080
v -0.016500 -0.035987 0.045007
v -0.013000 -0.035987 0.045007
v -0.016500 -0.035444 0.045699
v -0.013000 -0.035444 0.045699
v -0.016500 -0.035444 0.045699
v -0.013000 -0.035444 0.045699
v -0.013000 -0.035308 0.046080
v -0.014052 0.035250 0.046558
v -0.013000 0.035308 0.046080
v -0.013000 0.035444 0.045699
v -0.016500 0.035250 0.046558
v -0.014052 0.035250 0.046558
v -0.016500 0.035444 0.045699
v -0.013000 0.035444 0.045699
v -0.016500 0.035444 0.045699
v -0.013000 0.035444 0.045699
v -0.016500 0.035987 0.045007
v -0.013000 0.035987 0.045007
v -0.017438 -0.035904 0.046558
v -0.017500 -0.036250 0.046558
v -0.017500 -0.036347 0.046129
v -0.016500 -0.035250 0.046558
v -0.016846 -0.035312 0.046558
v -0.016500 -0.035444 0.045699
v -0.016500 -0.035444 0.045699
v -0.016846 -0.035312 0.046558
v -0.016885 -0.035513 0.045732
v -0.016500 -0.035444 0.045699
v -0.016885 -0.035513 0.045732
v -0.016500 -0.035987 0.045007
v -0.017211 -0.035711 0.045826
v -0.016976 -0.036063 0.045101
v -0.016885 -0.035513 0.045732
v -0.016885 -0.035513 0.045732
v -0.016976 -0.036063 0.045101
v -0.016885 -0.036036 0.045067
v -0.016885 -0.036036 0.045067
v -0.017493 -0.036543 0.045689
v -0.017427 -0.036381 0.045491
v -0.017427 -0.036007 0.045967
v -0.017427 -0.036007 0.045967
v -0.017427 -0.036381 0.045491
v -0.017330 -0.036266 0.045350
v -0.017427 -0.036007 0.045967
v -0.017330 -0.036266 0.045350
v -0.017211 -0.035711 0.045826
v -0.017211 -0.035711 0.045826
v -0.017330 -0.036266 0.045350
v -0.017211 -0.036174 0.045237
v -0.017211 -0.035711 0.045826
v -0.017211 -0.036174 0.045237
v -0.016976 -0.036063 0.045101
v -0.017500 -0.036618 0.045782
v -0.017493 -0.036543 0.045689
v -0.017500 -0.036347 0.046129
v -0.017500 -0.036347 0.046129
v -0.017493 -0.036543 0.045689
v -0.017427 -0.036007 0.045967
v -0.017500 -0.036347 0.046129
v -0.017427 -0.036007 0.045967
v -0.017438 -0.035904 0.046558
v -0.017438 -0.035904 0.046558
v -0.017427 -0.036007 0.045967
v -0.017211 -0.035711 0.045826
v -0.017438 -0.035904 0.046558
v -0.017211 -0.035711 0.045826
v -0.017207 -0.035543 0.046558
v -0.017207 -0.035543 0.046558
v -0.017211 -0.035711 0.045826
v -0.016885 -0.035513 0.045732
v -0.017207 -0.035543 0.046558
v -0.016885 -0.035513 0.045732
v -0.016885 -0.035327 0.046558
v -0.016885 -0.035327 0.046558
v -0.016885 -0.035513 0.045732
v -0.016846 -0.035312 0.046558
v -0.014052 -0.035250 0.046558
v -0.015235 -0.035250 0.047095
v -0.016500 -0.035250 0.046558
v -0.016471 -0.035250 0.047782
v -0.016500 -0.035250 0.047799
v -0.016500 0.035250 0.046558
v -0.016500 0.035444 0.045699
v -0.016613 0.035449 0.045702
v -0.017500 0.036347 0.046129
v -0.017500 0.036323 0.046117
v -0.017500 0.036323 0.046117
v -0.017500 0.036224 0.046558
v -0.017375 0.035766 0.046558
v -0.017375 0.035910 0.045921
v -0.017330 0.036266 0.045350
v -0.017375 0.036313 0.045407
v -0.017375 0.035910 0.045921
v -0.017375 0.035910 0.045921
v -0.017375 0.036313 0.045407
v -0.017500 0.036602 0.045762
v -0.017500 0.036323 0.046117
v -0.017500 0.036323 0.046117
v -0.017500 0.036347 0.046129
v -0.017051 0.036091 0.045136
v -0.017330 0.036266 0.045350
v -0.017051 0.035593 0.045770
v -0.017051 0.035593 0.045770
v -0.017330 0.036266 0.045350
v -0.017375 0.035910 0.045921
v -0.017051 0.035593 0.045770
v -0.017375 0.035910 0.045921
v -0.017207 0.035543 0.046558
v -0.017207 0.035543 0.046558
v -0.017375 0.035910 0.045921
v -0.017375 0.035766 0.046558
v -0.017207 0.035543 0.046558
v -0.017051 0.035416 0.046558
v -0.017051 0.035593 0.045770
v -0.017051 0.035593 0.045770
v -0.017051 0.035416 0.046558
v -0.016846 0.035312 0.046558
v -0.017051 0.035593 0.045770
v -0.016846 0.035312 0.046558
v -0.016613 0.035449 0.045702
v -0.016613 0.035449 0.045702
v -0.016846 0.035312 0.046558
v -0.016613 0.035256 0.046558
v -0.016613 0.035256 0.046558
v -0.017051 0.036091 0.045136
v -0.017051 0.035593 0.045770
v -0.016977 0.036063 0.045101
v -0.016977 0.036063 0.045101
v -0.017051 0.035593 0.045770
v -0.016613 0.035449 0.045702
v -0.016977 0.036063 0.045101
v -0.016613 0.035449 0.045702
v -0.016613 0.035991 0.045012
v -0.016613 0.035991 0.045012
v -0.016613 0.035449 0.045702
v -0.016500 0.035444 0.045699
v -0.016500 0.035987 0.045007
v -0.016500 0.035250 0.047799
v -0.016471 0.035250 0.047782
v -0.016500 0.035250 0.046558
v -0.015235 0.035250 0.047095
v -0.014052 0.035250 0.046558
v 0.000000 -0.043650 0.052250
v -0.000300 -0.043650 0.052250
v -0.000300 -0.043708 0.052919
v 0.000000 -0.043708 0.052919
v 0.000000 -0.043708 0.052919
v -0.000300 -0.043708 0.052919
v -0.000300 -0.043882 0.053567
v 0.000000 -0.043882 0.053567
v 0.000000 -0.043882 0.053567
v -0.000300 -0.043882 0.053567
v -0.000300 -0.044166 0.054175
v 0.000000 -0.044166 0.054175
v 0.000000 -0.044166 0.054175
v -0.000300 -0.044166 0.054175
v -0.000300 -0.044551 0.054725
v 0.000000 -0.044551 0.054725
v 0.000000 -0.044551 0.054725
v -0.000300 -0.044551 0.054725
v -0.000300 -0.045025 0.055199
v 0.000000 -0.045025 0.055199
v 0.000000 -0.045025 0.055199
v -0.000300 -0.045025 0.055199
v -0.000300 -0.045575 0.055584
v 0.000000 -0.045575 0.055584
v 0.000000 -0.045575 0.055584
v -0.000300 -0.045575 0.055584
v -0.000300 -0.046183 0.055868
v 0.000000 -0.046183 0.055868
v 0.000000 -0.046183 0.055868
v -0.000300 -0.046183 0.055868
v -0.000300 -0.046831 0.056042
v 0.000000 -0.046831 0.056042
v 0.000000 -0.046831 0.056042
v -0.000300 -0.046831 0.056042
v -0.000300 -0.047500 0.056100
v 0.000000 -0.047500 0.056100
v 0.000000 -0.047500 0.056100
v -0.000300 -0.047500 0.056100
v -0.000300 -0.048168 0.056042
v 0.000000 -0.048168 0.056042
v 0.000000 -0.048168 0.056042
v -0.000300 -0.048168 0.056042
v -0.000300 -0.048817 0.055868
v 0.000000 -0.048817 0.055868
v 0.000000 -0.048817 0.055868
v -0.000300 -0.048817 0.055868
v -0.000300 -0.049425 0.055584
v 0.000000 -0.049425 0.055584
v 0.000000 -0.049425 0.055584
v -0.000300 -0.049425 0.055584
v -0.000300 -0.049975 0.055199
v 0.000000 -0.049975 0.055199
v 0.000000 -0.049975 0.055199
v -0.000300 -0.049975 0.055199
v -0.000300 -0.050449 0.054725
v 0.000000 -0.050449 0.054725
v 0.000000 -0.050449 0.054725
v -0.000300 -0.050449 0.054725
v -0.000300 -0.050834 0.054175
v 0.000000 -0.050834 0.054175
v 0.000000 -0.050834 0.054175
v -0.000300 -0.050834 0.054175
v -0.000300 -0.051118 0.053567
v 0.000000 -0.051118 0.053567
v 0.000000 -0.051118 0.053567
v -0.000300 -0.051118 0.053567
v -0.000300 -0.051291 0.052919
v 0.000000 -0.051291 0.052919
v 0.000000 -0.051291 0.052919
v -0.000300 -0.051291 0.052919
v -0.000300 -0.051350 0.052250
v 0.000000 -0.051350 0.052250
v -0.003000 -0.049345 0.052705
v -0.003000 -0.049371 0.052580
v -0.000300 -0.051291 0.052919
v -0.000300 -0.051291 0.052919
v -0.003000 -0.049371 0.052580
v -0.003000 -0.049400 0.052250
v -0.000300 -0.051350 0.052250
v -0.003000 -0.049345 0.052705
v -0.000300 -0.051291 0.052919
v -0.003000 -0.049285 0.052900
v -0.003000 -0.049285 0.052900
v -0.000300 -0.051291 0.052919
v -0.000300 -0.051118 0.053567
v -0.003000 -0.049285 0.052900
v -0.000300 -0.051118 0.053567
v -0.003000 -0.049182 0.053133
v -0.003000 -0.049182 0.053133
v -0.000300 -0.051118 0.053567
v -0.000300 -0.050834 0.054175
v -0.003000 -0.049182 0.053133
v -0.000300 -0.050834 0.054175
v -0.003000 -0.049145 0.053200
v -0.003000 -0.049145 0.053200
v -0.000300 -0.050834 0.054175
v -0.000300 -0.050449 0.054725
v -0.003000 -0.048956 0.053471
v -0.003000 -0.047729 0.054136
v -0.003000 -0.047830 0.054121
v -0.000300 -0.048168 0.056042
v -0.000300 -0.048168 0.056042
v -0.003000 -0.047830 0.054121
v -0.003000 -0.048150 0.054035
v -0.000300 -0.048817 0.055868
v -0.000300 -0.048817 0.055868
v -0.003000 -0.048150 0.054035
v -0.003000 -0.048450 0.053895
v -0.000300 -0.049425 0.055584
v -0.000300 -0.049425 0.055584
v -0.003000 -0.048450 0.053895
v -0.003000 -0.048579 0.053814
v -0.000300 -0.049425 0.055584
v -0.003000 -0.048579 0.053814
v -0.000300 -0.049975 0.055199
v -0.000300 -0.049975 0.055199
v -0.003000 -0.048579 0.053814
v -0.003000 -0.048721 0.053705
v -0.000300 -0.049975 0.055199
v -0.003000 -0.048721 0.053705
v -0.000300 -0.050449 0.054725
v -0.000300 -0.050449 0.054725
v -0.003000 -0.048721 0.053705
v -0.003000 -0.048922 0.053510
v -0.000300 -0.050449 0.054725
v -0.003000 -0.048922 0.053510
v -0.003000 -0.048956 0.053471
v -0.003000 -0.047729 0.054136
v -0.000300 -0.048168 0.056042
v -0.003000 -0.047500 0.054150
v -0.003000 -0.047500 0.054150
v -0.000300 -0.048168 0.056042
v -0.000300 -0.047500 0.056100
v -0.003000 -0.047500 0.054150
v -0.000300 -0.047500 0.056100
v -0.003000 -0.047271 0.054136
v -0.003000 -0.047271 0.054136
v -0.000300 -0.047500 0.056100
v -0.000300 -0.046831 0.056042
v -0.003000 -0.047271 0.054136
v -0.000300 -0.046831 0.056042
v -0.003000 -0.047170 0.054121
v -0.003000 -0.047170 0.054121
v -0.000300 -0.046831 0.056042
v -0.000300 -0.046183 0.055868
v -0.003000 -0.046850 0.054035
v -0.003000 -0.046850 0.054035
v -0.000300 -0.046183 0.055868
v -0.000300 -0.045575 0.055584
v -0.003000 -0.046550 0.053895
v -0.003000 -0.045818 0.053133
v -0.003000 -0.045855 0.053200
v -0.000300 -0.044166 0.054175
v -0.000300 -0.044166 0.054175
v -0.003000 -0.045855 0.053200
v -0.003000 -0.046044 0.053471
v -0.000300 -0.044551 0.054725
v -0.000300 -0.044551 0.054725
v -0.003000 -0.046044 0.053471
v -0.003000 -0.046078 0.053510
v -0.000300 -0.044551 0.054725
v -0.003000 -0.046078 0.053510
v -0.000300 -0.045025 0.055199
v -0.000300 -0.045025 0.055199
v -0.003000 -0.046078 0.053510
v -0.003000 -0.046279 0.053705
v -0.000300 -0.045025 0.055199
v -0.003000 -0.046279 0.053705
v -0.000300 -0.045575 0.055584
v -0.000300 -0.045575 0.055584
v -0.003000 -0.046279 0.053705
v -0.003000 -0.046421 0.053814
v -0.000300 -0.045575 0.055584
v -0.003000 -0.046421 0.053814
v -0.003000 -0.046550 0.053895
v -0.003000 -0.045818 0.053133
v -0.000300 -0.044166 0.054175
v -0.003000 -0.045715 0.052900
v -0.003000 -0.045715 0.052900
v -0.000300 -0.044166 0.054175
v -0.000300 -0.043882 0.053567
v -0.003000 -0.045715 0.052900
v -0.000300 -0.043882 0.053567
v -0.003000 -0.045655 0.052705
v -0.003000 -0.045655 0.052705
v -0.000300 -0.043882 0.053567
v -0.000300 -0.043708 0.052919
v -0.003000 -0.045655 0.052705
v -0.000300 -0.043708 0.052919
v -0.003000 -0.045629 0.052580
v -0.003000 -0.045629 0.052580
v -0.000300 -0.043708 0.052919
v -0.000300 -0.043650 0.052250
v -0.003000 -0.045600 0.052250
v -0.003000 -0.045600 0.052250
v -0.007800 -0.045600 0.052250
v -0.003000 -0.045629 0.052580
v -0.003000 -0.045629 0.052580
v -0.007800 -0.045600 0.052250
v -0.007800 -0.045655 0.052705
v -0.003000 -0.045629 0.052580
v -0.007800 -0.045655 0.052705
v -0.003000 -0.045655 0.052705
v -0.003000 -0.045655 0.052705
v -0.007800 -0.045655 0.052705
v -0.003000 -0.045715 0.052900
v -0.003000 -0.045715 0.052900
v -0.007800 -0.045655 0.052705
v -0.007800 -0.045818 0.053133
v -0.003000 -0.045715 0.052900
v -0.007800 -0.045818 0.053133
v -0.003000 -0.045818 0.053133
v -0.003000 -0.045818 0.053133
v -0.007800 -0.045818 0.053133
v -0.003000 -0.045855 0.053200
v -0.003000 -0.045855 0.053200
v -0.007800 -0.045818 0.053133
v -0.007800 -0.046078 0.053510
v -0.003000 -0.046044 0.053471
v -0.007800 -0.046421 0.053814
v -0.003000 -0.046279 0.053705
v -0.007800 -0.046078 0.053510
v -0.007800 -0.046078 0.053510
v -0.003000 -0.046279 0.053705
v -0.003000 -0.046078 0.053510
v -0.007800 -0.046078 0.053510
v -0.003000 -0.046078 0.053510
v -0.003000 -0.046044 0.053471
v -0.007800 -0.046826 0.054026
v -0.003000 -0.046550 0.053895
v -0.007800 -0.046421 0.053814
v -0.007800 -0.046421 0.053814
v -0.003000 -0.046550 0.053895
v -0.003000 -0.046421 0.053814
v -0.007800 -0.046421 0.053814
v -0.003000 -0.046421 0.053814
v -0.003000 -0.046279 0.053705
v -0.007800 -0.047271 0.054136
v -0.003000 -0.047170 0.054121
v -0.007800 -0.046826 0.054026
v -0.007800 -0.046826 0.054026
v -0.003000 -0.047170 0.054121
v -0.003000 -0.046850 0.054035
v -0.007800 -0.046826 0.054026
v -0.003000 -0.046850 0.054035
v -0.003000 -0.046550 0.053895
v -0.007800 -0.047729 0.054136
v -0.003000 -0.047500 0.054150
v -0.007800 -0.047271 0.054136
v -0.007800 -0.047271 0.054136
v -0.003000 -0.047500 0.054150
v -0.003000 -0.047271 0.054136
v -0.007800 -0.047271 0.054136
v -0.003000 -0.047271 0.054136
v -0.003000 -0.047170 0.054121
v -0.007800 -0.048174 0.054026
v -0.003000 -0.047830 0.054121
v -0.007800 -0.047729 0.054136
v -0.007800 -0.047729 0.054136
v -0.003000 -0.047830 0.054121
v -0.003000 -0.047729 0.054136
v -0.007800 -0.047729 0.054136
v -0.003000 -0.047729 0.054136
v -0.003000 -0.047500 0.054150
v -0.007800 -0.048579 0.053814
v -0.003000 -0.048450 0.053895
v -0.007800 -0.048174 0.054026
v -0.007800 -0.048174 0.054026
v -0.003000 -0.048450 0.053895
v -0.003000 -0.048150 0.054035
v -0.007800 -0.048174 0.054026
v -0.003000 -0.048150 0.054035
v -0.003000 -0.047830 0.054121
v -0.007800 -0.048922 0.053510
v -0.003000 -0.048721 0.053705
v -0.007800 -0.048579 0.053814
v -0.007800 -0.048579 0.053814
v -0.003000 -0.048721 0.053705
v -0.003000 -0.048579 0.053814
v -0.007800 -0.048579 0.053814
v -0.003000 -0.048579 0.053814
v -0.003000 -0.048450 0.053895
v -0.003000 -0.049182 0.053133
v -0.003000 -0.049145 0.053200
v -0.007800 -0.049182 0.053133
v -0.007800 -0.049182 0.053133
v -0.003000 -0.049145 0.053200
v -0.003000 -0.048956 0.053471
v -0.007800 -0.048922 0.053510
v -0.007800 -0.048922 0.053510
v -0.003000 -0.048956 0.053471
v -0.003000 -0.048922 0.053510
v -0.007800 -0.048922 0.053510
v -0.003000 -0.048922 0.053510
v -0.003000 -0.048721 0.053705
v -0.003000 -0.049182 0.053133
v -0.007800 -0.049182 0.053133
v -0.003000 -0.049285 0.052900
v -0.003000 -0.049285 0.052900
v -0.007800 -0.049182 0.053133
v -0.007800 -0.049345 0.052705
v -0.003000 -0.049285 0.052900
v -0.007800 -0.049345 0.052705
v -0.003000 -0.049345 0.052705
v -0.003000 -0.049345 0.052705
v -0.007800 -0.049345 0.052705
v -0.003000 -0.049371 0.052580
v -0.003000 -0.049371 0.052580
v -0.007800 -0.049345 0.052705
v -0.007800 -0.049400 0.052250
v -0.003000 -0.049371 0.052580
v -0.007800 -0.049400 0.052250
v -0.003000 -0.049400 0.052250
v -0.008000 -0.049200 0.052250
v -0.007800 -0.049400 0.052250
v -0.007800 -0.049345 0.052705
v -0.008000 -0.049151 0.052657
v -0.008000 -0.049151 0.052657
v -0.007800 -0.049345 0.052705
v -0.007800 -0.049182 0.053133
v -0.008000 -0.049005 0.053040
v -0.008000 -0.049005 0.053040
v -0.007800 -0.049182 0.053133
v -0.007800 -0.048922 0.053510
v -0.008000 -0.048772 0.053377
v -0.008000 -0.048772 0.053377
v -0.007800 -0.048922 0.053510
v -0.007800 -0.048579 0.053814
v -0.008000 -0.048466 0.053649
v -0.008000 -0.048466 0.053649
v -0.007800 -0.048579 0.053814
v -0.007800 -0.048174 0.054026
v -0.008000 -0.048103 0.053840
v -0.008000 -0.048103 0.053840
v -0.007800 -0.048174 0.054026
v -0.007800 -0.047729 0.054136
v -0.008000 -0.047705 0.053938
v -0.008000 -0.047705 0.053938
v -0.007800 -0.047729 0.054136
v -0.007800 -0.047271 0.054136
v -0.008000 -0.047295 0.053938
v -0.008000 -0.047295 0.053938
v -0.007800 -0.047271 0.054136
v -0.007800 -0.046826 0.054026
v -0.008000 -0.046897 0.053840
v -0.008000 -0.046897 0.053840
v -0.007800 -0.046826 0.054026
v -0.007800 -0.046421 0.053814
v -0.008000 -0.046534 0.053649
v -0.008000 -0.046534 0.053649
v -0.007800 -0.046421 0.053814
v -0.007800 -0.046078 0.053510
v -0.008000 -0.046227 0.053377
v -0.008000 -0.046227 0.053377
v -0.007800 -0.046078 0.053510
v -0.007800 -0.045818 0.053133
v -0.008000 -0.045995 0.053040
v -0.008000 -0.045995 0.053040
v -0.007800 -0.045818 0.053133
v -0.007800 -0.045655 0.052705
v -0.008000 -0.045849 0.052657
v -0.008000 -0.045849 0.052657
v -0.007800 -0.045655 0.052705
v -0.007800 -0.045600 0.052250
v -0.008000 -0.045800 0.052250
v 0.000000 -0.048817 0.055868
v 0.000000 -0.049425 0.055584
v 0.000000 -0.048250 0.053549
v 0.000000 -0.046183 0.048632
v 0.000000 -0.045575 0.048916
v 0.000000 -0.046750 0.050951
v 0.000000 -0.045025 0.055199
v 0.000000 -0.045575 0.055584
v 0.000000 -0.046750 0.053549
v 0.000000 -0.046183 0.055868
v 0.000000 -0.043882 0.050933
v 0.000000 -0.043708 0.051581
v 0.000000 -0.046000 0.052250
v 0.000000 -0.043650 0.052250
v 0.000000 -0.043708 0.052919
v 0.000000 -0.045025 0.049301
v 0.000000 -0.044551 0.049775
v 0.000000 -0.044166 0.050325
v 0.000000 -0.049975 0.049301
v 0.000000 -0.049425 0.048916
v 0.000000 -0.048250 0.050951
v 0.000000 -0.048817 0.048632
v 0.000000 -0.046831 0.056042
v 0.000000 -0.047500 0.056100
v 0.000000 -0.048168 0.056042
v 0.000000 -0.043882 0.053567
v 0.000000 -0.044166 0.054175
v 0.000000 -0.044551 0.054725
v 0.000000 -0.048168 0.048459
v 0.000000 -0.047500 0.048400
v 0.000000 -0.046831 0.048459
v 0.000000 -0.051118 0.053567
v 0.000000 -0.051291 0.052919
v 0.000000 -0.049000 0.052250
v 0.000000 -0.051350 0.052250
v 0.000000 -0.051291 0.051581
v 0.000000 -0.051118 0.050933
v 0.000000 -0.050834 0.050325
v 0.000000 -0.050449 0.049775
v 0.000000 -0.049975 0.055199
v 0.000000 -0.050449 0.054725
v 0.000000 -0.050834 0.054175
v 0.000000 -0.048250 0.050951
v 0.000000 -0.046750 0.050951
v -0.002000 -0.048250 0.050951
v -0.002000 -0.046750 0.050951
v 0.000000 -0.051350 0.052250
v -0.000300 -0.051350 0.052250
v -0.000300 -0.051291 0.051581
v 0.000000 -0.051291 0.051581
v 0.000000 -0.051291 0.051581
v -0.000300 -0.051291 0.051581
v -0.000300 -0.051118 0.050933
v 0.000000 -0.051118 0.050933
v 0.000000 -0.051118 0.050933
v -0.000300 -0.051118 0.050933
v -0.000300 -0.050834 0.050325
v 0.000000 -0.050834 0.050325
v 0.000000 -0.050834 0.050325
v -0.000300 -0.050834 0.050325
v -0.000300 -0.050449 0.049775
v 0.000000 -0.050449 0.049775
v 0.000000 -0.050449 0.049775
v -0.000300 -0.050449 0.049775
v -0.000300 -0.049975 0.049301
v 0.000000 -0.049975 0.049301
v 0.000000 -0.049975 0.049301
v -0.000300 -0.049975 0.049301
v -0.000300 -0.049425 0.048916
v 0.000000 -0.049425 0.048916
v 0.000000 -0.049425 0.048916
v -0.000300 -0.049425 0.048916
v -0.000300 -0.048817 0.048632
v 0.000000 -0.048817 0.048632
v 0.000000 -0.048817 0.048632
v -0.000300 -0.048817 0.048632
v -0.000300 -0.048168 0.048459
v 0.000000 -0.048168 0.048459
v 0.000000 -0.048168 0.048459
v -0.000300 -0.048168 0.048459
v -0.000300 -0.047500 0.048400
v 0.000000 -0.047500 0.048400
v 0.000000 -0.047500 0.048400
v -0.000300 -0.047500 0.048400
v -0.000300 -0.046831 0.048459
v 0.000000 -0.046831 0.048459
v 0.000000 -0.046831 0.048459
v -0.000300 -0.046831 0.048459
v -0.000300 -0.046183 0.048632
v 0.000000 -0.046183 0.048632
v 0.000000 -0.046183 0.048632
v -0.000300 -0.046183 0.048632
v -0.000300 -0.045575 0.048916
v 0.000000 -0.045575 0.048916
v 0.000000 -0.045575 0.048916
v -0.000300 -0.045575 0.048916
v -0.000300 -0.045025 0.049301
v 0.000000 -0.045025 0.049301
v 0.000000 -0.045025 0.049301
v -0.000300 -0.045025 0.049301
v -0.000300 -0.044551 0.049775
v 0.000000 -0.044551 0.049775
v 0.000000 -0.044551 0.049775
v -0.000300 -0.044551 0.049775
v -0.000300 -0.044166 0.050325
v 0.000000 -0.044166 0.050325
v 0.000000 -0.044166 0.050325
v -0.000300 -0.044166 0.050325
v -0.000300 -0.043882 0.050933
v 0.000000 -0.043882 0.050933
v 0.000000 -0.043882 0.050933
v -0.000300 -0.043882 0.050933
v -0.000300 -0.043708 0.051581
v 0.000000 -0.043708 0.051581
v 0.000000 -0.043708 0.051581
v -0.000300 -0.043708 0.051581
v -0.000300 -0.043650 0.052250
v 0.000000 -0.043650 0.052250
v 0.000000 -0.046750 0.050951
v 0.000000 -0.046000 0.052250
v -0.002000 -0.046750 0.050951
v -0.002000 -0.046000 0.052250
v -0.002000 -0.046750 0.053549
v -0.002000 -0.048250 0.053549
v -0.002000 -0.046000 0.052250
v -0.002000 -0.049000 0.052250
v -0.002000 -0.046750 0.050951
v -0.002000 -0.048250 0.050951
v 0.000000 -0.049000 0.052250
v 0.000000 -0.048250 0.050951
v -0.002000 -0.049000 0.052250
v -0.002000 -0.048250 0.050951
v -0.003000 -0.045655 0.051795
v -0.003000 -0.045629 0.051920
v -0.000300 -0.043708 0.051581
v -0.000300 -0.043708 0.051581
v -0.003000 -0.045629 0.051920
v -0.003000 -0.045600 0.052250
v -0.000300 -0.043650 0.052250
v -0.003000 -0.045655 0.051795
v -0.000300 -0.043708 0.051581
v -0.003000 -0.045715 0.051600
v -0.003000 -0.045715 0.051600
v -0.000300 -0.043708 0.051581
v -0.000300 -0.043882 0.050933
v -0.003000 -0.045715 0.051600
v -0.000300 -0.043882 0.050933
v -0.003000 -0.045818 0.051367
v -0.003000 -0.045818 0.051367
v -0.000300 -0.043882 0.050933
v -0.000300 -0.044166 0.050325
v -0.003000 -0.045818 0.051367
v -0.000300 -0.044166 0.050325
v -0.003000 -0.045855 0.051300
v -0.003000 -0.045855 0.051300
v -0.000300 -0.044166 0.050325
v -0.000300 -0.044551 0.049775
v -0.003000 -0.046044 0.051029
v -0.003000 -0.047271 0.050364
v -0.003000 -0.047170 0.050379
v -0.000300 -0.046831 0.048459
v -0.000300 -0.046831 0.048459
v -0.003000 -0.047170 0.050379
v -0.003000 -0.046850 0.050465
v -0.000300 -0.046183 0.048632
v -0.000300 -0.046183 0.048632
v -0.003000 -0.046850 0.050465
v -0.003000 -0.046550 0.050605
v -0.000300 -0.045575 0.048916
v -0.000300 -0.045575 0.048916
v -0.003000 -0.046550 0.050605
v -0.003000 -0.046421 0.050686
v -0.000300 -0.045575 0.048916
v -0.003000 -0.046421 0.050686
v -0.000300 -0.045025 0.049301
v -0.000300 -0.045025 0.049301
v -0.003000 -0.046421 0.050686
v -0.003000 -0.046279 0.050795
v -0.000300 -0.045025 0.049301
v -0.003000 -0.046279 0.050795
v -0.000300 -0.044551 0.049775
v -0.000300 -0.044551 0.049775
v -0.003000 -0.046279 0.050795
v -0.003000 -0.046078 0.050990
v -0.000300 -0.044551 0.049775
v -0.003000 -0.046078 0.050990
v -0.003000 -0.046044 0.051029
v -0.003000 -0.047271 0.050364
v -0.000300 -0.046831 0.048459
v -0.003000 -0.047500 0.050350
v -0.003000 -0.047500 0.050350
v -0.000300 -0.046831 0.048459
v -0.000300 -0.047500 0.048400
v -0.003000 -0.047500 0.050350
v -0.000300 -0.047500 0.048400
v -0.003000 -0.047729 0.050364
v -0.003000 -0.047729 0.050364
v -0.000300 -0.047500 0.048400
v -0.000300 -0.048168 0.048459
v -0.003000 -0.047729 0.050364
v -0.000300 -0.048168 0.048459
v -0.003000 -0.047830 0.050379
v -0.003000 -0.047830 0.050379
v -0.000300 -0.048168 0.048459
v -0.000300 -0.048817 0.048632
v -0.003000 -0.048150 0.050465
v -0.003000 -0.048150 0.050465
v -0.000300 -0.048817 0.048632
v -0.000300 -0.049425 0.048916
v -0.003000 -0.048450 0.050605
v -0.003000 -0.049182 0.051367
v -0.003000 -0.049145 0.051300
v -0.000300 -0.050834 0.050325
v -0.000300 -0.050834 0.050325
v -0.003000 -0.049145 0.051300
v -0.003000 -0.048956 0.051029
v -0.000300 -0.050449 0.049775
v -0.000300 -0.050449 0.049775
v -0.003000 -0.048956 0.051029
v -0.003000 -0.048922 0.050990
v -0.000300 -0.050449 0.049775
v -0.003000 -0.048922 0.050990
v -0.000300 -0.049975 0.049301
v -0.000300 -0.049975 0.049301
v -0.003000 -0.048922 0.050990
v -0.003000 -0.048721 0.050795
v -0.000300 -0.049975 0.049301
v -0.003000 -0.048721 0.050795
v -0.000300 -0.049425 0.048916
v -0.000300 -0.049425 0.048916
v -0.003000 -0.048721 0.050795
v -0.003000 -0.048579 0.050686
v -0.000300 -0.049425 0.048916
v -0.003000 -0.048579 0.050686
v -0.003000 -0.048450 0.050605
v -0.003000 -0.049182 0.051367
v -0.000300 -0.050834 0.050325
v -0.003000 -0.049285 0.051600
v -0.003000 -0.049285 0.051600
v -0.000300 -0.050834 0.050325
v -0.000300 -0.051118 0.050933
v -0.003000 -0.049285 0.051600
v -0.000300 -0.051118 0.050933
v -0.003000 -0.049345 0.051795
v -0.003000 -0.049345 0.051795
v -0.000300 -0.051118 0.050933
v -0.000300 -0.051291 0.051581
v -0.003000 -0.049345 0.051795
v -0.000300 -0.051291 0.051581
v -0.003000 -0.049371 0.051920
v -0.003000 -0.049371 0.051920
v -0.000300 -0.051291 0.051581
v -0.000300 -0.051350 0.052250
v -0.003000 -0.049400 0.052250
v 0.000000 -0.046000 0.052250
v 0.000000 -0.046750 0.053549
v -0.002000 -0.046000 0.052250
v -0.002000 -0.046750 0.053549
v 0.000000 -0.048250 0.053549
v 0.000000 -0.049000 0.052250
v -0.002000 -0.048250 0.053549
v -0.002000 -0.049000 0.052250
v -0.003000 -0.049400 0.052250
v -0.007800 -0.049400 0.052250
v -0.003000 -0.049371 0.051920
v -0.003000 -0.049371 0.051920
v -0.007800 -0.049400 0.052250
v -0.007800 -0.049345 0.051795
v -0.003000 -0.049371 0.051920
v -0.007800 -0.049345 0.051795
v -0.003000 -0.049345 0.051795
v -0.003000 -0.049345 0.051795
v -0.007800 -0.049345 0.051795
v -0.003000 -0.049285 0.051600
v -0.003000 -0.049285 0.051600
v -0.007800 -0.049345 0.051795
v -0.007800 -0.049182 0.051367
v -0.003000 -0.049285 0.051600
v -0.007800 -0.049182 0.051367
v -0.003000 -0.049182 0.051367
v -0.003000 -0.049182 0.051367
v -0.007800 -0.049182 0.051367
v -0.003000 -0.049145 0.051300
v -0.003000 -0.049145 0.051300
v -0.007800 -0.049182 0.051367
v -0.007800 -0.048922 0.050990
v -0.003000 -0.048956 0.051029
v -0.007800 -0.048579 0.050686
v -0.003000 -0.048721 0.050795
v -0.007800 -0.048922 0.050990
v -0.007800 -0.048922 0.050990
v -0.003000 -0.048721 0.050795
v -0.003000 -0.048922 0.050990
v -0.007800 -0.048922 0.050990
v -0.003000 -0.048922 0.050990
v -0.003000 -0.048956 0.051029
v -0.007800 -0.048174 0.050474
v -0.003000 -0.048450 0.050605
v -0.007800 -0.048579 0.050686
v -0.007800 -0.048579 0.050686
v -0.003000 -0.048450 0.050605
v -0.003000 -0.048579 0.050686
v -0.007800 -0.048579 0.050686
v -0.003000 -0.048579 0.050686
v -0.003000 -0.048721 0.050795
v -0.007800 -0.047729 0.050364
v -0.003000 -0.047830 0.050379
v -0.007800 -0.048174 0.050474
v -0.007800 -0.048174 0.050474
v -0.003000 -0.047830 0.050379
v -0.003000 -0.048150 0.050465
v -0.007800 -0.048174 0.050474
v -0.003000 -0.048150 0.050465
v -0.003000 -0.048450 0.050605
v -0.007800 -0.047271 0.050364
v -0.003000 -0.047500 0.050350
v -0.007800 -0.047729 0.050364
v -0.007800 -0.047729 0.050364
v -0.003000 -0.047500 0.050350
v -0.003000 -0.047729 0.050364
v -0.007800 -0.047729 0.050364
v -0.003000 -0.047729 0.050364
v -0.003000 -0.047830 0.050379
v -0.007800 -0.046826 0.050474
v -0.003000 -0.047170 0.050379
v -0.007800 -0.047271 0.050364
v -0.007800 -0.047271 0.050364
v -0.003000 -0.047170 0.050379
v -0.003000 -0.047271 0.050364
v -0.007800 -0.047271 0.050364
v -0.003000 -0.047271 0.050364
v -0.003000 -0.047500 0.050350
v -0.007800 -0.046421 0.050686
v -0.003000 -0.046550 0.050605
v -0.007800 -0.046826 0.050474
v -0.007800 -0.046826 0.050474
v -0.003000 -0.046550 0.050605
v -0.003000 -0.046850 0.050465
v -0.007800 -0.046826 0.050474
v -0.003000 -0.046850 0.050465
v -0.003000 -0.047170 0.050379
v -0.007800 -0.046078 0.050990
v -0.003000 -0.046279 0.050795
v -0.007800 -0.046421 0.050686
v -0.007800 -0.046421 0.050686
v -0.003000 -0.046279 0.050795
v -0.003000 -0.046421 0.050686
v -0.007800 -0.046421 0.050686
v -0.003000 -0.046421 0.050686
v -0.003000 -0.046550 0.050605
v -0.003000 -0.045818 0.051367
v -0.003000 -0.045855 0.051300
v -0.007800 -0.045818 0.051367
v -0.007800 -0.045818 0.051367
v -0.003000 -0.045855 0.051300
v -0.003000 -0.046044 0.051029
v -0.007800 -0.046078 0.050990
v -0.007800 -0.046078 0.050990
v -0.003000 -0.046044 0.051029
v -0.003000 -0.046078 0.050990
v -0.007800 -0.046078 0.050990
v -0.003000 -0.046078 0.050990
v -0.003000 -0.046279 0.050795
v -0.003000 -0.045818 0.051367
v -0.007800 -0.045818 0.051367
v -0.003000 -0.045715 0.051600
v -0.003000 -0.045715 0.051600
v -0.007800 -0.045818 0.051367
v -0.007800 -0.045655 0.051795
v -0.003000 -0.045715 0.051600
v -0.007800 -0.045655 0.051795
v -0.003000 -0.045655 0.051795
v -0.003000 -0.045655 0.051795
v -0.007800 -0.045655 0.051795
v -0.003000 -0.045629 0.051920
v -0.003000 -0.045629 0.051920
v -0.007800 -0.045655 0.051795
v -0.007800 -0.045600 0.052250
v -0.003000 -0.045629 0.051920
v -0.007800 -0.045600 0.052250
v -0.003000 -0.045600 0.052250
v 0.000000 -0.046750 0.053549
v 0.000000 -0.048250 0.053549
v -0.002000 -0.046750 0.053549
v -0.002000 -0.048250 0.053549
v -0.008000 -0.045800 0.052250
v -0.007800 -0.045600 0.052250
v -0.007800 -0.045655 0.051795
v -0.008000 -0.045849 0.051843
v -0.008000 -0.045849 0.051843
v -0.007800 -0.045655 0.051795
v -0.007800 -0.045818 0.051367
v -0.008000 -0.045995 0.051460
v -0.008000 -0.045995 0.051460
v -0.007800 -0.045818 0.051367
v -0.007800 -0.046078 0.050990
v -0.008000 -0.046227 0.051123
v -0.008000 -0.046227 0.051123
v -0.007800 -0.046078 0.050990
v -0.007800 -0.046421 0.050686
v -0.008000 -0.046534 0.050851
v -0.008000 -0.046534 0.050851
v -0.007800 -0.046421 0.050686
v -0.007800 -0.046826 0.050474
v -0.008000 -0.046897 0.050660
v -0.008000 -0.046897 0.050660
v -0.007800 -0.046826 0.050474
v -0.007800 -0.047271 0.050364
v -0.008000 -0.047295 0.050562
v -0.008000 -0.047295 0.050562
v -0.007800 -0.047271 0.050364
v -0.007800 -0.047729 0.050364
v -0.008000 -0.047705 0.050562
v -0.008000 -0.047705 0.050562
v -0.007800 -0.047729 0.050364
v -0.007800 -0.048174 0.050474
v -0.008000 -0.048103 0.050660
v -0.008000 -0.048103 0.050660
v -0.007800 -0.048174 0.050474
v -0.007800 -0.048579 0.050686
v -0.008000 -0.048466 0.050851
v -0.008000 -0.048466 0.050851
v -0.007800 -0.048579 0.050686
v -0.007800 -0.048922 0.050990
v -0.008000 -0.048772 0.051123
v -0.008000 -0.048772 0.051123
v -0.007800 -0.048922 0.050990
v -0.007800 -0.049182 0.051367
v -0.008000 -0.049005 0.051460
v -0.008000 -0.049005 0.051460
v -0.007800 -0.049182 0.051367
v -0.007800 -0.049345 0.051795
v -0.008000 -0.049151 0.051843
v -0.008000 -0.049151 0.051843
v -0.007800 -0.049345 0.051795
v -0.007800 -0.049400 0.052250
v -0.008000 -0.049200 0.052250
v -0.008000 -0.046897 0.050660
v -0.008000 -0.047295 0.050562
v -0.008000 -0.045995 0.053040
v -0.008000 -0.049151 0.051843
v -0.008000 -0.049200 0.052250
v -0.008000 -0.045995 0.051460
v -0.008000 -0.046227 0.051123
v -0.008000 -0.045849 0.051843
v -0.008000 -0.046534 0.050851
v -0.008000 -0.045800 0.052250
v -0.008000 -0.047705 0.050562
v -0.008000 -0.048103 0.050660
v -0.008000 -0.048466 0.050851
v -0.008000 -0.048772 0.051123
v -0.008000 -0.049005 0.051460
v -0.008000 -0.049005 0.053040
v -0.008000 -0.048772 0.053377
v -0.008000 -0.048466 0.053649
v -0.008000 -0.046534 0.053649
v -0.008000 -0.046897 0.053840
v -0.008000 -0.047295 0.053938
v -0.008000 -0.049151 0.052657
v -0.008000 -0.046227 0.053377
v -0.008000 -0.045849 0.052657
v -0.008000 -0.048103 0.053840
v -0.008000 -0.047705 0.053938
v 0.000000 0.043650 -0.052120
v -0.000300 0.043650 -0.052120
v -0.000300 0.043708 -0.052788
v 0.000000 0.043708 -0.052788
v 0.000000 0.043708 -0.052788
v -0.000300 0.043708 -0.052788
v -0.000300 0.043882 -0.053437
v 0.000000 0.043882 -0.053437
v 0.000000 0.043882 -0.053437
v -0.000300 0.043882 -0.053437
v -0.000300 0.044166 -0.054045
v 0.000000 0.044166 -0.054045
v 0.000000 0.044166 -0.054045
v -0.000300 0.044166 -0.054045
v -0.000300 0.044551 -0.054595
v 0.000000 0.044551 -0.054595
v 0.000000 0.044551 -0.054595
v -0.000300 0.044551 -0.054595
v -0.000300 0.045025 -0.055069
v 0.000000 0.045025 -0.055069
v 0.000000 0.045025 -0.055069
v -0.000300 0.045025 -0.055069
v -0.000300 0.045575 -0.055454
v 0.000000 0.045575 -0.055454
v 0.000000 0.045575 -0.055454
v -0.000300 0.045575 -0.055454
v -0.000300 0.046183 -0.055738
v 0.000000 0.046183 -0.055738
v 0.000000 0.046183 -0.055738
v -0.000300 0.046183 -0.055738
v -0.000300 0.046831 -0.055912
v 0.000000 0.046831 -0.055912
v 0.000000 0.046831 -0.055912
v -0.000300 0.046831 -0.055912
v -0.000300 0.047500 -0.055970
v 0.000000 0.047500 -0.055970
v 0.000000 0.047500 -0.055970
v -0.000300 0.047500 -0.055970
v -0.000300 0.048168 -0.055912
v 0.000000 0.048168 -0.055912
v 0.000000 0.048168 -0.055912
v -0.000300 0.048168 -0.055912
v -0.000300 0.048817 -0.055738
v 0.000000 0.048817 -0.055738
v 0.000000 0.048817 -0.055738
v -0.000300 0.048817 -0.055738
v -0.000300 0.049425 -0.055454
v 0.000000 0.049425 -0.055454
v 0.000000 0.049425 -0.055454
v -0.000300 0.049425 -0.055454
v -0.000300 0.049975 -0.055069
v 0.000000 0.049975 -0.055069
v 0.000000 0.049975 -0.055069
v -0.000300 0.049975 -0.055069
v -0.000300 0.050449 -0.054595
v 0.000000 0.050449 -0.054595
v 0.000000 0.050449 -0.054595
v -0.000300 0.050449 -0.054595
v -0.000300 0.050834 -0.054045
v 0.000000 0.050834 -0.054045
v 0.000000 0.050834 -0.054045
v -0.000300 0.050834 -0.054045
v -0.000300 0.051118 -0.053437
v 0.000000 0.051118 -0.053437
v 0.000000 0.051118 -0.053437
v -0.000300 0.051118 -0.053437
v -0.000300 0.051291 -0.052788
v 0.000000 0.051291 -0.052788
v 0.000000 0.051291 -0.052788
v -0.000300 0.051291 -0.052788
v -0.000300 0.051350 -0.052120
v 0.000000 0.051350 -0.052120
v -0.003000 0.049345 -0.052575
v -0.003000 0.049371 -0.052450
v -0.000300 0.051291 -0.052788
v -0.000300 0.051291 -0.052788
v -0.003000 0.049371 -0.052450
v -0.003000 0.049400 -0.052120
v -0.000300 0.051350 -0.052120
v -0.003000 0.049345 -0.052575
v -0.000300 0.051291 -0.052788
v -0.003000 0.049285 -0.052770
v -0.003000 0.049285 -0.052770
v -0.000300 0.051291 -0.052788
v -0.000300 0.051118 -0.053437
v -0.003000 0.049285 -0.052770
v -0.000300 0.051118 -0.053437
v -0.003000 0.049182 -0.053003
v -0.003000 0.049182 -0.053003
v -0.000300 0.051118 -0.053437
v -0.000300 0.050834 -0.054045
v -0.003000 0.049182 -0.053003
v -0.000300 0.050834 -0.054045
v -0.003000 0.049145 -0.053070
v -0.003000 0.049145 -0.053070
v -0.000300 0.050834 -0.054045
v -0.000300 0.050449 -0.054595
v -0.003000 0.048956 -0.053341
v -0.003000 0.047729 -0.054006
v -0.003000 0.047830 -0.053991
v -0.000300 0.048168 -0.055912
v -0.000300 0.048168 -0.055912
v -0.003000 0.047830 -0.053991
v -0.003000 0.048150 -0.053905
v -0.000300 0.048817 -0.055738
v -0.000300 0.048817 -0.055738
v -0.003000 0.048150 -0.053905
v -0.003000 0.048450 -0.053765
v -0.000300 0.049425 -0.055454
v -0.000300 0.049425 -0.055454
v -0.003000 0.048450 -0.053765
v -0.003000 0.048579 -0.053684
v -0.000300 0.049425 -0.055454
v -0.003000 0.048579 -0.053684
v -0.000300 0.049975 -0.055069
v -0.000300 0.049975 -0.055069
v -0.003000 0.048579 -0.053684
v -0.003000 0.048721 -0.053576
v -0.000300 0.049975 -0.055069
v -0.003000 0.048721 -0.053576
v -0.000300 0.050449 -0.054595
v -0.000300 0.050449 -0.054595
v -0.003000 0.048721 -0.053576
v -0.003000 0.048922 -0.053380
v -0.000300 0.050449 -0.054595
v -0.003000 0.048922 -0.053380
v -0.003000 0.048956 -0.053341
v -0.003000 0.047729 -0.054006
v -0.000300 0.048168 -0.055912
v -0.003000 0.047500 -0.054020
v -0.003000 0.047500 -0.054020
v -0.000300 0.048168 -0.055912
v -0.000300 0.047500 -0.055970
v -0.003000 0.047500 -0.054020
v -0.000300 0.047500 -0.055970
v -0.003000 0.047271 -0.054006
v -0.003000 0.047271 -0.054006
v -0.000300 0.047500 -0.055970
v -0.000300 0.046831 -0.055912
v -0.003000 0.047271 -0.054006
v -0.000300 0.046831 -0.055912
v -0.003000 0.047170 -0.053991
v -0.003000 0.047170 -0.053991
v -0.000300 0.046831 -0.055912
v -0.000300 0.046183 -0.055738
v -0.003000 0.046850 -0.053905
v -0.003000 0.046850 -0.053905
v -0.000300 0.046183 -0.055738
v -0.000300 0.045575 -0.055454
v -0.003000 0.046550 -0.053765
v -0.003000 0.045818 -0.053003
v -0.003000 0.045855 -0.053070
v -0.000300 0.044166 -0.054045
v -0.000300 0.044166 -0.054045
v -0.003000 0.045855 -0.053070
v -0.003000 0.046044 -0.053341
v -0.000300 0.044551 -0.054595
v -0.000300 0.044551 -0.054595
v -0.003000 0.046044 -0.053341
v -0.003000 0.046078 -0.053380
v -0.000300 0.044551 -0.054595
v -0.003000 0.046078 -0.053380
v -0.000300 0.045025 -0.055069
v -0.000300 0.045025 -0.055069
v -0.003000 0.046078 -0.053380
v -0.003000 0.046279 -0.053576
v -0.000300 0.045025 -0.055069
v -0.003000 0.046279 -0.053576
v -0.000300 0.045575 -0.055454
v -0.000300 0.045575 -0.055454
v -0.003000 0.046279 -0.053576
v -0.003000 0.046421 -0.053684
v -0.000300 0.045575 -0.055454
v -0.003000 0.046421 -0.053684
v -0.003000 0.046550 -0.053765
v -0.003000 0.045818 -0.053003
v -0.000300 0.044166 -0.054045
v -0.003000 0.045715 -0.052770
v -0.003000 0.045715 -0.052770
v -0.000300 0.044166 -0.054045
v -0.000300 0.043882 -0.053437
v -0.003000 0.045715 -0.052770
v -0.000300 0.043882 -0.053437
v -0.003000 0.045655 -0.052575
v -0.003000 0.045655 -0.052575
v -0.000300 0.043882 -0.053437
v -0.000300 0.043708 -0.052788
v -0.003000 0.045655 -0.052575
v -0.000300 0.043708 -0.052788
v -0.003000 0.045629 -0.052450
v -0.003000 0.045629 -0.052450
v -0.000300 0.043708 -0.052788
v -0.000300 0.043650 -0.052120
v -0.003000 0.045600 -0.052120
v -0.003000 0.045600 -0.052120
v -0.007800 0.045600 -0.052120
v -0.003000 0.045629 -0.052450
v -0.003000 0.045629 -0.052450
v -0.007800 0.045600 -0.052120
v -0.007800 0.045655 -0.052575
v -0.003000 0.045629 -0.052450
v -0.007800 0.045655 -0.052575
v -0.003000 0.045655 -0.052575
v -0.003000 0.045655 -0.052575
v -0.007800 0.045655 -0.052575
v -0.003000 0.045715 -0.052770
v -0.003000 0.045715 -0.052770
v -0.007800 0.045655 -0.052575
v -0.007800 0.045818 -0.053003
v -0.003000 0.045715 -0.052770
v -0.007800 0.045818 -0.053003
v -0.003000 0.045818 -0.053003
v -0.003000 0.045818 -0.053003
v -0.007800 0.045818 -0.053003
v -0.003000 0.045855 -0.053070
v -0.003000 0.045855 -0.053070
v -0.007800 0.045818 -0.053003
v -0.007800 0.046078 -0.053380
v -0.003000 0.046044 -0.053341
v -0.007800 0.046421 -0.053684
v -0.003000 0.046279 -0.053576
v -0.007800 0.046078 -0.053380
v -0.007800 0.046078 -0.053380
v -0.003000 0.046279 -0.053576
v -0.003000 0.046078 -0.053380
v -0.007800 0.046078 -0.053380
v -0.003000 0.046078 -0.053380
v -0.003000 0.046044 -0.053341
v -0.007800 0.046826 -0.053897
v -0.003000 0.046550 -0.053765
v -0.007800 0.046421 -0.053684
v -0.007800 0.046421 -0.053684
v -0.003000 0.046550 -0.053765
v -0.003000 0.046421 -0.053684
v -0.007800 0.046421 -0.053684
v -0.003000 0.046421 -0.053684
v -0.003000 0.046279 -0.053576
v -0.007800 0.047271 -0.054006
v -0.003000 0.047170 -0.053991
v -0.007800 0.046826 -0.053897
v -0.007800 0.046826 -0.053897
v -0.003000 0.047170 -0.053991
v -0.003000 0.046850 -0.053905
v -0.007800 0.046826 -0.053897
v -0.003000 0.046850 -0.053905
v -0.003000 0.046550 -0.053765
v -0.007800 0.047729 -0.054006
v -0.003000 0.047500 -0.054020
v -0.007800 0.047271 -0.054006
v -0.007800 0.047271 -0.054006
v -0.003000 0.047500 -0.054020
v -0.003000 0.047271 -0.054006
v -0.007800 0.047271 -0.054006
v -0.003000 0.047271 -0.054006
v -0.003000 0.047170 -0.053991
v -0.007800 0.048174 -0.053897
v -0.003000 0.047830 -0.053991
v -0.007800 0.047729 -0.054006
v -0.007800 0.047729 -0.054006
v -0.003000 0.047830 -0.053991
v -0.003000 0.047729 -0.054006
v -0.007800 0.047729 -0.054006
v -0.003000 0.047729 -0.054006
v -0.003000 0.047500 -0.054020
v -0.007800 0.048579 -0.053684
v -0.003000 0.048450 -0.053765
v -0.007800 0.048174 -0.053897
v -0.007800 0.048174 -0.053897
v -0.003000 0.048450 -0.053765
v -0.003000 0.048150 -0.053905
v -0.007800 0.048174 -0.053897
v -0.003000 0.048150 -0.053905
v -0.003000 0.047830 -0.053991
v -0.007800 0.048922 -0.053380
v -0.003000 0.048721 -0.053576
v -0.007800 0.048579 -0.053684
v -0.007800 0.048579 -0.053684
v -0.003000 0.048721 -0.053576
v -0.003000 0.048579 -0.053684
v -0.007800 0.048579 -0.053684
v -0.003000 0.048579 -0.053684
v -0.003000 0.048450 -0.053765
v -0.003000 0.049182 -0.053003
v -0.003000 0.049145 -0.053070
v -0.007800 0.049182 -0.053003
v -0.007800 0.049182 -0.053003
v -0.003000 0.049145 -0.053070
v -0.003000 0.048956 -0.053341
v -0.007800 0.048922 -0.053380
v -0.007800 0.048922 -0.053380
v -0.003000 0.048956 -0.053341
v -0.003000 0.048922 -0.053380
v -0.007800 0.048922 -0.053380
v -0.003000 0.048922 -0.053380
v -0.003000 0.048721 -0.053576
v -0.003000 0.049182 -0.053003
v -0.007800 0.049182 -0.053003
v -0.003000 0.049285 -0.052770
v -0.003000 0.049285 -0.052770
v -0.007800 0.049182 -0.053003
v -0.007800 0.049345 -0.052575
v -0.003000 0.049285 -0.052770
v -0.007800 0.049345 -0.052575
v -0.003000 0.049345 -0.052575
v -0.003000 0.049345 -0.052575
v -0.007800 0.049345 -0.052575
v -0.003000 0.049371 -0.052450
v -0.003000 0.049371 -0.052450
v -0.007800 0.049345 -0.052575
v -0.007800 0.049400 -0.052120
v -0.003000 0.049371 -0.052450
v -0.007800 0.049400 -0.052120
v -0.003000 0.049400 -0.052120
v -0.008000 0.049200 -0.052120
v -0.007800 0.049400 -0.052120
v -0.007800 0.049345 -0.052575
v -0.008000 0.049151 -0.052527
v -0.008000 0.049151 -0.052527
v -0.007800 0.049345 -0.052575
v -0.007800 0.049182 -0.053003
v -0.008000 0.049005 -0.052910
v -0.008000 0.049005 -0.052910
v -0.007800 0.049182 -0.053003
v -0.007800 0.048922 -0.053380
v -0.008000 0.048772 -0.053247
v -0.008000 0.048772 -0.053247
v -0.007800 0.048922 -0.053380
v -0.007800 0.048579 -0.053684
v -0.008000 0.048466 -0.053519
v -0.008000 0.048466 -0.053519
v -0.007800 0.048579 -0.053684
v -0.007800 0.048174 -0.053897
v -0.008000 0.048103 -0.053709
v -0.008000 0.048103 -0.053709
v -0.007800 0.048174 -0.053897
v -0.007800 0.047729 -0.054006
v -0.008000 0.047705 -0.053808
v -0.008000 0.047705 -0.053808
v -0.007800 0.047729 -0.054006
v -0.007800 0.047271 -0.054006
v -0.008000 0.047295 -0.053808
v -0.008000 0.047295 -0.053808
v -0.007800 0.047271 -0.054006
v -0.007800 0.046826 -0.053897
v -0.008000 0.046897 -0.053709
v -0.008000 0.046897 -0.053709
v -0.007800 0.046826 -0.053897
v -0.007800 0.046421 -0.053684
v -0.008000 0.046534 -0.053519
v -0.008000 0.046534 -0.053519
v -0.007800 0.046421 -0.053684
v -0.007800 0.046078 -0.053380
v -0.008000 0.046227 -0.053247
v -0.008000 0.046227 -0.053247
v -0.007800 0.046078 -0.053380
v -0.007800 0.045818 -0.053003
v -0.008000 0.045995 -0.052910
v -0.008000 0.045995 -0.052910
v -0.007800 0.045818 -0.053003
v -0.007800 0.045655 -0.052575
v -0.008000 0.045849 -0.052527
v -0.008000 0.045849 -0.052527
v -0.007800 0.045655 -0.052575
v -0.007800 0.045600 -0.052120
v -0.008000 0.045800 -0.052120
v 0.000000 0.046183 -0.048502
v 0.000000 0.045575 -0.048786
v 0.000000 0.046750 -0.050821
v 0.000000 0.048250 -0.050821
v 0.000000 0.049425 -0.048786
v 0.000000 0.048817 -0.048502
v 0.000000 0.048817 -0.055738
v 0.000000 0.049425 -0.055454
v 0.000000 0.048250 -0.053419
v 0.000000 0.049975 -0.055069
v 0.000000 0.046750 -0.053419
v 0.000000 0.045575 -0.055454
v 0.000000 0.046183 -0.055738
v 0.000000 0.043882 -0.050803
v 0.000000 0.043708 -0.051452
v 0.000000 0.046000 -0.052120
v 0.000000 0.048168 -0.048329
v 0.000000 0.047500 -0.048270
v 0.000000 0.046831 -0.048329
v 0.000000 0.050449 -0.054595
v 0.000000 0.050834 -0.054045
v 0.000000 0.049000 -0.052120
v 0.000000 0.051118 -0.053437
v 0.000000 0.051291 -0.052788
v 0.000000 0.046831 -0.055912
v 0.000000 0.047500 -0.055970
v 0.000000 0.048168 -0.055912
v 0.000000 0.051350 -0.052120
v 0.000000 0.051291 -0.051452
v 0.000000 0.051118 -0.050803
v 0.000000 0.050834 -0.050195
v 0.000000 0.050449 -0.049645
v 0.000000 0.049975 -0.049171
v 0.000000 0.043650 -0.052120
v 0.000000 0.043708 -0.052788
v 0.000000 0.043882 -0.053437
v 0.000000 0.044166 -0.054045
v 0.000000 0.044551 -0.054595
v 0.000000 0.045025 -0.055069
v 0.000000 0.045025 -0.049171
v 0.000000 0.044551 -0.049645
v 0.000000 0.044166 -0.050195
v 0.000000 0.048250 -0.050821
v 0.000000 0.046750 -0.050821
v -0.002000 0.048250 -0.050821
v -0.002000 0.046750 -0.050821
v 0.000000 0.051350 -0.052120
v -0.000300 0.051350 -0.052120
v -0.000300 0.051291 -0.051452
v 0.000000 0.051291 -0.051452
v 0.000000 0.051291 -0.051452
v -0.000300 0.051291 -0.051452
v -0.000300 0.051118 -0.050803
v 0.000000 0.051118 -0.050803
v 0.000000 0.051118 -0.050803
v -0.000300 0.051118 -0.050803
v -0.000300 0.050834 -0.050195
v 0.000000 0.050834 -0.050195
v 0.000000 0.050834 -0.050195
v -0.000300 0.050834 -0.050195
v -0.000300 0.050449 -0.049645
v 0.000000 0.050449 -0.049645
v 0.000000 0.050449 -0.049645
v -0.000300 0.050449 -0.049645
v -0.000300 0.049975 -0.049171
v 0.000000 0.049975 -0.049171
v 0.000000 0.049975 -0.049171
v -0.000300 0.049975 -0.049171
v -0.000300 0.049425 -0.048786
v 0.000000 0.049425 -0.048786
v 0.000000 0.049425 -0.048786
v -0.000300 0.049425 -0.048786
v -0.000300 0.048817 -0.048502
v 0.000000 0.048817 -0.048502
v 0.000000 0.048817 -0.048502
v -0.000300 0.048817 -0.048502
v -0.000300 0.048168 -0.048329
v 0.000000 0.048168 -0.048329
v 0.000000 0.048168 -0.048329
v -0.000300 0.048168 -0.048329
v -0.000300 0.047500 -0.048270
v 0.000000 0.047500 -0.048270
v 0.000000 0.047500 -0.048270
v -0.000300 0.047500 -0.048270
v -0.000300 0.046831 -0.048329
v 0.000000 0.046831 -0.048329
v 0.000000 0.046831 -0.048329
v -0.000300 0.046831 -0.048329
v -0.000300 0.046183 -0.048502
v 0.000000 0.046183 -0.048502
v 0.000000 0.046183 -0.048502
v -0.000300 0.046183 -0.048502
v -0.000300 0.045575 -0.048786
v 0.000000 0.045575 -0.048786
v 0.000000 0.045575 -0.048786
v -0.000300 0.045575 -0.048786
v -0.000300 0.045025 -0.049171
v 0.000000 0.045025 -0.049171
v 0.000000 0.045025 -0.049171
v -0.000300 0.045025 -0.049171
v -0.000300 0.044551 -0.049645
v 0.000000 0.044551 -0.049645
v 0.000000 0.044551 -0.049645
v -0.000300 0.044551 -0.049645
v -0.000300 0.044166 -0.050195
v 0.000000 0.044166 -0.050195
v 0.000000 0.044166 -0.050195
v -0.000300 0.044166 -0.050195
v -0.000300 0.043882 -0.050803
v 0.000000 0.043882 -0.050803
v 0.000000 0.043882 -0.050803
v -0.000300 0.043882 -0.050803
v -0.000300 0.043708 -0.051452
v 0.000000 0.043708 -0.051452
v 0.000000 0.043708 -0.051452
v -0.000300 0.043708 -0.051452
v -0.000300 0.043650 -0.052120
v 0.000000 0.043650 -0.052120
v 0.000000 0.046750 -0.050821
v 0.000000 0.046000 -0.052120
v -0.002000 0.046750 -0.050821
v -0.002000 0.046000 -0.052120
v -0.002000 0.046750 -0.053419
v -0.002000 0.048250 -0.053419
v -0.002000 0.046000 -0.052120
v -0.002000 0.049000 -0.052120
v -0.002000 0.046750 -0.050821
v -0.002000 0.048250 -0.050821
v 0.000000 0.049000 -0.052120
v 0.000000 0.048250 -0.050821
v -0.002000 0.049000 -0.052120
v -0.002000 0.048250 -0.050821
v -0.003000 0.045655 -0.051665
v -0.003000 0.045629 -0.051790
v -0.000300 0.043708 -0.051452
v -0.000300 0.043708 -0.051452
v -0.003000 0.045629 -0.051790
v -0.003000 0.045600 -0.052120
v -0.000300 0.043650 -0.052120
v -0.003000 0.045655 -0.051665
v -0.000300 0.043708 -0.051452
v -0.003000 0.045715 -0.051470
v -0.003000 0.045715 -0.051470
v -0.000300 0.043708 -0.051452
v -0.000300 0.043882 -0.050803
v -0.003000 0.045715 -0.051470
v -0.000300 0.043882 -0.050803
v -0.003000 0.045818 -0.051237
v -0.003000 0.045818 -0.051237
v -0.000300 0.043882 -0.050803
v -0.000300 0.044166 -0.050195
v -0.003000 0.045818 -0.051237
v -0.000300 0.044166 -0.050195
v -0.003000 0.045855 -0.051170
v -0.003000 0.045855 -0.051170
v -0.000300 0.044166 -0.050195
v -0.000300 0.044551 -0.049645
v -0.003000 0.046044 -0.050899
v -0.003000 0.047271 -0.050234
v -0.003000 0.047170 -0.050249
v -0.000300 0.046831 -0.048329
v -0.000300 0.046831 -0.048329
v -0.003000 0.047170 -0.050249
v -0.003000 0.046850 -0.050335
v -0.000300 0.046183 -0.048502
v -0.000300 0.046183 -0.048502
v -0.003000 0.046850 -0.050335
v -0.003000 0.046550 -0.050475
v -0.000300 0.045575 -0.048786
v -0.000300 0.045575 -0.048786
v -0.003000 0.046550 -0.050475
v -0.003000 0.046421 -0.050556
v -0.000300 0.045575 -0.048786
v -0.003000 0.046421 -0.050556
v -0.000300 0.045025 -0.049171
v -0.000300 0.045025 -0.049171
v -0.003000 0.046421 -0.050556
v -0.003000 0.046279 -0.050664
v -0.000300 0.045025 -0.049171
v -0.003000 0.046279 -0.050664
v -0.000300 0.044551 -0.049645
v -0.000300 0.044551 -0.049645
v -0.003000 0.046279 -0.050664
v -0.003000 0.046078 -0.050860
v -0.000300 0.044551 -0.049645
v -0.003000 0.046078 -0.050860
v -0.003000 0.046044 -0.050899
v -0.003000 0.047271 -0.050234
v -0.000300 0.046831 -0.048329
v -0.003000 0.047500 -0.050220
v -0.003000 0.047500 -0.050220
v -0.000300 0.046831 -0.048329
v -0.000300 0.047500 -0.048270
v -0.003000 0.047500 -0.050220
v -0.000300 0.047500 -0.048270
v -0.003000 0.047729 -0.050234
v -0.003000 0.047729 -0.050234
v -0.000300 0.047500 -0.048270
v -0.000300 0.048168 -0.048329
v -0.003000 0.047729 -0.050234
v -0.000300 0.048168 -0.048329
v -0.003000 0.047830 -0.050249
v -0.003000 0.047830 -0.050249
v -0.000300 0.048168 -0.048329
v -0.000300 0.048817 -0.048502
v -0.003000 0.048150 -0.050335
v -0.003000 0.048150 -0.050335
v -0.000300 0.048817 -0.048502
v -0.000300 0.049425 -0.048786
v -0.003000 0.048450 -0.050475
v -0.003000 0.049182 -0.051237
v -0.003000 0.049145 -0.051170
v -0.000300 0.050834 -0.050195
v -0.000300 0.050834 -0.050195
v -0.003000 0.049145 -0.051170
v -0.003000 0.048956 -0.050899
v -0.000300 0.050449 -0.049645
v -0.000300 0.050449 -0.049645
v -0.003000 0.048956 -0.050899
v -0.003000 0.048922 -0.050860
v -0.000300 0.050449 -0.049645
v -0.003000 0.048922 -0.050860
v -0.000300 0.049975 -0.049171
v -0.000300 0.049975 -0.049171
v -0.003000 0.048922 -0.050860
v -0.003000 0.048721 -0.050664
v -0.000300 0.049975 -0.049171
v -0.003000 0.048721 -0.050664
v -0.000300 0.049425 -0.048786
v -0.000300 0.049425 -0.048786
v -0.003000 0.048721 -0.050664
v -0.003000 0.048579 -0.050556
v -0.000300 0.049425 -0.048786
v -0.003000 0.048579 -0.050556
v -0.003000 0.048450 -0.050475
v -0.003000 0.049182 -0.051237
v -0.000300 0.050834 -0.050195
v -0.003000 0.049285 -0.051470
v -0.003000 0.049285 -0.051470
v -0.000300 0.050834 -0.050195
v -0.000300 0.051118 -0.050803
v -0.003000 0.049285 -0.051470
v -0.000300 0.051118 -0.050803
v -0.003000 0.049345 -0.051665
v -0.003000 0.049345 -0.051665
v -0.000300 0.051118 -0.050803
v -0.000300 0.051291 -0.051452
v -0.003000 0.049345 -0.051665
v -0.000300 0.051291 -0.051452
v -0.003000 0.049371 -0.051790
v -0.003000 0.049371 -0.051790
v -0.000300 0.051291 -0.051452
v -0.000300 0.051350 -0.052120
v -0.003000 0.049400 -0.052120
v 0.000000 0.046000 -0.052120
v 0.000000 0.046750 -0.053419
v -0.002000 0.046000 -0.052120
v -0.002000 0.046750 -0.053419
v 0.000000 0.048250 -0.053419
v 0.000000 0.049000 -0.052120
v -0.002000 0.048250 -0.053419
v -0.002000 0.049000 -0.052120
v -0.003000 0.049400 -0.052120
v -0.007800 0.049400 -0.052120
v -0.003000 0.049371 -0.051790
v -0.003000 0.049371 -0.051790
v -0.007800 0.049400 -0.052120
v -0.007800 0.049345 -0.051665
v -0.003000 0.049371 -0.051790
v -0.007800 0.049345 -0.051665
v -0.003000 0.049345 -0.051665
v -0.003000 0.049345 -0.051665
v -0.007800 0.049345 -0.051665
v -0.003000 0.049285 -0.051470
v -0.003000 0.049285 -0.051470
v -0.007800 0.049345 -0.051665
v -0.007800 0.049182 -0.051237
v -0.003000 0.049285 -0.051470
v -0.007800 0.049182 -0.051237
v -0.003000 0.049182 -0.051237
v -0.003000 0.049182 -0.051237
v -0.007800 0.049182 -0.051237
v -0.003000 0.049145 -0.051170
v -0.003000 0.049145 -0.051170
v -0.007800 0.049182 -0.051237
v -0.007800 0.048922 -0.050860
v -0.003000 0.048956 -0.050899
v -0.007800 0.048579 -0.050556
v -0.003000 0.048721 -0.050664
v -0.007800 0.048922 -0.050860
v -0.007800 0.048922 -0.050860
v -0.003000 0.048721 -0.050664
v -0.003000 0.048922 -0.050860
v -0.007800 0.048922 -0.050860
v -0.003000 0.048922 -0.050860
v -0.003000 0.048956 -0.050899
v -0.007800 0.048174 -0.050343
v -0.003000 0.048450 -0.050475
v -0.007800 0.048579 -0.050556
v -0.007800 0.048579 -0.050556
v -0.003000 0.048450 -0.050475
v -0.003000 0.048579 -0.050556
v -0.007800 0.048579 -0.050556
v -0.003000 0.048579 -0.050556
v -0.003000 0.048721 -0.050664
v -0.007800 0.047729 -0.050234
v -0.003000 0.047830 -0.050249
v -0.007800 0.048174 -0.050343
v -0.007800 0.048174 -0.050343
v -0.003000 0.047830 -0.050249
v -0.003000 0.048150 -0.050335
v -0.007800 0.048174 -0.050343
v -0.003000 0.048150 -0.050335
v -0.003000 0.048450 -0.050475
v -0.007800 0.047271 -0.050234
v -0.003000 0.047500 -0.050220
v -0.007800 0.047729 -0.050234
v -0.007800 0.047729 -0.050234
v -0.003000 0.047500 -0.050220
v -0.003000 0.047729 -0.050234
v -0.007800 0.047729 -0.050234
v -0.003000 0.047729 -0.050234
v -0.003000 0.047830 -0.050249
v -0.007800 0.046826 -0.050343
v -0.003000 0.047170 -0.050249
v -0.007800 0.047271 -0.050234
v -0.007800 0.047271 -0.050234
v -0.003000 0.047170 -0.050249
v -0.003000 0.047271 -0.050234
v -0.007800 0.047271 -0.050234
v -0.003000 0.047271 -0.050234
v -0.003000 0.047500 -0.050220
v -0.007800 0.046421 -0.050556
v -0.003000 0.046550 -0.050475
v -0.007800 0.046826 -0.050343
v -0.007800 0.046826 -0.050343
v -0.003000 0.046550 -0.050475
v -0.003000 0.046850 -0.050335
v -0.007800 0.046826 -0.050343
v -0.003000 0.046850 -0.050335
v -0.003000 0.047170 -0.050249
v -0.007800 0.046078 -0.050860
v -0.003000 0.046279 -0.050664
v -0.007800 0.046421 -0.050556
v -0.007800 0.046421 -0.050556
v -0.003000 0.046279 -0.050664
v -0.003000 0.046421 -0.050556
v -0.007800 0.046421 -0.050556
v -0.003000 0.046421 -0.050556
v -0.003000 0.046550 -0.050475
v -0.003000 0.045818 -0.051237
v -0.003000 0.045855 -0.051170
v -0.007800 0.045818 -0.051237
v -0.007800 0.045818 -0.051237
v -0.003000 0.045855 -0.051170
v -0.003000 0.046044 -0.050899
v -0.007800 0.046078 -0.050860
v -0.007800 0.046078 -0.050860
v -0.003000 0.046044 -0.050899
v -0.003000 0.046078 -0.050860
v -0.007800 0.046078 -0.050860
v -0.003000 0.046078 -0.050860
v -0.003000 0.046279 -0.050664
v -0.003000 0.045818 -0.051237
v -0.007800 0.045818 -0.051237
v -0.003000 0.045715 -0.051470
v -0.003000 0.045715 -0.051470
v -0.007800 0.045818 -0.051237
v -0.007800 0.045655 -0.051665
v -0.003000 0.045715 -0.051470
v -0.007800 0.045655 -0.051665
v -0.003000 0.045655 -0.051665
v -0.003000 0.045655 -0.051665
v -0.007800 0.045655 -0.051665
v -0.003000 0.045629 -0.051790
v -0.003000 0.045629 -0.051790
v -0.007800 0.045655 -0.051665
v -0.007800 0.045600 -0.052120
v -0.003000 0.045629 -0.051790
v -0.007800 0.045600 -0.052120
v -0.003000 0.045600 -0.052120
v 0.000000 0.046750 -0.053419
v 0.000000 0.048250 -0.053419
v -0.002000 0.046750 -0.053419
v -0.002000 0.048250 -0.053419
v -0.008000 0.045800 -0.052120
v -0.007800 0.045600 -0.052120
v -0.007800 0.045655 -0.051665
v -0.008000 0.045849 -0.051713
v -0.008000 0.045849 -0.051713
v -0.007800 0.045655 -0.051665
v -0.007800 0.045818 -0.051237
v -0.008000 0.045995 -0.051330
v -0.008000 0.045995 -0.051330
v -0.007800 0.045818 -0.051237
v -0.007800 0.046078 -0.050860
v -0.008000 0.046227 -0.050993
v -0.008000 0.046227 -0.050993
v -0.007800 0.046078 -0.050860
v -0.007800 0.046421 -0.050556
v -0.008000 0.046534 -0.050721
v -0.008000 0.046534 -0.050721
v -0.007800 0.046421 -0.050556
v -0.007800 0.046826 -0.050343
v -0.008000 0.046897 -0.050531
v -0.008000 0.046897 -0.050531
v -0.007800 0.046826 -0.050343
v -0.007800 0.047271 -0.050234
v -0.008000 0.047295 -0.050432
v -0.008000 0.047295 -0.050432
v -0.007800 0.047271 -0.050234
v -0.007800 0.047729 -0.050234
v -0.008000 0.047705 -0.050432
v -0.008000 0.047705 -0.050432
v -0.007800 0.047729 -0.050234
v -0.007800 0.048174 -0.050343
v -0.008000 0.048103 -0.050531
v -0.008000 0.048103 -0.050531
v -0.007800 0.048174 -0.050343
v -0.007800 0.048579 -0.050556
v -0.008000 0.048466 -0.050721
v -0.008000 0.048466 -0.050721
v -0.007800 0.048579 -0.050556
v -0.007800 0.048922 -0.050860
v -0.008000 0.048772 -0.050993
v -0.008000 0.048772 -0.050993
v -0.007800 0.048922 -0.050860
v -0.007800 0.049182 -0.051237
v -0.008000 0.049005 -0.051330
v -0.008000 0.049005 -0.051330
v -0.007800 0.049182 -0.051237
v -0.007800 0.049345 -0.051665
v -0.008000 0.049151 -0.051713
v -0.008000 0.049151 -0.051713
v -0.007800 0.049345 -0.051665
v -0.007800 0.049400 -0.052120
v -0.008000 0.049200 -0.052120
v -0.008000 0.048772 -0.053247
v -0.008000 0.046227 -0.053247
v -0.008000 0.045995 -0.052910
v -0.008000 0.046534 -0.050721
v -0.008000 0.046897 -0.050531
v -0.008000 0.047295 -0.050432
v -0.008000 0.046227 -0.050993
v -0.008000 0.048772 -0.050993
v -0.008000 0.049005 -0.051330
v -0.008000 0.047295 -0.053808
v -0.008000 0.046897 -0.053709
v -0.008000 0.047705 -0.053808
v -0.008000 0.048103 -0.053709
v -0.008000 0.048466 -0.053519
v -0.008000 0.046534 -0.053519
v -0.008000 0.045849 -0.052527
v -0.008000 0.045800 -0.052120
v -0.008000 0.045849 -0.051713
v -0.008000 0.049151 -0.052527
v -0.008000 0.049005 -0.052910
v -0.008000 0.045995 -0.051330
v -0.008000 0.047705 -0.050432
v -0.008000 0.048103 -0.050531
v -0.008000 0.048466 -0.050721
v -0.008000 0.049151 -0.051713
v -0.008000 0.049200 -0.052120
f 1 2 3
f 1 3 4
f 5 6 7
f 5 7 8
f 9 10 11
f 9 11 12
f 13 14 15
f 13 15 16
f 17 18 19
f 17 19 20
f 21 22 23
f 21 23 24
f 25 26 27
f 25 27 28
f 29 30 31
f 29 31 32
f 33 34 35
f 33 35 36
f 37 38 39
f 37 39 40
f 41 42 43
f 41 43 44
f 45 46 47
f 45 47 48
f 49 50 51
f 49 51 52
f 53 54 55
f 53 55 56
f 57 58 59
f 57 59 60
f 61 62 63
f 61 63 64
f 65 66 67
f 65 67 68
f 69 70 71
f 69 71 72
f 73 74 75
f 76 77 78
f 76 78 79
f 80 81 82
f 83 84 85
f 86 87 88
f 89 90 91
f 92 93 94
f 95 96 97
f 95 97 98
f 99 100 101
f 102 103 104
f 102 104 105
f 106 107 108
f 106 108 109
f 110 111 112
f 113 114 115
f 116 117 118
f 119 120 121
f 122 123 124
f 125 126 127
f 128 129 130
f 131 132 133
f 134 135 136
f 137 138 139
f 140 141 142
f 143 144 145
f 143 145 146
f 147 148 149
f 147 149 150
f 151 152 153
f 154 155 156
f 154 156 157
f 158 159 160
f 161 162 163
f 164 165 166
f 167 168 169
f 170 171 172
f 173 174 175
f 176 177 178
f 179 180 181
f 182 183 184
f 185 186 187
f 188 189 190
f 191 192 193
f 191 193 194
f 195 196 197
f 198 199 200
f 201 202 203
f 204 205 206
f 207 208 209
f 210 211 212
f 213 214 215
f 216 217 218
f 216 218 219
f 220 221 222
f 223 224 225
f 226 227 228
f 229 230 231
f 232 233 234
f 235 236 237
f 238 239 240
f 241 242 243
f 244 245 246
f 247 248 249
f 250 251 252
f 253 254 255
f 256 257 258
f 259 260 261
f 262 263 264
f 265 266 267
f 268 269 270
f 271 272 273
f 274 275 276
f 277 278 279
f 280 281 282
f 283 284 285
f 286 287 288
f 286 288 289
f 290 291 292
f 293 294 295
f 296 297 298
f 299 300 301
f 302 303 304
f 305 306 307
f 308 309 310
f 311 312 313
f 314 315 316
f 314 316 317
f 318 319 320
f 318 320 321
f 322 323 324
f 322 324 325
f 326 327 328
f 326 328 329
f 330 331 332
f 330 332 333
f 334 335 336
f 334 336 337
f 338 339 340
f 338 340 341
f 342 343 344
f 342 344 345
f 346 347 348
f 346 348 349
f 350 351 352
f 350 352 353
f 354 355 356
f 354 356 357
f 358 359 360
f 358 360 361
f 362 363 364
f 362 364 365
f 366 367 368
f 368 367 369
f 368 369 370
f 371 372 373
f 373 372 374
f 373 374 375
f 376 377 378
f 378 377 379
f 378 379 380
f 380 381 378
f 378 381 382
f 378 382 383
f 383 382 384
f 383 384 385
f 386 387 388
f 388 387 389
f 388 389 368
f 368 389 390
f 368 390 366
f 391 392 393
f 393 392 394
f 393 394 395
f 395 396 393
f 393 396 397
f 393 397 388
f 388 397 398
f 388 398 386
f 370 399 368
f 368 399 400
f 368 400 378
f 378 400 401
f 378 401 376
f 375 402 373
f 373 402 403
f 373 403 393
f 393 403 404
f 393 404 391
f 385 405 383
f 383 405 406
f 383 406 373
f 373 406 407
f 373 407 371
f 408 409 410
f 410 409 411
f 412 413 414
f 412 414 415
f 416 417 418
f 416 418 419
f 420 421 422
f 420 422 423
f 424 425 426
f 424 426 427
f 428 429 430
f 428 430 431
f 432 433 434
f 432 434 435
f 436 437 438
f 436 438 439
f 440 441 442
f 440 442 443
f 444 445 446
f 444 446 447
f 448 449 450
f 448 450 451
f 452 453 454
f 452 454 455
f 456 457 458
f 456 458 459
f 460 461 462
f 460 462 463
f 464 465 466
f 464 466 467
f 468 469 470
f 468 470 471
f 472 473 474
f 472 474 475
f 476 477 478
f 476 478 479
f 480 481 482
f 480 482 483
f 484 485 486
f 486 485 487
f 488 489 490
f 490 489 491
f 490 491 492
f 492 491 493
f 494 495 496
f 496 495 497
f 498 499 500
f 501 502 503
f 501 503 504
f 505 506 507
f 508 509 510
f 511 512 513
f 514 515 516
f 517 518 519
f 520 521 522
f 520 522 523
f 524 525 526
f 527 528 529
f 527 529 530
f 531 532 533
f 531 533 534
f 535 536 537
f 538 539 540
f 541 542 543
f 544 545 546
f 547 548 549
f 550 551 552
f 553 554 555
f 556 557 558
f 559 560 561
f 562 563 564
f 565 566 567
f 568 569 570
f 568 570 571
f 572 573 574
f 572 574 575
f 576 577 578
f 579 580 581
f 579 581 582
f 583 584 585
f 586 587 588
f 589 590 591
f 592 593 594
f 595 596 597
f 598 599 600
f 601 602 603
f 604 605 606
f 607 608 609
f 610 611 612
f 613 614 615
f 616 617 618
f 616 618 619
f 620 621 622
f 622 621 623
f 624 625 626
f 626 625 627
f 628 629 630
f 631 632 633
f 634 635 636
f 637 638 639
f 640 641 642
f 643 644 645
f 646 647 648
f 649 650 651
f 649 651 652
f 653 654 655
f 656 657 658
f 659 660 661
f 662 663 664
f 665 666 667
f 668 669 670
f 671 672 673
f 674 675 676
f 677 678 679
f 680 681 682
f 683 684 685
f 686 687 688
f 689 690 691
f 692 693 694
f 695 696 697
f 698 699 700
f 701 702 703
f 704 705 706
f 707 708 709
f 710 711 712
f 713 714 715
f 716 717 718
f 719 720 721
f 719 721 722
f 723 724 725
f 726 727 728
f 729 730 731
f 732 733 734
f 735 736 737
f 738 739 740
f 741 742 743
f 744 745 746
f 747 748 749
f 749 748 750
f 751 752 753
f 751 753 754
f 755 756 757
f 755 757 758
f 759 760 761
f 759 761 762
f 763 764 765
f 763 765 766
f 767 768 769
f 767 769 770
f 771 772 773
f 771 773 774
f 775 776 777
f 775 777 778
f 779 780 781
f 779 781 782
f 783 784 785
f 783 785 786
f 787 788 789
f 787 789 790
f 791 792 793
f 791 793 794
f 795 796 797
f 795 797 798
f 799 800 801
f 799 801 802
f 803 804 805
f 806 807 808
f 805 809 803
f 803 809 810
f 803 810 811
f 812 813 814
f 814 813 815
f 814 815 816
f 816 817 814
f 814 817 818
f 814 818 804
f 819 820 821
f 808 807 810
f 810 807 822
f 810 822 811
f 803 823 804
f 804 823 824
f 804 824 825
f 825 826 804
f 804 826 827
f 804 827 814
f 806 808 821
f 821 808 828
f 821 828 819
f 829 830 831
f 831 830 832
f 833 834 835
f 835 834 836
f 837 838 839
f 839 838 840
f 841 842 843
f 843 842 844
f 845 846 847
f 847 846 848
f 849 850 851
f 851 850 852
f 853 854 855
f 855 854 856
f 857 858 859
f 859 858 860
f 861 862 863
f 863 862 864
f 865 866 867
f 867 866 868
f 869 870 871
f 871 870 872
f 873 874 875
f 875 874 876
f 877 878 879
f 879 878 880
f 881 882 883
f 883 882 884
f 885 886 887
f 887 886 888
f 889 890 891
f 891 890 892
f 893 894 895
f 895 894 896
f 897 898 899
f 899 898 900
f 901 902 903
f 903 902 904
f 905 906 907
f 907 906 908
f 909 910 911
f 911 910 912
f 913 914 915
f 915 914 916
f 917 918 919
f 919 918 920
f 921 922 923
f 923 922 924
f 925 926 927
f 927 926 928
f 929 930 931
f 931 930 932
f 933 934 935
f 935 934 936
f 937 938 939
f 939 938 940
f 941 942 943
f 943 942 944
f 945 946 947
f 947 946 948
f 949 950 951
f 951 950 952
f 953 954 955
f 955 954 956
f 957 958 959
f 959 958 960
f 961 962 963
f 963 962 964
f 965 966 967
f 967 966 968
f 969 970 971
f 971 970 972
f 973 974 975
f 975 974 976
f 977 978 979
f 979 978 980
f 981 982 983
f 983 982 984
f 985 986 987
f 987 986 988
f 989 990 991
f 991 990 992
f 993 994 995
f 995 994 996
f 997 998 999
f 999 998 1000
f 1001 1002 1003
f 1003 1002 1004
f 1005 1006 1007
f 1007 1006 1008
f 1009 1010 1011
f 1011 1010 1012
f 1013 1014 1015
f 1015 1014 1016
f 1017 1018 1019
f 1019 1018 1020
f 1021 1022 1023
f 1024 1025 1026
f 1026 1025 1027
f 1026 1027 1028
f 1029 1030 1031
f 1032 1033 1034
f 1035 1036 1037
f 1038 1039 1040
f 1023 1022 1039
f 1041 1042 1043
f 1043 1042 1044
f 1045 1046 1047
f 1047 1046 1048
f 1047 1048 1049
f 1049 1048 1050
f 1049 1050 1051
f 1031 1052 1029
f 1029 1052 1028
f 1029 1028 1053
f 1043 1032 1041
f 1041 1032 1034
f 1041 1034 1054
f 1054 1034 1055
f 1054 1055 1023
f 1023 1055 1056
f 1023 1056 1021
f 1027 1057 1028
f 1028 1057 1058
f 1028 1058 1053
f 1053 1058 1059
f 1053 1059 1060
f 1060 1059 1038
f 1060 1038 1061
f 1061 1038 1040
f 1061 1040 1062
f 1040 1063 1050
f 1050 1063 1064
f 1050 1064 1051
f 1044 1042 1065
f 1065 1042 1066
f 1065 1066 1025
f 1065 1067 1068
f 1068 1067 1069
f 1068 1069 1070
f 1070 1069 1071
f 1029 1072 1073
f 1073 1072 1074
f 1075 1076 1077
f 1077 1076 1078
f 1077 1078 1079
f 1077 1080 1075
f 1075 1080 1081
f 1075 1081 1082
f 1082 1081 1083
f 1082 1083 1084
f 1024 1085 1025
f 1025 1085 1086
f 1025 1086 1065
f 1065 1086 1087
f 1065 1087 1067
f 1045 1088 1046
f 1046 1088 1089
f 1046 1089 1090
f 1022 1091 1039
f 1039 1091 1092
f 1039 1092 1040
f 1040 1092 1093
f 1040 1093 1063
f 1062 1094 1061
f 1061 1094 1095
f 1061 1095 1084
f 1084 1095 1096
f 1078 1035 1079
f 1079 1035 1037
f 1079 1037 1097
f 1097 1037 1098
f 1097 1098 1072
f 1072 1098 1099
f 1072 1099 1074
f 1096 1100 1084
f 1084 1100 1101
f 1084 1101 1082
f 1082 1101 1102
f 1082 1102 1103
f 1103 1102 1090
f 1103 1090 1104
f 1104 1090 1089
f 1073 1105 1029
f 1029 1105 1106
f 1029 1106 1030
f 1030 1106 1107
f 1030 1108 1071
f 1071 1108 1109
f 1071 1109 1070
f 1107 1110 1030
f 1030 1110 1111
f 1030 1111 1112
f 1113 1108 1114
f 1114 1108 1030
f 1114 1030 1115
f 1115 1030 1112
f 1115 1112 1116
f 1117 1118 1119
f 1119 1118 1120
f 1121 1122 1123
f 1123 1122 1124
f 1125 1126 1127
f 1127 1126 1128
f 1129 1130 1131
f 1131 1130 1132
f 1133 1134 1135
f 1135 1134 1136
f 1137 1138 1139
f 1139 1138 1140
f 1141 1142 1143
f 1143 1142 1144
f 1145 1146 1147
f 1147 1146 1148
f 1149 1150 1151
f 1151 1150 1152
f 1153 1154 1155
f 1155 1154 1156
f 1157 1158 1159
f 1159 1158 1160
f 1161 1162 1163
f 1163 1162 1164
f 1165 1166 1167
f 1167 1166 1168
f 1169 1170 1171
f 1171 1170 1172
f 1173 1174 1175
f 1175 1174 1176
f 1177 1178 1179
f 1179 1178 1180
f 1181 1182 1183
f 1183 1182 1184
f 1185 1186 1187
f 1187 1186 1188
f 1189 1190 1191
f 1191 1190 1192
f 1193 1194 1195
f 1195 1194 1196
f 1197 1198 1199
f 1199 1198 1200
f 1201 1202 1203
f 1203 1202 1204
f 1205 1206 1207
f 1207 1206 1208
f 1209 1210 1211
f 1211 1210 1212
f 1213 1214 1215
f 1215 1214 1216
f 1217 1218 1219
f 1219 1218 1220
f 1219 1220 1221
f 1222 1223 1224
f 1224 1223 1225
f 1226 1227 1228
f 1228 1227 1229
f 1228 1229 1230
f 1231 1232 1233
f 1233 1232 1234
f 1235 1236 1237
f 1237 1236 1238
f 1237 1238 1239
f 1240 1241 1242
f 1242 1241 1243
f 1244 1245 1246
f 1246 1245 1247
f 1248 1249 1250
f 1250 1249 1251
f 1252 1253 1254
f 1254 1253 1255
f 1256 1257 1258
f 1258 1257 1259
f 1260 1261 1262
f 1262 1261 1263
f 1264 1265 1266
f 1266 1265 1267
f 1268 1269 1270
f 1270 1269 1271
f 1272 1273 1274
f 1274 1273 1275
f 1276 1277 1278
f 1278 1277 1279
f 1278 1279 1280
f 1281 1282 1283
f 1283 1282 1284
f 1285 1286 1287
f 1287 1286 1288
f 1289 1290 1291
f 1291 1290 1292
f 1293 1294 1295
f 1295 1294 1296
f 1297 1298 1299
f 1299 1298 1300
f 1301 1302 1303
f 1303 1302 1304
f 1305 1306 1307
f 1307 1306 1308
f 1309 1310 1311
f 1311 1310 1312
f 1313 1314 1315
f 1315 1314 1316
f 1317 1318 1319
f 1319 1318 1320
f 1321 1322 1323
f 1323 1322 1324
f 1325 1326 1327
f 1327 1326 1328
f 1329 1330 1331
f 1331 1330 1332
f 1333 1334 1335
f 1335 1334 1336
f 1337 1338 1339
f 1339 1338 1340
f 1341 1342 1343
f 1343 1342 1344
f 1345 1346 1347
f 1347 1346 1348
f 1349 1350 1351
f 1351 1350 1352
f 1353 1354 1355
f 1355 1354 1356
f 1357 1358 1359
f 1359 1358 1360
f 1361 1362 1363
f 1363 1362 1364
f 1365 1366 1367
f 1367 1366 1368
f 1369 1370 1371
f 1371 1370 1372
f 1373 1374 1375
f 1375 1374 1376
f 1377 1378 1379
f 1379 1378 1380
f 1381 1382 1383
f 1383 1382 1384
f 1385 1386 1387
f 1387 1386 1388
f 1389 1390 1391
f 1391 1390 1392
f 1393 1394 1395
f 1395 1394 1396
f 1397 1398 1399
f 1399 1398 1400
f 1401 1402 1403
f 1403 1402 1404
f 1405 1406 1407
f 1407 1406 1408
f 1409 1410 1411
f 1409 1411 1412
f 1413 1414 1415
f 1413 1415 1416
f 1417 1418 1419
f 1420 1421 1422
f 1422 1421 1423
f 1424 1425 1426
f 1427 1428 1429
f 1430 1431 1432
f 1424 1426 1433
f 1433 1426 1434
f 1433 1434 1435
f 1436 1437 1426
f 1426 1437 1438
f 1439 1440 1419
f 1441 1442 1443
f 1435 1434 1431
f 1431 1434 1444
f 1431 1444 1432
f 1432 1427 1430
f 1430 1427 1429
f 1430 1429 1445
f 1445 1429 1446
f 1445 1446 1447
f 1447 1446 1448
f 1423 1421 1443
f 1443 1421 1449
f 1443 1449 1441
f 1450 1451 1419
f 1419 1451 1452
f 1419 1452 1439
f 1442 1453 1443
f 1443 1453 1454
f 1443 1454 1425
f 1448 1455 1447
f 1447 1455 1456
f 1447 1456 1420
f 1425 1454 1426
f 1426 1454 1457
f 1426 1457 1436
f 1440 1458 1419
f 1419 1458 1459
f 1419 1459 1460
f 1460 1459 1461
f 1462 1463 1464
f 1456 1465 1420
f 1420 1465 1466
f 1420 1466 1421
f 1421 1466 1467
f 1421 1467 1462
f 1462 1467 1468
f 1462 1468 1463
f 1461 1469 1460
f 1460 1469 1462
f 1460 1462 1470
f 1470 1462 1464
f 1470 1464 1471
f 1472 1473 1419
f 1419 1473 1474
f 1475 1476 1477
f 1477 1476 1478
f 1477 1478 1479
f 1479 1478 1480
f 1479 1480 1481
f 1482 1483 1426
f 1484 1485 1419
f 1472 1486 1480
f 1480 1486 1487
f 1480 1487 1481
f 1438 1450 1426
f 1426 1450 1419
f 1426 1419 1482
f 1482 1419 1474
f 1485 1488 1419
f 1419 1488 1489
f 1419 1489 1472
f 1472 1489 1490
f 1472 1490 1486
f 1483 1491 1426
f 1426 1491 1492
f 1426 1492 1493
f 1493 1492 1494
f 1493 1494 1495
f 1495 1494 1496
f 1475 1497 1476
f 1476 1497 1498
f 1476 1498 1496
f 1496 1498 1499
f 1496 1499 1495
f 1500 1501 1502
f 1503 1504 1505
f 1506 1484 1507
f 1507 1484 1419
f 1507 1419 1508
f 1508 1419 1509
f 1505 1500 1503
f 1503 1500 1502
f 1503 1502 1510
f 1510 1502 1508
f 1510 1508 1511
f 1511 1508 1509
f 1512 1513 1514
f 1514 1513 1515
f 1514 1515 1504
f 1504 1515 1516
f 1504 1516 1505
f 1517 1518 1419
f 1419 1518 1519
f 1419 1519 1509
f 1512 1520 1513
f 1513 1520 1521
f 1513 1521 1517
f 1517 1419 1513
f 1513 1419 1418
f 1513 1418 1522
f 1523 1524 1460
f 1460 1524 1525
f 1522 1526 1513
f 1513 1526 1527
f 1513 1527 1528
f 1528 1527 1529
f 1528 1529 1530
f 1530 1529 1531
f 1523 1532 1524
f 1524 1532 1533
f 1524 1533 1531
f 1531 1533 1534
f 1531 1534 1530
f 1525 1535 1460
f 1460 1535 1536
f 1460 1536 1419
f 1419 1536 1537
f 1419 1537 1417
f 1538 1539 1540
f 1538 1540 1541
f 1542 1543 1544
f 1542 1544 1545
f 1546 1547 1548
f 1546 1548 1549
f 1550 1551 1552
f 1550 1552 1553
f 1554 1555 1556
f 1554 1556 1557
f 1558 1559 1560
f 1558 1560 1561
f 1562 1563 1564
f 1562 1564 1565
f 1566 1567 1568
f 1566 1568 1569
f 1570 1571 1572
f 1570 1572 1573
f 1574 1575 1576
f 1574 1576 1577
f 1578 1579 1580
f 1578 1580 1581
f 1582 1583 1584
f 1582 1584 1585
f 1586 1587 1588
f 1586 1588 1589
f 1590 1591 1592
f 1590 1592 1593
f 1594 1595 1596
f 1594 1596 1597
f 1598 1599 1600
f 1598 1600 1601
f 1602 1603 1604
f 1602 1604 1605
f 1606 1607 1608
f 1606 1608 1609
f 1610 1611 1612
f 1610 1612 1613
f 1614 1615 1616
f 1614 1616 1617
f 1618 1619 1620
f 1618 1620 1621
f 1622 1623 1624
f 1622 1624 1625
f 1626 1627 1628
f 1628 1627 1629
f 1630 1631 1632
f 1632 1631 1633
f 1634 1635 1636
f 1636 1635 1637
f 1638 1639 1640
f 1640 1639 1641
f 1642 1643 1644
f 1644 1643 1645
f 1646 1647 1648
f 1648 1647 1649
f 1650 1651 1652
f 1652 1651 1653
f 1654 1655 1656
f 1656 1655 1657
f 1658 1659 1660
f 1660 1659 1661
f 1662 1663 1664
f 1664 1663 1665
f 1666 1667 1668
f 1668 1667 1669
f 1670 1671 1672
f 1672 1671 1673
f 1674 1675 1676
f 1676 1675 1677
f 1678 1679 1680
f 1680 1679 1681
f 1682 1683 1684
f 1684 1683 1685
f 1686 1687 1688
f 1688 1687 1689
f 1690 1691 1692
f 1692 1691 1693
f 1694 1695 1696
f 1696 1695 1697
f 1698 1699 1700
f 1700 1699 1701
f 1702 1703 1704
f 1704 1703 1705
f 1706 1707 1708
f 1708 1707 1709
f 1708 1709 1710
f 1710 1709 1711
f 1710 1711 1712
f 1712 1711 1713
f 1712 1713 1714
f 1713 1715 1714
f 1714 1715 1716
f 1714 1716 1717
f 1717 1716 1718
f 1717 1718 1719
f 1719 1718 1720
f 1719 1720 1721
f 1721 1720 1722
f 1721 1722 1723
f 1723 1722 1724
f 1723 1724 1725
f 1725 1724 1726
f 1725 1726 1727
f 1727 1726 1728
f 1727 1728 1729
f 1729 1728 1730
f 1729 1730 1731
f 1731 1730 1732
f 1731 1732 1733
f 1733 1732 1734
f 1733 1734 1735
f 1735 1734 1736
f 1735 1736 1737
f 1737 1736 1738
f 1737 1738 1739
f 1739 1738 1740
f 1739 1740 1741
f 1741 1740 1742
f 1741 1742 1706
f 1706 1742 1743
f 1706 1743 1707
f 1744 1745 1746
f 1744 1746 1747
f 1748 1749 1750
f 1748 1750 1751
f 1752 1753 1754
f 1752 1754 1755
f 1756 1757 1758
f 1756 1758 1759
f 1760 1761 1762
f 1762 1761 1763
f 1764 1765 1766
f 1764 1766 1767
f 1768 1769 1770
f 1768 1770 1771
f 1772 1773 1774
f 1772 1774 1775
f 1776 1777 1778
f 1778 1777 1779
f 1780 1781 1782
f 1780 1782 1783
f 1784 1785 1786
f 1784 1786 1787
f 1788 1789 1790
f 1788 1790 1791
f 1792 1793 1794
f 1794 1793 1795
f 1796 1797 1798
f 1796 1798 1799
f 1800 1801 1802
f 1800 1802 1803
f 1804 1805 1806
f 1804 1806 1807
f 1808 1809 1810
f 1808 1810 1811
f 1812 1813 1814
f 1814 1813 1815
f 1816 1817 1818
f 1819 1820 1821
f 1821 1820 1822
f 1821 1822 1823
f 1818 1824 1816
f 1816 1824 1825
f 1816 1825 1822
f 1822 1825 1826
f 1822 1826 1823
f 1823 1826 1827
f 1823 1827 1828
f 1828 1827 1829
f 1830 1831 1832
f 1832 1831 1825
f 1832 1825 1833
f 1833 1825 1824
f 1834 1835 1836
f 1834 1836 1837
f 1838 1839 1840
f 1838 1840 1841
f 1842 1843 1844
f 1842 1844 1845
f 1846 1847 1848
f 1846 1848 1849
f 1850 1851 1852
f 1850 1852 1853
f 1854 1855 1856
f 1854 1856 1857
f 1858 1859 1860
f 1858 1860 1861
f 1862 1863 1864
f 1862 1864 1865
f 1866 1867 1868
f 1866 1868 1869
f 1870 1871 1872
f 1870 1872 1873
f 1874 1875 1876
f 1874 1876 1877
f 1878 1879 1880
f 1878 1880 1881
f 1882 1883 1884
f 1882 1884 1885
f 1886 1887 1888
f 1886 1888 1889
f 1890 1891 1892
f 1890 1892 1893
f 1894 1895 1896
f 1894 1896 1897
f 1898 1899 1900
f 1898 1900 1901
f 1902 1903 1904
f 1902 1904 1905
f 1906 1907 1908
f 1909 1910 1911
f 1909 1911 1912
f 1913 1914 1915
f 1916 1917 1918
f 1919 1920 1921
f 1922 1923 1924
f 1925 1926 1927
f 1928 1929 1930
f 1928 1930 1931
f 1932 1933 1934
f 1935 1936 1937
f 1935 1937 1938
f 1939 1940 1941
f 1939 1941 1942
f 1943 1944 1945
f 1946 1947 1948
f 1949 1950 1951
f 1952 1953 1954
f 1955 1956 1957
f 1958 1959 1960
f 1961 1962 1963
f 1964 1965 1966
f 1967 1968 1969
f 1970 1971 1972
f 1973 1974 1975
f 1976 1977 1978
f 1976 1978 1979
f 1980 1981 1982
f 1980 1982 1983
f 1984 1985 1986
f 1987 1988 1989
f 1987 1989 1990
f 1991 1992 1993
f 1994 1995 1996
f 1997 1998 1999
f 2000 2001 2002
f 2003 2004 2005
f 2006 2007 2008
f 2009 2010 2011
f 2012 2013 2014
f 2015 2016 2017
f 2018 2019 2020
f 2021 2022 2023
f 2024 2025 2026
f 2024 2026 2027
f 2028 2029 2030
f 2031 2032 2033
f 2034 2035 2036
f 2037 2038 2039
f 2040 2041 2042
f 2043 2044 2045
f 2046 2047 2048
f 2049 2050 2051
f 2049 2051 2052
f 2053 2054 2055
f 2056 2057 2058
f 2059 2060 2061
f 2062 2063 2064
f 2065 2066 2067
f 2068 2069 2070
f 2071 2072 2073
f 2074 2075 2076
f 2077 2078 2079
f 2080 2081 2082
f 2083 2084 2085
f 2086 2087 2088
f 2089 2090 2091
f 2092 2093 2094
f 2095 2096 2097
f 2098 2099 2100
f 2101 2102 2103
f 2104 2105 2106
f 2107 2108 2109
f 2110 2111 2112
f 2113 2114 2115
f 2116 2117 2118
f 2119 2120 2121
f 2119 2121 2122
f 2123 2124 2125
f 2126 2127 2128
f 2129 2130 2131
f 2132 2133 2134
f 2135 2136 2137
f 2138 2139 2140
f 2141 2142 2143
f 2144 2145 2146
f 2147 2148 2149
f 2147 2149 2150
f 2151 2152 2153
f 2151 2153 2154
f 2155 2156 2157
f 2155 2157 2158
f 2159 2160 2161
f 2159 2161 2162
f 2163 2164 2165
f 2163 2165 2166
f 2167 2168 2169
f 2167 2169 2170
f 2171 2172 2173
f 2171 2173 2174
f 2175 2176 2177
f 2175 2177 2178
f 2179 2180 2181
f 2179 2181 2182
f 2183 2184 2185
f 2183 2185 2186
f 2187 2188 2189
f 2187 2189 2190
f 2191 2192 2193
f 2191 2193 2194
f 2195 2196 2197
f 2195 2197 2198
f 2199 2200 2201
f 2202 2203 2204
f 2205 2206 2207
f 2207 2206 2208
f 2207 2208 2209
f 2210 2211 2212
f 2212 2211 2213
f 2214 2215 2216
f 2216 2215 2217
f 2216 2217 2218
f 2213 2219 2212
f 2212 2219 2220
f 2212 2220 2201
f 2201 2220 2221
f 2201 2221 2199
f 2222 2223 2224
f 2224 2223 2225
f 2209 2226 2207
f 2207 2226 2227
f 2207 2227 2212
f 2212 2227 2228
f 2212 2228 2210
f 2203 2229 2204
f 2204 2229 2230
f 2204 2230 2207
f 2207 2230 2231
f 2207 2231 2205
f 2225 2232 2224
f 2224 2232 2233
f 2224 2233 2204
f 2204 2233 2234
f 2204 2234 2202
f 2218 2235 2216
f 2216 2235 2236
f 2216 2236 2224
f 2224 2236 2237
f 2224 2237 2222
f 2200 2238 2201
f 2201 2238 2239
f 2201 2239 2216
f 2216 2239 2240
f 2216 2240 2214
f 2241 2242 2243
f 2243 2242 2244
f 2245 2246 2247
f 2245 2247 2248
f 2249 2250 2251
f 2249 2251 2252
f 2253 2254 2255
f 2253 2255 2256
f 2257 2258 2259
f 2257 2259 2260
f 2261 2262 2263
f 2261 2263 2264
f 2265 2266 2267
f 2265 2267 2268
f 2269 2270 2271
f 2269 2271 2272
f 2273 2274 2275
f 2273 2275 2276
f 2277 2278 2279
f 2277 2279 2280
f 2281 2282 2283
f 2281 2283 2284
f 2285 2286 2287
f 2285 2287 2288
f 2289 2290 2291
f 2289 2291 2292
f 2293 2294 2295
f 2293 2295 2296
f 2297 2298 2299
f 2297 2299 2300
f 2301 2302 2303
f 2301 2303 2304
f 2305 2306 2307
f 2305 2307 2308
f 2309 2310 2311
f 2309 2311 2312
f 2313 2314 2315
f 2313 2315 2316
f 2317 2318 2319
f 2319 2318 2320
f 2321 2322 2323
f 2323 2322 2324
f 2323 2324 2325
f 2325 2324 2326
f 2327 2328 2329
f 2329 2328 2330
f 2331 2332 2333
f 2334 2335 2336
f 2334 2336 2337
f 2338 2339 2340
f 2341 2342 2343
f 2344 2345 2346
f 2347 2348 2349
f 2350 2351 2352
f 2353 2354 2355
f 2353 2355 2356
f 2357 2358 2359
f 2360 2361 2362
f 2360 2362 2363
f 2364 2365 2366
f 2364 2366 2367
f 2368 2369 2370
f 2371 2372 2373
f 2374 2375 2376
f 2377 2378 2379
f 2380 2381 2382
f 2383 2384 2385
f 2386 2387 2388
f 2389 2390 2391
f 2392 2393 2394
f 2395 2396 2397
f 2398 2399 2400
f 2401 2402 2403
f 2401 2403 2404
f 2405 2406 2407
f 2405 2407 2408
f 2409 2410 2411
f 2412 2413 2414
f 2412 2414 2415
f 2416 2417 2418
f 2419 2420 2421
f 2422 2423 2424
f 2425 2426 2427
f 2428 2429 2430
f 2431 2432 2433
f 2434 2435 2436
f 2437 2438 2439
f 2440 2441 2442
f 2443 2444 2445
f 2446 2447 2448
f 2449 2450 2451
f 2449 2451 2452
f 2453 2454 2455
f 2455 2454 2456
f 2457 2458 2459
f 2459 2458 2460
f 2461 2462 2463
f 2464 2465 2466
f 2467 2468 2469
f 2470 2471 2472
f 2473 2474 2475
f 2476 2477 2478
f 2479 2480 2481
f 2482 2483 2484
f 2482 2484 2485
f 2486 2487 2488
f 2489 2490 2491
f 2492 2493 2494
f 2495 2496 2497
f 2498 2499 2500
f 2501 2502 2503
f 2504 2505 2506
f 2507 2508 2509
f 2510 2511 2512
f 2513 2514 2515
f 2516 2517 2518
f 2519 2520 2521
f 2522 2523 2524
f 2525 2526 2527
f 2528 2529 2530
f 2531 2532 2533
f 2534 2535 2536
f 2537 2538 2539
f 2540 2541 2542
f 2543 2544 2545
f 2546 2547 2548
f 2549 2550 2551
f 2552 2553 2554
f 2552 2554 2555
f 2556 2557 2558
f 2559 2560 2561
f 2562 2563 2564
f 2565 2566 2567
f 2568 2569 2570
f 2571 2572 2573
f 2574 2575 2576
f 2577 2578 2579
f 2580 2581 2582
f 2582 2581 2583
f 2584 2585 2586
f 2584 2586 2587
f 2588 2589 2590
f 2588 2590 2591
f 2592 2593 2594
f 2592 2594 2595
f 2596 2597 2598
f 2596 2598 2599
f 2600 2601 2602
f 2600 2602 2603
f 2604 2605 2606
f 2604 2606 2607
f 2608 2609 2610
f 2608 2610 2611
f 2612 2613 2614
f 2612 2614 2615
f 2616 2617 2618
f 2616 2618 2619
f 2620 2621 2622
f 2620 2622 2623
f 2624 2625 2626
f 2624 2626 2627
f 2628 2629 2630
f 2628 2630 2631
f 2632 2633 2634
f 2632 2634 2635
f 2636 2637 2638
f 2638 2637 2639
f 2638 2639 2640
f 2641 2642 2640
f 2640 2642 2643
f 2640 2643 2638
f 2636 2638 2644
f 2644 2638 2645
f 2644 2645 2646
f 2646 2647 2644
f 2644 2647 2648
f 2644 2648 2649
f 2641 2640 2650
f 2650 2640 2651
f 2650 2651 2652
f 2652 2653 2650
f 2650 2653 2654
f 2650 2654 2655
f 2649 2656 2644
f 2644 2656 2657
f 2644 2657 2658
f 2655 2659 2650
f 2650 2659 2660
f 2650 2660 2661
f 2662 2663 2664
f 2664 2663 2665
f 2666 2667 2668
f 2668 2667 2669
f 2670 2671 2672
f 2672 2671 2673
f 2674 2675 2676
f 2676 2675 2677
f 2678 2679 2680
f 2680 2679 2681
f 2682 2683 2684
f 2684 2683 2685
f 2686 2687 2688
f 2688 2687 2689
f 2690 2691 2692
f 2692 2691 2693
f 2694 2695 2696
f 2696 2695 2697
f 2698 2699 2700
f 2700 2699 2701
f 2702 2703 2704
f 2704 2703 2705
f 2706 2707 2708
f 2708 2707 2709
f 2710 2711 2712
f 2712 2711 2713
f 2714 2715 2716
f 2716 2715 2717
f 2718 2719 2720
f 2720 2719 2721
f 2722 2723 2724
f 2724 2723 2725
f 2726 2727 2728
f 2728 2727 2729
f 2730 2731 2732
f 2732 2731 2733
f 2734 2735 2736
f 2736 2735 2737
f 2738 2739 2740
f 2740 2739 2741
f 2742 2743 2744
f 2744 2743 2745
f 2746 2747 2748
f 2748 2747 2749
f 2750 2751 2752
f 2752 2751 2753
f 2754 2755 2756
f 2756 2755 2757
f 2758 2759 2760
f 2760 2759 2761
f 2762 2763 2764
f 2764 2763 2765
f 2766 2767 2768
f 2768 2767 2769
f 2770 2771 2772
f 2772 2771 2773
f 2774 2775 2776
f 2776 2775 2777
f 2778 2779 2780
f 2780 2779 2781
f 2782 2783 2784
f 2784 2783 2785
f 2786 2787 2788
f 2788 2787 2789
f 2790 2791 2792
f 2792 2791 2793
f 2794 2795 2796
f 2796 2795 2797
f 2798 2799 2800
f 2800 2799 2801
f 2802 2803 2804
f 2804 2803 2805
f 2806 2807 2808
f 2808 2807 2809
f 2810 2811 2812
f 2812 2811 2813
f 2814 2815 2816
f 2816 2815 2817
f 2818 2819 2820
f 2820 2819 2821
f 2822 2823 2824
f 2824 2823 2825
f 2826 2827 2828
f 2828 2827 2829
f 2830 2831 2832
f 2832 2831 2833
f 2834 2835 2836
f 2836 2835 2837
f 2838 2839 2840
f 2840 2839 2841
f 2842 2843 2844
f 2844 2843 2845
f 2846 2847 2848
f 2848 2847 2849
f 2850 2851 2852
f 2852 2851 2853
f 2854 2855 2856
f 2856 2855 2857
f 2858 2859 2860
f 2860 2859 2861
f 2862 2863 2864
f 2864 2863 2865
f 2866 2867 2868
f 2868 2867 2869
f 2870 2871 2872
f 2872 2871 2873
f 2874 2875 2876
f 2876 2875 2877
f 2878 2879 2880
f 2880 2879 2881
f 2882 2883 2884
f 2884 2883 2885
f 2886 2887 2888
f 2888 2887 2889
f 2890 2891 2892
f 2892 2891 2893
f 2894 2895 2896
f 2896 2895 2897
f 2898 2899 2900
f 2900 2899 2901
f 2902 2903 2904
f 2904 2903 2905
f 2906 2907 2908
f 2908 2907 2909
f 2910 2911 2912
f 2912 2911 2913
f 2914 2915 2916
f 2916 2915 2917
f 2918 2919 2920
f 2920 2919 2921
f 2922 2923 2924
f 2924 2923 2925
f 2926 2927 2928
f 2928 2927 2929
f 2930 2931 2932
f 2932 2931 2933
f 2934 2935 2936
f 2936 2935 2937
f 2938 2939 2940
f 2940 2939 2941
f 2942 2943 2944
f 2944 2943 2945
f 2946 2947 2948
f 2948 2947 2949
f 2950 2951 2952
f 2952 2951 2953
f 2954 2955 2956
f 2956 2955 2957
f 2958 2959 2960
f 2960 2959 2961
f 2962 2963 2964
f 2964 2963 2965
f 2966 2967 2968
f 2968 2967 2969
f 2970 2971 2972
f 2972 2971 2973
f 2974 2975 2976
f 2976 2975 2977
f 2978 2979 2980
f 2980 2979 2981
f 2982 2983 2984
f 2984 2983 2985
f 2986 2987 2988
f 2988 2987 2989
f 2990 2991 2992
f 2992 2991 2993
f 2994 2995 2996
f 2996 2995 2997
f 2998 2999 3000
f 3000 2999 3001
f 3002 3003 3004
f 3004 3003 3005
f 3006 3007 3008
f 3008 3007 3009
f 3010 3011 3012
f 3012 3011 3013
f 3014 3015 3016
f 3016 3015 3017
f 3018 3019 3020
f 3020 3019 3021
f 3022 3023 3024
f 3024 3023 3025
f 3026 3027 3028
f 3028 3027 3029
f 3030 3031 3032
f 3032 3031 3033
f 3034 3035 3036
f 3036 3035 3037
f 3038 3039 3040
f 3040 3039 3041
f 3042 3043 3044
f 3044 3043 3045
f 3046 3047 3048
f 3046 3048 3049
f 3050 3051 3052
f 3050 3052 3053
f 3054 3055 3056
f 3054 3056 3057
f 3058 3059 3060
f 3058 3060 3061
f 3062 3063 3064
f 3062 3064 3065
f 3066 3067 3068
f 3066 3068 3069
f 3070 3071 3072
f 3070 3072 3073
f 3074 3075 3076
f 3074 3076 3077
f 3078 3079 3080
f 3078 3080 3081
f 3082 3083 3084
f 3082 3084 3085
f 3086 3087 3088
f 3086 3088 3089
f 3090 3091 3092
f 3090 3092 3093
f 3094 3095 3096
f 3094 3096 3097
f 3098 3099 3100
f 3098 3100 3101
f 3102 3103 3104
f 3102 3104 3105
f 3106 3107 3108
f 3106 3108 3109
f 3110 3111 3112
f 3110 3112 3113
f 3114 3115 3116
f 3114 3116 3117
f 3118 3119 3120
f 3118 3120 3121
f 3122 3123 3124
f 3122 3124 3125
f 3126 3127 3128
f 3126 3128 3129
f 3130 3131 3132
f 3130 3132 3133
f 3134 3135 3136
f 3134 3136 3137
f 3138 3139 3140
f 3138 3140 3141
f 3142 3143 3144
f 3142 3144 3145
f 3146 3147 3148
f 3146 3148 3149
f 3150 3151 3152
f 3150 3152 3153
f 3154 3155 3156
f 3154 3156 3157
f 3158 3159 3160
f 3160 3161 3158
f 3162 3163 3164
f 3162 3164 3165
f 3166 3167 3168
f 3166 3168 3169
f 3170 3171 3172
f 3170 3172 3173
f 3174 3175 3176
f 3174 3176 3177
f 3178 3179 3180
f 3178 3180 3181
f 3182 3183 3184
f 3184 3185 3182
f 3186 3187 3188
f 3186 3188 3189
f 3190 3191 3192
f 3193 3194 3195
f 3196 3197 3198
f 3199 3200 3201
f 3199 3201 3202
f 3203 3204 3205
f 3203 3205 3206
f 3207 3208 3209
f 3207 3209 3210
f 3192 3211 3190
f 3212 3213 3214
f 3212 3214 3215
f 3216 3217 3218
f 3216 3218 3219
f 3220 3221 3222
f 3222 3223 3220
f 3224 3225 3226
f 3224 3226 3227
f 3228 3229 3230
f 3230 3229 3231
f 3232 3233 3234
f 3234 3233 3235
f 3236 3237 3238
f 3238 3237 3239
f 3240 3241 3242
f 3242 3241 3243
f 3244 3245 3246
f 3246 3245 3247
f 3248 3249 3250
f 3250 3249 3251
f 3252 3253 3254
f 3254 3253 3255
f 3256 3257 3258
f 3258 3257 3259
f 3260 3261 3262
f 3262 3261 3263
f 3264 3265 3266
f 3266 3265 3267
f 3268 3269 3270
f 3270 3269 3271
f 3272 3273 3274
f 3274 3273 3275
f 3276 3277 3278
f 3278 3277 3279
f 3280 3281 3282
f 3282 3281 3283
f 3284 3285 3286
f 3286 3285 3287
f 3288 3289 3290
f 3290 3289 3291
f 3292 3293 3294
f 3294 3293 3295
f 3296 3297 3298
f 3298 3297 3299
f 3300 3301 3302
f 3302 3301 3303
f 3304 3305 3306
f 3306 3305 3307
f 3308 3309 3310
f 3310 3309 3311
f 3312 3313 3314
f 3314 3313 3315
f 3316 3317 3318
f 3318 3317 3319
f 3320 3321 3322
f 3322 3321 3323
f 3324 3325 3326
f 3326 3325 3327
f 3328 3329 3330
f 3330 3329 3331
f 3332 3333 3334
f 3334 3333 3335
f 3336 3337 3338
f 3338 3337 3339
f 3340 3341 3342
f 3342 3341 3343
f 3344 3345 3346
f 3346 3345 3347
f 3348 3349 3350
f 3350 3349 3351
f 3352 3353 3354
f 3354 3353 3355
f 3356 3357 3358
f 3356 3358 3359
f 3360 3361 3362
f 3360 3362 3363
f 3364 3365 3366
f 3364 3366 3367
f 3368 3369 3370
f 3368 3370 3371
f 3372 3373 3374
f 3372 3374 3375
f 3376 3377 3378
f 3376 3378 3379
f 3380 3381 3382
f 3380 3382 3383
f 3384 3385 3386
f 3384 3386 3387
f 3388 3389 3390
f 3388 3390 3391
f 3392 3393 3394
f 3392 3394 3395
f 3396 3397 3398
f 3396 3398 3399
f 3400 3401 3402
f 3400 3402 3403
f 3404 3405 3406
f 3404 3406 3407
f 3408 3409 3410
f 3408 3410 3411
f 3412 3413 3414
f 3412 3414 3415
f 3416 3417 3418
f 3416 3418 3419
f 3420 3421 3422
f 3420 3422 3423
f 3424 3425 3426
f 3424 3426 3427
f 3428 3429 3430
f 3428 3430 3431
f 3432 3433 3434
f 3432 3434 3435
f 3436 3437 3438
f 3436 3438 3439
f 3440 3441 3442
f 3440 3442 3443
f 3444 3445 3446
f 3444 3446 3447
f 3448 3449 3450
f 3448 3450 3451
f 3452 3453 3454
f 3452 3454 3455
f 3456 3457 3458
f 3456 3458 3459
f 3460 3461 3462
f 3460 3462 3463
f 3464 3465 3466
f 3464 3466 3467
f 3468 3469 3470
f 3471 3472 3473
f 3474 3475 3476
f 3477 3478 3479
f 3480 3481 3482
f 3483 3484 3485
f 3486 3487 3488
f 3489 3490 3491
f 3492 3493 3494
f 3495 3496 3497
f 3498 3499 3500
f 3501 3502 3503
f 3504 3505 3506
f 3507 3508 3509
f 3510 3511 3512
f 3513 3514 3515
f 3516 3517 3518
f 3519 3520 3521
f 3522 3523 3524
f 3525 3526 3527
f 3528 3529 3530
f 3531 3532 3533
f 3534 3535 3536
f 3537 3538 3539
f 3537 3539 3540
f 3541 3542 3543
f 3544 3545 3546
f 3547 3548 3549
f 3550 3551 3552
f 3553 3554 3555
f 3556 3557 3558
f 3559 3560 3561
f 3562 3563 3564
f 3565 3566 3567
f 3568 3569 3570
f 3571 3572 3573
f 3574 3575 3576
f 3577 3578 3579
f 3580 3581 3582
f 3580 3582 3583
f 3584 3585 3586
f 3587 3588 3589
f 3590 3591 3592
f 3593 3594 3595
f 3596 3597 3598
f 3599 3600 3601
f 3602 3603 3604
f 3605 3606 3607
f 3608 3609 3610
f 3611 3612 3613
f 3614 3615 3616
f 3617 3618 3619
f 3620 3621 3622
f 3623 3624 3625
f 3626 3627 3628
f 3629 3630 3631
f 3632 3633 3634
f 3635 3636 3637
f 3638 3639 3640
f 3641 3642 3643
f 3644 3645 3646
f 3646 3645 3647
f 3648 3649 3650
f 3650 3649 3651
f 3652 3653 3654
f 3654 3653 3655
f 3656 3657 3658
f 3658 3657 3659
f 3660 3661 3662
f 3662 3661 3663
f 3664 3665 3666
f 3666 3665 3667
f 3668 3669 3670
f 3670 3669 3671
f 3672 3673 3674
f 3674 3673 3675
f 3676 3677 3678
f 3678 3677 3679
f 3680 3681 3682
f 3682 3681 3683
f 3684 3685 3686
f 3686 3685 3687
f 3688 3689 3690
f 3690 3689 3691
f 3692 3693 3694
f 3694 3693 3695
f 3696 3697 3698
f 3698 3697 3699
f 3700 3701 3702
f 3702 3701 3703
f 3704 3705 3706
f 3706 3705 3707
f 3708 3709 3710
f 3710 3709 3711
f 3712 3713 3714
f 3714 3713 3715
f 3716 3717 3718
f 3718 3717 3719
f 3720 3721 3722
f 3722 3721 3723
f 3724 3725 3726
f 3726 3725 3727
f 3728 3729 3730
f 3730 3729 3731
f 3732 3733 3734
f 3734 3733 3735
f 3736 3737 3738
f 3738 3737 3739
f 3740 3741 3742
f 3742 3741 3743
f 3744 3745 3746
f 3746 3745 3747
f 3748 3749 3750
f 3750 3749 3751
f 3752 3753 3754
f 3754 3753 3755
f 3756 3757 3758
f 3759 3760 3761
f 3762 3763 3764
f 3765 3766 3767
f 3768 3769 3770
f 3771 3772 3773
f 3769 3774 3770
f 3770 3774 3775
f 3770 3775 3776
f 3776 3775 3777
f 3778 3773 3779
f 3779 3773 3780
f 3779 3780 3781
f 3782 3771 3783
f 3783 3771 3773
f 3783 3773 3784
f 3784 3773 3778
f 3785 3786 3787
f 3772 3771 3788
f 3788 3771 3789
f 3788 3789 3790
f 3791 3792 3793
f 3793 3792 3794
f 3794 3795 3796
f 3796 3795 3797
f 3796 3797 3798
f 3799 3800 3801
f 3797 3802 3798
f 3798 3802 3803
f 3798 3803 3804
f 3804 3803 3805
f 3804 3805 3806
f 3806 3805 3807
f 3806 3807 3808
f 3809 3810 3811
f 3811 3810 3799
f 3811 3799 3807
f 3807 3799 3801
f 3807 3801 3808
f 3812 3813 3814
f 3815 3816 3817
f 3817 3816 3818
f 3815 3819 3816
f 3816 3819 3820
f 3816 3820 3813
f 3813 3820 3821
f 3813 3821 3814
f 3814 3822 3812
f 3812 3822 3823
f 3812 3823 3824
f 3825 3826 3827
f 3827 3826 3828
f 3827 3828 3818
f 3818 3828 3829
f 3818 3829 3817
f 3830 3831 3832
f 3794 3796 3793
f 3793 3796 3833
f 3793 3833 3834
f 3831 3835 3832
f 3832 3835 3836
f 3832 3836 3796
f 3796 3836 3837
f 3796 3837 3833
f 3834 3838 3793
f 3793 3838 3839
f 3793 3839 3791
f 3791 3839 3840
f 3841 3842 3843
f 3843 3842 3844
f 3843 3844 3845
f 3845 3844 3846
f 3845 3846 3830
f 3780 3768 3781
f 3781 3768 3770
f 3781 3770 3847
f 3847 3770 3848
f 3798 3849 3850
f 3849 3851 3850
f 3850 3851 3852
f 3850 3852 3853
f 3853 3852 3854
f 3855 3856 3845
f 3845 3856 3857
f 3830 3832 3845
f 3845 3832 3858
f 3845 3858 3855
f 3859 3860 3861
f 3861 3860 3862
f 3861 3862 3863
f 3859 3861 3864
f 3864 3861 3865
f 3864 3865 3866
f 3867 3868 3869
f 3867 3869 3870
f 3868 3871 3869
f 3869 3871 3872
f 3869 3872 3866
f 3866 3872 3873
f 3866 3873 3864
f 3874 3875 3812
f 3876 3813 3877
f 3877 3813 3812
f 3877 3812 3878
f 3878 3812 3875
f 3879 3880 3881
f 3882 3883 3884
f 3885 3886 3887
f 3887 3886 3888
f 3880 3889 3881
f 3881 3889 3890
f 3881 3890 3886
f 3886 3890 3891
f 3886 3891 3888
f 3892 3893 3894
f 3892 3894 3895
f 3896 3897 3898
f 3898 3897 3899
f 3893 3900 3894
f 3894 3900 3901
f 3894 3901 3898
f 3898 3901 3902
f 3898 3902 3896
f 3903 3904 3905
f 3905 3904 3906
f 3905 3906 3907
f 3908 3909 3910
f 3908 3910 3911
f 3912 3913 3914
f 3912 3914 3915
f 3909 3916 3910
f 3910 3916 3917
f 3910 3917 3914
f 3914 3917 3918
f 3914 3918 3915
f 3919 3920 3758
f 3758 3920 3921
f 3758 3921 3922
f 3923 3924 3925
f 3926 3927 3928
f 3928 3927 3929
f 3923 3925 3930
f 3924 3931 3925
f 3925 3931 3932
f 3925 3932 3928
f 3928 3932 3933
f 3928 3933 3926
f 3934 3935 3936
f 3936 3935 3937
f 3936 3937 3938
f 3939 3940 3941
f 3941 3940 3942
f 3943 3944 3945
f 3946 3947 3948
f 3949 3950 3951
f 3951 3950 3952
f 3951 3952 3953
f 3943 3945 3954
f 3944 3955 3945
f 3945 3955 3956
f 3945 3956 3948
f 3948 3956 3957
f 3948 3957 3953
f 3952 3958 3953
f 3953 3958 3959
f 3953 3959 3948
f 3948 3959 3960
f 3948 3960 3946
f 3961 3962 3963
f 3963 3962 3964
f 3965 3966 3967
f 3968 3969 3941
f 3941 3969 3970
f 3970 3971 3941
f 3941 3971 3950
f 3941 3950 3939
f 3939 3950 3949
f 3971 3972 3950
f 3950 3972 3973
f 3950 3973 3967
f 3967 3973 3974
f 3967 3974 3965
f 3975 3976 3977
f 3977 3976 3978
f 3975 3979 3980
f 3979 3981 3980
f 3980 3981 3982
f 3980 3982 3983
f 3966 3964 3967
f 3967 3964 3962
f 3967 3962 3984
f 3984 3962 3985
f 3986 3987 3980
f 3975 3980 3976
f 3976 3980 3987
f 3976 3987 3988
f 3989 3990 3991
f 3991 3990 3992
f 3993 3994 3995
f 3995 3994 3991
f 3995 3991 3996
f 3996 3991 3992
f 3993 3997 3994
f 3994 3997 3998
f 3994 3998 3999
f 4000 4001 4002
f 4002 4001 4003
f 4004 4005 4006
f 4006 4005 4007
f 4006 4007 4008
f 4008 4009 3989
f 3989 4009 4010
f 3989 4010 4011
f 4011 4010 4012
f 4011 4012 4013
f 4013 4012 4014
f 4013 4014 4015
f 4015 4014 4016
f 4001 4017 4018
f 4016 4003 4015
f 4015 4003 4001
f 4015 4001 4019
f 4019 4001 4018
f 4020 4021 4022
f 4023 4024 4025
f 4023 4025 4026
f 4024 4027 4025
f 4025 4027 4028
f 4025 4028 4001
f 4028 4029 4001
f 4001 4029 4030
f 4001 4030 4017
f 4017 4030 4031
f 4017 4031 4032
f 4022 4033 4020
f 4020 4033 4034
f 4020 4034 4035
f 4035 4034 4036
f 4035 4036 4037
f 4037 4036 4038
f 4037 4038 4031
f 4031 4038 4039
f 4031 4039 4032
f 4040 4041 3827
f 4041 4042 3827
f 3827 4042 4043
f 3827 4043 4044
f 4044 4043 4045
f 4044 4045 4046
f 4047 4048 4049
f 4049 4048 4050
f 4050 4048 4040
f 4050 4040 4051
f 4049 4052 4047
f 4047 4052 4053
f 4047 4053 4054
f 4054 4053 4055
f 4054 4055 4056
f 4056 4055 4057
f 4056 4057 4058
f 4058 4057 4059
f 4060 4061 4062
f 4051 4040 4063
f 4063 4040 3827
f 4063 3827 4064
f 4064 3827 3818
f 4064 3818 4065
f 4065 3818 3816
f 4065 3816 4062
f 4062 3816 4066
f 4062 4066 4060
f 4067 4066 4068
f 4068 4066 3816
f 4068 3816 3869
f 3869 3816 3813
f 3869 3813 3870
f 3870 3813 3876
f 3770 4069 4070
f 3854 4071 3853
f 3853 4071 4072
f 3853 4072 4073
f 4073 4072 4074
f 4073 4074 4075
f 4075 4074 4076
f 4075 4076 4077
f 4077 4076 3848
f 4077 3848 4078
f 4078 3848 3770
f 4078 3770 4079
f 4079 3770 4070
f 4079 4070 4080
f 4069 3770 4081
f 4081 3770 3776
f 4081 3776 4082
f 4083 4082 4084
f 4085 4086 4087
f 4087 4086 4088
f 4087 4088 4089
f 4090 4091 4092
f 3777 3785 3776
f 3776 3785 3787
f 3776 3787 4082
f 4082 3787 4093
f 4082 4093 4084
f 4089 4088 4094
f 4094 4088 4095
f 4094 4095 4084
f 4084 4095 4096
f 4084 4096 4083
f 4090 4092 4097
f 4091 4098 4092
f 4092 4098 4099
f 4092 4099 3787
f 3787 4099 4100
f 3787 4100 4093
f 4101 4102 4103
f 4104 4105 4106
f 4106 4105 4107
f 4106 4107 4101
f 4108 4109 4110
f 4109 4111 4110
f 4110 4111 4112
f 4110 4112 4113
f 4113 4112 4114
f 4113 4114 4115
f 4107 4116 4101
f 4101 4116 4117
f 4101 4117 4118
f 4118 4117 4119
f 4118 4119 4120
f 4120 4119 4108
f 4121 3759 4110
f 4110 3759 3761
f 4110 3761 4108
f 4108 3761 4122
f 4108 4122 4120
f 4123 4124 4125
f 4125 4124 4126
f 4127 4128 4110
f 4129 4130 4123
f 4127 4110 4131
f 4121 4132 4133
f 4133 4132 4134
f 4128 4135 4110
f 4110 4135 4136
f 4110 4136 4121
f 4121 4136 4137
f 4121 4137 4132
f 4138 4130 4139
f 4139 4130 4129
f 4139 4129 4140
f 4140 4129 4141
f 4138 4142 4130
f 4130 4142 4143
f 4130 4143 4134
f 4134 4143 4144
f 4134 4144 4133
f 4145 4146 4125
f 4123 4125 4129
f 4129 4125 4146
f 4129 4146 4147
f 4008 3989 4006
f 4006 3989 3991
f 4006 3991 4148
f 4148 3991 4149
f 4148 4149 3881
f 4150 4151 4149
f 4152 4153 3764
f 4151 4154 4149
f 4149 4154 3882
f 4149 3882 3881
f 3881 3882 3884
f 3881 3884 3879
f 4154 4155 3882
f 3882 4155 4156
f 3882 4156 4157
f 3763 3883 3764
f 3764 3883 3882
f 3764 3882 4152
f 4152 3882 4157
f 4153 4158 3764
f 3764 4158 4159
f 3764 4159 4160
f 4160 4159 4161
f 4160 4161 4162
f 4162 4150 4160
f 4160 4150 4149
f 4160 4149 3980
f 3980 4149 3991
f 3980 3991 3986
f 3986 3991 3994
f 3986 3994 4163
f 3983 3985 3980
f 3980 3985 3962
f 3980 3962 4160
f 4160 3962 4164
f 4160 4164 3764
f 3764 4164 3898
f 3764 3898 3762
f 3762 3898 3899
f 3942 3954 3941
f 3941 3954 3945
f 3941 3945 4165
f 4165 3945 4166
f 4165 4166 3925
f 3925 4166 3938
f 3925 3938 3930
f 3930 3938 3937
f 4167 4168 4166
f 4166 4168 4169
f 4166 4169 3938
f 3938 4169 4170
f 3938 4170 4171
f 4172 3936 4173
f 4173 3936 3938
f 4173 3938 4174
f 4174 3938 4171
f 4172 4175 3936
f 3936 4175 4176
f 3936 4176 4177
f 4177 4176 4178
f 4177 4178 4179
f 4179 4167 4177
f 4177 4167 4166
f 4177 4166 4125
f 4125 4166 3945
f 4125 3945 4145
f 4145 3945 3948
f 4145 3948 4180
f 4126 4131 4125
f 4125 4131 4110
f 4125 4110 4177
f 4177 4110 4113
f 4177 4113 3936
f 3936 4113 3914
f 3936 3914 3934
f 3934 3914 3913
f 4021 4026 4022
f 4022 4026 4025
f 4022 4025 4181
f 4181 4025 4182
f 4181 4182 4183
f 4183 4182 4184
f 4183 4184 4057
f 4057 4184 4044
f 4057 4044 4059
f 4059 4044 4046
f 4185 3905 4186
f 4186 3905 3907
f 4186 3907 4187
f 4187 3907 4188
f 4185 4189 3905
f 3905 4189 4190
f 3905 4190 4191
f 4191 4190 4192
f 4193 4194 4195
f 4194 4196 4195
f 4195 4196 4197
f 4195 4197 3907
f 3907 4197 4198
f 3907 4198 4188
f 3758 3757 4199
f 4199 3757 4200
f 4199 4200 4201
f 4202 4203 4204
f 4204 4203 4205
f 4204 4205 3922
f 3922 4205 4206
f 3922 4206 4207
f 4207 4208 3922
f 3922 4208 4209
f 3922 4209 3758
f 3758 4209 4210
f 3758 4210 3756
f 4115 4104 4113
f 4113 4104 4106
f 4113 4106 3914
f 3914 4106 4211
f 3914 4211 3910
f 3910 4211 4212
f 3910 4212 4092
f 4092 4212 4086
f 4092 4086 4097
f 4097 4086 4085
f 4101 4103 4106
f 4106 4103 4213
f 4106 4213 4211
f 4211 4213 4214
f 4211 4214 4212
f 4212 4214 4215
f 4212 4215 4086
f 4086 4215 4216
f 4086 4216 4088
f 4088 4216 4217
f 4088 4217 4218
f 4000 4004 4001
f 4001 4004 4006
f 4001 4006 4025
f 4025 4006 4148
f 4025 4148 4182
f 4182 4148 3881
f 4182 3881 4184
f 4184 3881 3886
f 4184 3886 4044
f 4044 3886 4219
f 4044 4219 3827
f 3827 4219 3824
f 3827 3824 3825
f 3825 3824 3823
f 3961 3968 3962
f 3962 3968 3941
f 3962 3941 4164
f 4164 3941 4165
f 4164 4165 3898
f 3898 4165 3925
f 3898 3925 3894
f 3894 3925 3928
f 3894 3928 4220
f 4220 3928 4221
f 4220 4221 3843
f 3843 4221 3839
f 3843 3839 3841
f 3841 3839 3838
f 3929 3919 3928
f 3928 3919 3758
f 3928 3758 4221
f 4221 3758 4199
f 4221 4199 3839
f 3839 4199 3810
f 3839 3810 3840
f 3840 3810 3809
f 3921 3911 3922
f 3922 3911 3910
f 3922 3910 4204
f 4204 3910 4092
f 4204 4092 3789
f 3789 4092 3787
f 3789 3787 3790
f 3790 3787 3786
f 3885 3903 3886
f 3886 3903 3905
f 3886 3905 4219
f 4219 3905 4191
f 4219 4191 3824
f 3824 4191 4222
f 3824 4222 3812
f 3812 4222 4223
f 3812 4223 3874
f 3874 4223 4224
f 4192 4193 4191
f 4191 4193 4195
f 4191 4195 4222
f 4222 4195 4225
f 4222 4225 4223
f 4223 4225 3767
f 4223 3767 4224
f 4224 3767 3766
f 3906 3895 3907
f 3907 3895 3894
f 3907 3894 4195
f 4195 3894 4220
f 4195 4220 4225
f 4225 4220 3843
f 4225 3843 3767
f 3767 3843 3845
f 3767 3845 3765
f 3765 3845 3857
f 4201 4202 4199
f 4199 4202 4204
f 4199 4204 3810
f 3810 4204 3789
f 3810 3789 3799
f 3799 3789 3771
f 3799 3771 3800
f 3800 3771 3782
f 3798 3850 3796
f 3796 3850 3861
f 3796 3861 3832
f 3832 3861 3863
f 3832 3863 3858
f 4226 4227 4228
f 4228 4227 4229
f 4230 4231 4232
f 4232 4231 4233
f 4234 4235 4236
f 4236 4235 4237
f 4238 4239 4240
f 4240 4239 4241
f 4242 4243 4244
f 4244 4243 4245
f 4246 4247 4248
f 4248 4247 4249
f 4250 4251 4252
f 4252 4251 4253
f 4254 4255 4256
f 4256 4255 4257
f 4258 4259 4260
f 4260 4259 4261
f 4262 4263 4264
f 4264 4263 4265
f 4266 4267 4268
f 4268 4267 4269
f 4268 4269 4270
f 4270 4269 4271
f 4272 4273 4274
f 4274 4273 4275
f 4276 4277 4278
f 4278 4277 4279
f 4280 4281 4282
f 4282 4281 4283
f 4284 4285 4286
f 4286 4285 4287
f 4288 4289 4290
f 4290 4289 4291
f 4292 4293 4294
f 4294 4293 4295
f 4296 4297 4298
f 4298 4297 4299
f 4300 4301 4302
f 4302 4301 4303
f 4304 4305 4306
f 4306 4305 4307
f 4308 4309 4310
f 4308 4310 4311
f 4311 4310 4312
f 4311 4312 4313
f 4314 4315 4316
f 4316 4315 4317
f 4318 4319 4320
f 4320 4319 4321
f 4322 4323 4324
f 4324 4323 4325
f 4326 4327 4328
f 4328 4327 4329
f 4330 4331 4332
f 4332 4331 4333
f 4334 4335 4336
f 4336 4335 4337
f 4338 4339 4340
f 4340 4339 4341
f 4342 4343 4344
f 4344 4343 4345
f 4346 4347 4348
f 4348 4347 4349
f 4350 4351 4352
f 4352 4351 4353
f 4354 4355 4356
f 4356 4355 4357
f 4358 4359 4360
f 4360 4359 4361
f 4362 4363 4364
f 4364 4363 4365
f 4366 4367 4368
f 4368 4367 4369
f 4370 4371 4372
f 4370 4372 4373
f 4373 4372 4374
f 4373 4374 4375
f 4376 4377 4378
f 4378 4377 4379
f 4380 4381 4382
f 4382 4381 4383
f 4384 4385 4386
f 4386 4385 4387
f 4388 4389 4390
f 4390 4389 4391
f 4392 4393 4394
f 4394 4393 4395
f 4396 4397 4398
f 4398 4397 4399
f 4400 4401 4402
f 4402 4401 4403
f 4404 4405 4406
f 4406 4405 4407
f 4408 4409 4410
f 4410 4409 4411
f 4412 4413 4414
f 4412 4414 4415
f 4415 4414 4416
f 4415 4416 4417
f 4418 4419 4420
f 4420 4419 4421
f 4422 4423 4424
f 4425 4426 4427
f 4427 4426 4428
f 4429 4430 4431
f 4432 4433 4434
f 4435 4436 4437
f 4435 4437 4438
f 4438 4437 4439
f 4438 4439 4440
f 4441 4442 4443
f 4443 4442 4444
f 4445 4446 4447
f 4448 4449 4450
f 4450 4449 4451
f 4452 4453 4454
f 4455 4456 4457
f 4458 4459 4460
f 4460 4459 4461
f 4460 4461 4462
f 4463 4464 4465
f 4466 4467 4468
f 4468 4467 4469
f 4470 4471 4472
f 4473 4474 4475
f 4476 4477 4478
f 4479 4463 4465
f 4480 4481 4482
f 4480 4482 4483
f 4483 4482 4484
f 4483 4484 4485
f 4486 4487 4488
f 4488 4487 4489
f 4490 4491 4492
f 4492 4491 4493
f 4494 4495 4496
f 4496 4495 4497
f 4498 4499 4500
f 4500 4499 4501
f 4502 4503 4504
f 4504 4503 4505
f 4504 4505 4506
f 4507 4508 4509
f 4510 4511 4512
f 4512 4511 4513
f 4514 4515 4516
f 4517 4518 4519
f 4520 4521 4522
f 4523 4507 4509
f 4524 4525 4526
f 4524 4526 4527
f 4527 4526 4528
f 4527 4528 4529
f 4530 4531 4532
f 4533 4534 4535
f 4535 4534 4536
f 4537 4538 4539
f 4540 4541 4542
f 4543 4544 4545
f 4546 4530 4532
f 4547 4548 4549
f 4549 4548 4550
f 4549 4550 4551
f 4552 4553 4554
f 4555 4556 4557
f 4557 4556 4558
f 4559 4560 4561
f 4562 4563 4564
f 4565 4566 4567
f 4568 4552 4554
f 4569 4570 4571
f 4569 4571 4572
f 4572 4571 4573
f 4572 4573 4574
f 4575 4576 4577
f 4578 4579 4580
f 4580 4579 4581
f 4582 4583 4584
f 4585 4586 4587
f 4588 4589 4590
f 4591 4575 4577
f 4592 4593 4594
f 4594 4593 4595
f 4594 4595 4596
f 4597 4598 4599
f 4599 4598 4600
f 4601 4602 4603
f 4603 4602 4604
f 4605 4606 4607
f 4607 4606 4608
f 4609 4610 4611
f 4611 4610 4612
f 4613 4614 4615
f 4615 4614 4616
f 4617 4618 4619
f 4619 4618 4620
f 4621 4622 4623
f 4623 4622 4624
f 4625 4626 4627
f 4627 4626 4628
f 4629 4630 4631
f 4631 4630 4632
f 4633 4634 4635
f 4635 4634 4636
f 4637 4638 4639
f 4639 4638 4640
f 4641 4642 4643
f 4643 4642 4644
f 4645 4646 4647
f 4647 4646 4648
f 4649 4650 4651
f 4651 4650 4652
f 4653 4654 4655
f 4655 4654 4656
f 4657 4658 4659
f 4659 4658 4660
f 4661 4662 4663
f 4663 4662 4664
f 4665 4666 4667
f 4667 4666 4668
f 4669 4670 4671
f 4671 4670 4672
f 4673 4674 4675
f 4675 4674 4676
f 4677 4678 4679
f 4679 4678 4680
f 4681 4682 4683
f 4683 4682 4684
f 4685 4686 4687
f 4687 4686 4688
f 4689 4690 4691
f 4691 4690 4692
f 4693 4694 4695
f 4695 4694 4696
f 4697 4698 4699
f 4699 4698 4700
f 4701 4702 4703
f 4703 4702 4704
f 4705 4706 4707
f 4707 4706 4708
f 4709 4710 4711
f 4711 4710 4712
f 4713 4714 4715
f 4715 4714 4716
f 4717 4718 4719
f 4719 4718 4720
f 4721 4722 4723
f 4723 4722 4724
f 4725 4726 4727
f 4727 4726 4728
f 4729 4730 4731
f 4731 4730 4732
f 4733 4734 4735
f 4735 4734 4736
f 4737 4738 4739
f 4739 4738 4740
f 4741 4742 4743
f 4743 4742 4744
f 4745 4746 4747
f 4747 4746 4748
f 4749 4750 4751
f 4751 4750 4752
f 4753 4754 4755
f 4755 4754 4756
f 4757 4758 4759
f 4759 4758 4760
f 4761 4762 4763
f 4763 4762 4764
f 4765 4766 4767
f 4767 4766 4768
f 4769 4770 4771
f 4771 4770 4772
f 4773 4774 4775
f 4775 4774 4776
f 4777 4778 4779
f 4779 4778 4780
f 4781 4782 4783
f 4783 4782 4784
f 4785 4786 4787
f 4787 4786 4788
f 4789 4790 4791
f 4791 4790 4792
f 4793 4794 4795
f 4795 4794 4796
f 4797 4798 4799
f 4799 4798 4800
f 4801 4802 4803
f 4803 4802 4804
f 4805 4806 4807
f 4807 4806 4808
f 4809 4810 4811
f 4811 4810 4812
f 4813 4814 4815
f 4815 4814 4816
f 4817 4818 4819
f 4819 4818 4820
f 4821 4822 4823
f 4823 4822 4824
f 4825 4826 4827
f 4827 4826 4828
f 4829 4830 4831
f 4831 4830 4832
f 4833 4834 4835
f 4835 4834 4836
f 4837 4838 4839
f 4839 4838 4840
f 4841 4842 4843
f 4843 4842 4844
f 4845 4846 4847
f 4847 4846 4848
f 4849 4850 4851
f 4851 4850 4852
f 4853 4854 4855
f 4855 4854 4856
f 4857 4858 4859
f 4859 4858 4860
f 4861 4862 4863
f 4863 4862 4864
f 4865 4866 4867
f 4867 4866 4868
f 4869 4870 4871
f 4871 4870 4872
f 4873 4874 4875
f 4875 4874 4876
f 4877 4878 4879
f 4879 4878 4880
f 4881 4882 4883
f 4883 4882 4884
f 4885 4886 4887
f 4887 4886 4888
f 4889 4890 4891
f 4891 4890 4892
f 4893 4894 4895
f 4895 4894 4896
f 4897 4898 4899
f 4899 4898 4900
f 4901 4902 4903
f 4903 4902 4904
f 4905 4906 4907
f 4907 4906 4908
f 4909 4910 4911
f 4911 4910 4912
f 4913 4914 4915
f 4915 4914 4916
f 4917 4918 4919
f 4919 4918 4920
f 4921 4922 4923
f 4923 4922 4924
f 4925 4926 4927
f 4927 4926 4928
f 4929 4930 4931
f 4931 4930 4932
f 4933 4934 4935
f 4935 4934 4936
f 4937 4938 4939
f 4939 4938 4940
f 4941 4942 4943
f 4943 4942 4944
f 4945 4946 4947
f 4947 4946 4948
f 4949 4950 4951
f 4951 4950 4952
f 4953 4954 4955
f 4955 4954 4956
f 4957 4958 4959
f 4960 4961 4962
f 4963 4964 4965
f 4966 4967 4968
f 4969 4970 4971
f 4972 4973 4974
f 4975 4976 4977
f 4978 4979 4980
f 4981 4982 4983
f 4984 4985 4986
f 4987 4988 4989
f 4990 4991 4992
f 4993 4994 4995
f 4996 4997 4998
f 4999 5000 5001
f 5002 5003 5004
f 5005 5006 5007
f 5008 5009 5010
f 5011 5012 5013
f 5014 5015 5016
f 5017 5018 5019
f 5020 5021 5022
f 5023 5024 5025
f 5026 5027 5028
f 5029 5030 5031
f 5031 5030 5032
f 5033 5034 5035
f 5035 5034 5036
f 5037 5038 5039
f 5040 5041 5042
f 5043 5044 5045
f 5046 5047 5048
f 5049 5050 5051
f 5052 5053 5054
f 5055 5056 5057
f 5057 5056 5058
f 5059 5060 5061
f 5061 5060 5062
f 5063 5064 5065
f 5066 5067 5068
f 5069 5070 5071
f 5071 5070 5072
f 5073 5074 5075
f 5075 5074 5076
f 5077 5078 5079
f 5079 5078 5080
f 5081 5082 5083
f 5083 5082 5084
f 5085 5086 5087
f 5088 5089 5090
f 5091 5092 5093
f 5094 5095 5096
f 5097 5098 5099
f 5100 5101 5102
f 5103 5104 5105
f 5106 5107 5108
f 5109 5110 5111
f 5112 5113 5114
f 5115 5116 5117
f 5092 5118 5093
f 5119 5120 5121
f 5122 5123 5124
f 5086 5085 5125
f 5126 5127 5128
f 5129 5130 5131
f 5132 5133 5134
f 5135 5136 5137
f 5138 5139 5140
f 5141 5142 5143
f 5144 5145 5146
f 5144 5146 5147
f 5148 5149 5150
f 5151 5152 5153
f 3983 5154 3985
f 3982 3981 3983
f 5155 5156 5157
f 5155 5157 5158
f 5159 5160 5161
f 5159 5161 5162
f 5163 5164 5165
f 5163 5165 5166
f 5167 5168 5169
f 5167 5169 5170
f 3979 3975 3981
f 5171 5172 5173
f 5171 5173 5174
f 5175 5176 5177
f 5175 5177 5178
f 5179 5180 5181
f 5179 5181 5182
f 5183 5184 5185
f 5186 5187 5188
f 5189 5190 5191
f 5192 5193 5194
f 5195 5196 5197
f 5198 5199 5200
f 5198 5200 5201
f 5202 5203 5204
f 5205 5206 5207
f 5208 5209 5210
f 5211 5212 5213
f 5189 5214 5190
f 5215 5216 5217
f 5218 5219 5220
f 5221 5222 5223
f 5224 5225 5226
f 5227 5228 5229
f 5230 5231 5232
f 5233 5234 5235
f 5236 5237 5238
f 5239 5240 5241
f 5242 5243 5244
f 5245 5246 5247
f 5248 5249 5250
f 5251 5252 5253
f 5254 5255 5256
f 5257 5258 5259
f 5260 5261 5262
f 5263 5264 5265
f 5266 5267 5268
f 5269 5270 5271
f 5272 5273 5274
f 5250 5275 5248
f 5276 5277 5278
f 5278 5277 5279
f 5280 5281 5282
f 5282 5281 5283
f 5282 5283 5284
f 5285 5286 5282
f 5282 5286 5280
f 5280 5286 5287
f 5280 5287 5288
f 5289 5290 5291
f 5291 5290 5292
f 5291 5292 5282
f 5282 5292 5293
f 5282 5293 5285
f 5294 5295 5296
f 5287 5297 5288
f 5288 5297 5294
f 5288 5294 5298
f 5298 5294 5296
f 5299 5300 5301
f 5301 5300 5302
f 5303 5304 5305
f 5306 5307 5308
f 5309 5310 5311
f 5312 5313 5314
f 5315 5316 5317
f 5318 5319 5320
f 5321 5322 5323
f 5324 5325 5326
f 5327 5328 5329
f 5330 5331 5332
f 5333 5334 5335
f 5336 5337 5338
f 5339 5340 5341
f 5342 5343 5344
f 5344 5343 5345
f 5346 5347 5348
f 5349 5350 5351
f 5352 5353 5354
f 5354 5353 5355
f 5356 5357 5358
f 5358 5357 5359
f 5360 5361 5362
f 5339 5341 5363
f 5364 5365 5366
f 5367 5368 5369
f 5370 5371 5372
f 5373 5374 5375
f 5376 5364 5366
f 5377 5378 5379
f 5380 5381 5382
f 5383 5384 5385
f 5386 5387 5388
f 5386 5388 5389
f 5390 5391 5392
f 5393 5394 5395
f 3993 5396 3997
f 3995 3996 3993
f 5397 5398 5399
f 5397 5399 5400
f 5401 5402 5403
f 5401 5403 5404
f 5405 5406 5407
f 5405 5407 5408
f 5409 5410 5411
f 5412 5413 5414
f 3992 3990 3996
f 5415 5416 5417
f 5415 5417 5418
f 5419 5420 5421
f 5419 5421 5422
f 5423 5424 5425
f 5423 5425 5426
f 5427 5428 5429
f 5430 5431 5432
f 5433 5434 5435
f 5436 5437 5438
f 5439 5440 5441
f 5442 5443 5444
f 5442 5444 5445
f 5446 5447 5448
f 5449 5450 5451
f 5452 5453 5454
f 5455 5456 5457
f 5433 5458 5434
f 5434 5458 5459
f 5460 5461 5462
f 5463 5464 5465
f 5465 5464 5466
f 5467 5468 5469
f 5469 5468 5470
f 5471 5472 5473
f 5473 5472 5474
f 5475 5476 5477
f 5478 5479 5480
f 5481 5482 5483
f 5484 5462 5461
f 5485 5486 5487
f 5459 5458 5488
f 5489 5490 5491
f 5491 5490 5492
f 5493 5494 5495
f 5495 5494 5496
f 5497 5498 5499
f 5500 5501 5502
f 5503 5504 5505
f 5506 5507 5508
f 5509 5510 5511
f 5512 5513 5514
f 5515 5516 5517
f 5518 5519 5520
f 5518 5520 5521
f 5522 5459 5488
f 5523 5524 5525
f 5525 5526 5523
f 5527 5528 5529
f 5527 5529 5530
f 5531 5532 5533
f 5534 5535 5536
f 5537 5538 5539
f 5540 5541 5542
f 5543 5544 5545
f 5546 5547 5548
f 5549 5550 5551
f 5552 5553 5554
f 5555 5556 5557
f 5558 5559 5560
f 5561 5562 5563
f 5564 5565 5566
f 5525 5567 5526
f 5568 5569 5570
f 5571 5572 5573
f 5574 5575 5576
f 5577 5578 5579
f 5580 5581 5582
f 5583 5584 5585
f 5585 5586 5583
f 5587 5588 5589
f 5590 5591 5592
f 5593 5594 5595
f 5595 5594 5596
f 5597 5598 5599
f 5600 5601 5602
f 5603 5604 5605
f 5606 5607 5608
f 5609 5610 5611
f 5612 5613 5614
f 5615 5616 5617
f 5582 5618 5580
f 5619 5620 5621
f 5622 5623 5624
f 5625 5626 5627
f 5628 5629 5630
f 5628 5630 5631
f 5632 5633 5634
f 5634 5633 5635
f 5636 5637 5638
f 5638 5637 5639
f 5640 5641 5642
f 5642 5641 5643
f 5644 5645 5646
f 5646 5645 5647
f 5648 5649 5650
f 5650 5649 5651
f 5652 5653 5654
f 5654 5653 5655
f 5656 5657 5658
f 5659 5660 5661
f 5661 5660 5662
f 5663 5664 5665
f 5658 5666 5656
f 5667 5668 5669
f 5670 5671 5672
f 5673 5674 5675
f 5676 5677 5678
f 5679 5680 5681
f 5682 5683 5684
f 5685 5686 5687
f 5688 5689 5690
f 5691 5692 5693
f 5694 5695 5696
f 5697 5698 5699
f 5700 5701 5702
f 5703 5704 5705
f 5706 5707 5708
f 5709 5710 5711
f 5709 5711 5712
f 5713 5714 5715
f 5716 5717 5718
f 5718 5717 5719
f 5720 5721 5722
f 5722 5721 5723
f 5724 5725 5726
f 5726 5725 5727
f 5728 5729 5730
f 5730 5729 5731
f 5732 5733 5734
f 5734 5733 5735
f 5736 5737 5738
f 5738 5737 5739
f 5715 5740 5713
f 5741 5742 5743
f 5743 5744 5741
f 5745 5746 5747
f 5748 5749 5750
f 5751 5752 5753
f 5753 5752 5754
f 5755 5756 5757
f 5758 5759 5760
f 5761 5762 5763
f 5764 5765 5766
f 5767 5768 5769
f 5770 5771 5772
f 5773 5774 5775
f 5776 5777 5778
f 5779 5780 5781
f 5782 5783 5784
f 5785 5786 5787
f 5788 5789 5790
f 5791 5792 5793
f 5794 5795 5796
f 5796 5795 5797
f 5798 5799 5800
f 5800 5799 5801
f 5802 5803 5804
f 5804 5803 5805
f 5806 5807 5808
f 5808 5807 5809
f 5810 5811 5812
f 5812 5811 5813
f 5814 5815 5816
f 5816 5815 5817
f 5818 5819 5820
f 5820 5819 5821
f 5822 5823 5824
f 5824 5823 5825
f 5803 5799 5805
f 5805 5799 5798
f 5826 5827 5828
f 5828 5829 5826
f 5830 5831 5832
f 5833 5834 5835
f 5836 5837 5838
f 5838 5837 5839
f 5840 5841 5842
f 5843 5844 5845
f 5846 5847 5848
f 5849 5850 5851
f 5852 5853 5854
f 5855 5856 5857
f 5858 5859 5860
f 5861 5862 5863
f 5864 5865 5866
f 5867 5868 5869
f 5870 5871 5872
f 5873 5874 5875
f 5876 5877 5878
f 5879 5880 5881
f 5879 5881 5882
f 5883 5884 5885
f 5886 5887 5888
f 5888 5887 5889
f 5890 5891 5892
f 5892 5891 5893
f 5894 5895 5896
f 5896 5895 5897
f 5898 5899 5900
f 5900 5899 5901
f 5902 5903 5904
f 5904 5903 5905
f 5906 5907 5908
f 5908 5907 5909
f 5885 5910 5883
f 5911 5912 5913
f 5914 5915 5916
f 5917 5918 5919
f 5919 5918 5920
f 5921 5922 5923
f 5924 5925 5926
f 5913 5927 5911
f 5928 5929 5930
f 5931 5932 5933
f 5934 5935 5936
f 5937 5938 5939
f 5940 5941 5942
f 5943 5944 5945
f 5946 5947 5948
f 5948 5947 5949
f 5950 5951 5952
f 5953 5954 5955
f 5956 5957 5958
f 5959 5960 5961
f 5962 5963 5964
f 5965 5966 5967
f 5968 5969 5970
f 5971 5972 5973
f 5968 5970 5974
f 5975 5976 5977
f 5977 5976 5978
f 5979 5980 5981
f 5981 5980 5982
f 5983 5984 5985
f 5985 5984 5986
f 5987 5988 5989
f 5989 5988 5990
f 5991 5992 5993
f 5993 5992 5994
f 5970 5971 5974
f 5974 5971 5973
f 5995 5996 5997
f 5997 5998 5995
f 5999 6000 6001
f 6002 6003 6004
f 6005 6006 6007
f 6007 6006 6008
f 6009 6010 6011
f 6012 6013 6014
f 6015 6016 6017
f 6018 6019 6020
f 6021 6022 6023
f 6024 6025 6026
f 6027 6028 6029
f 6030 6031 6032
f 6033 6034 6035
f 6036 6037 6038
f 6039 6040 6041
f 6042 6043 6044
f 6045 6046 6047
f 6048 6049 6050
f 6048 6050 6051
f 6052 6053 6054
f 6055 6056 6057
f 6057 6056 6058
f 6059 6060 6061
f 6061 6060 6062
f 6063 6064 6065
f 6065 6064 6066
f 6067 6068 6069
f 6069 6068 6070
f 6071 6072 6073
f 6073 6072 6074
f 6075 6076 6077
f 6077 6076 6078
f 6054 6079 6052
f 6080 6081 6082
f 6082 6083 6080
f 6084 6085 6086
f 6087 6088 6089
f 6090 6091 6092
f 6092 6091 6093
f 6094 6095 6096
f 6097 6098 6099
f 6100 6101 6102
f 6103 6104 6105
f 6106 6107 6108
f 6109 6110 6111
f 6112 6113 6114
f 6115 6116 6117
f 6118 6119 6120
f 6121 6122 6123
f 6124 6125 6126
f 6127 6128 6129
f 6130 6131 6132
f 6133 6134 6135
f 6135 6134 6136
f 6137 6138 6139
f 6139 6140 6137
f 6137 6140 6141
f 6137 6141 6142
f 6143 6144 6145
f 6145 6144 6146
f 6145 6146 6147
f 6148 6149 6150
f 6150 6149 6151
f 6152 6153 6154
f 6154 6153 6155
f 6156 6157 6158
f 6158 6157 6159
f 6160 6161 6162
f 6162 6161 6163
f 6164 6165 6166
f 6166 6165 6167
f 6145 6137 6143
f 6143 6137 6142
f 6168 6169 6170
f 6170 6171 6168
f 6172 6173 6174
f 6175 6176 6177
f 6178 6179 6180
f 6180 6179 6181
f 6182 6183 6184
f 6185 6186 6187
f 6188 6189 6190
f 6191 6192 6193
f 6194 6195 6196
f 6197 6198 6199
f 6200 6201 6202
f 6203 6204 6205
f 6206 6207 6208
f 6209 6210 6211
f 6212 6213 6214
f 6215 6216 6217
f 6218 6219 6220
f 6221 6222 6223
f 6221 6223 6224
f 6225 6226 6227
f 6228 6229 6230
f 6230 6229 6231
f 6232 6233 6234
f 6234 6233 6235
f 6236 6237 6238
f 6238 6237 6239
f 6240 6241 6242
f 6242 6241 6243
f 6244 6245 6246
f 6246 6245 6247
f 6248 6249 6250
f 6250 6249 6251
f 6227 6252 6225
f 6253 6254 6255
f 6255 6256 6253
f 6257 6258 6259
f 6260 6261 6262
f 6263 6264 6265
f 6265 6264 6266
f 6267 6268 6269
f 6270 6271 6272
f 6273 6274 6275
f 6276 6277 6278
f 6279 6280 6281
f 6282 6283 6284
f 6285 6286 6287
f 6288 6289 6290
f 6291 6292 6293
f 6294 6295 6296
f 6297 6298 6299
f 6300 6301 6302
f 6303 6304 6305
f 6306 6307 6308
f 6308 6307 6309
f 6310 6311 6312
f 6313 6314 6315
f 6316 6317 6318
f 6316 6318 6319
f 6320 6321 6322
f 6323 6324 6325
f 6326 6327 6328
f 6329 6330 6331
f 6332 6333 6334
f 6335 6336 6337
f 6338 6339 6340
f 6341 6342 6343
f 6344 6345 6346
f 6347 6348 6349
f 6350 6351 6352
f 6350 6352 6353
f 6354 6355 6356
f 6357 6358 6359
f 6360 6354 6356
f 6361 6362 6363
f 6364 6365 6366
f 6367 6368 6369
f 6370 6371 6372
f 6370 6372 6373
f 6374 6375 6376
f 6374 6376 6377
f 6378 6350 6353
f 6379 6380 6381
f 6381 6382 6379
f 6383 6384 6385
f 6383 6385 6386
f 6387 6388 6389
f 6387 6389 6390
f 6391 6392 6393
f 6394 6395 6396
f 6397 6398 6399
f 6359 6400 6357
f 6401 6402 6403
f 6404 6405 6406
f 6407 6408 6409
f 6410 6411 6412
f 6413 6414 6415
f 6416 6417 6418
f 6419 6420 6421
f 6381 6422 6382
f 6423 6424 6425
f 6426 6427 6428
f 6429 6430 6431
f 6432 6433 6434
f 6435 6436 6437
f 6438 6439 6440
f 6440 6441 6438
f 6442 6443 6444
f 6445 6446 6447
f 6448 6449 6450
f 6450 6449 6451
f 6452 6453 6454
f 6455 6456 6457
f 6458 6459 6460
f 6461 6462 6463
f 6464 6465 6466
f 6467 6468 6469
f 6470 6471 6472
f 6437 6473 6435
f 6474 6475 6476
f 6477 6478 6479
f 6480 6481 6482
f 6483 6484 6485
f 6483 6485 6486
f 6487 6488 6489
f 6490 6491 6492
f 6492 6491 6493
f 6492 6493 6494
f 6495 6496 6497
f 6497 6496 6498
f 6499 6500 6501
f 6501 6500 6502
f 6503 6504 6505
f 6505 6504 6506
f 6507 6508 6509
f 6509 6508 6510
f 6511 6512 6513
f 6513 6512 6514
f 6492 6487 6490
f 6490 6487 6489
f 6515 6516 6517
f 6518 6519 6520
f 6520 6521 6518
f 6522 6523 6524
f 6525 6526 6527
f 6528 6529 6530
f 6530 6529 6531
f 6532 6533 6534
f 6535 6536 6537
f 6538 6539 6540
f 6541 6542 6543
f 6544 6545 6546
f 6547 6548 6549
f 6550 6551 6552
f 6517 6553 6515
f 6554 6555 6556
f 6557 6558 6559
f 6560 6561 6562
f 6563 6564 6565
f 6563 6565 6566
f 6567 6568 6569
f 6570 6571 6572
f 6573 6574 6575
f 6576 6577 6578
f 6579 6580 6581
f 6582 6583 6584
f 6585 6586 6587
f 6588 6589 6590
f 6591 6592 6593
f 6594 6595 6596
f 6597 6598 6599
f 6600 6601 6602
f 6600 6602 6603
f 6604 6605 6606
f 6607 6608 6609
f 6610 6604 6606
f 6611 6612 6613
f 6614 6615 6616
f 6617 6618 6619
f 6620 6621 6622
f 6620 6622 6623
f 6624 6625 6626
f 6624 6626 6627
f 6628 6600 6603
f 6629 6630 6631
f 6631 6632 6629
f 6633 6634 6635
f 6633 6635 6636
f 6637 6638 6639
f 6637 6639 6640
f 6641 6642 6643
f 6644 6645 6646
f 6647 6648 6649
f 6609 6650 6607
f 6651 6652 6653
f 6653 6652 6654
f 6655 6656 6657
f 6657 6656 6658
f 6659 6660 6661
f 6662 6663 6664
f 6665 6666 6667
f 6667 6666 6668
f 6669 6670 6671
f 6671 6670 6672
f 6673 6632 6674
f 6674 6632 6631
f 6675 6676 6677
f 6673 6674 6678
f 6679 6680 6681
f 6681 6680 6682
f 6683 6684 6685
f 6685 6684 6686
f 6687 6688 6689
f 6690 6691 6692
f 6693 6694 6695
f 6696 6697 6698
f 6699 6700 6701
f 6699 6701 6702
f 6703 6704 6705
f 6703 6705 6706
f 6707 6673 6678
f 6708 6709 6710
f 6710 6711 6708
f 6712 6713 6714
f 6712 6714 6715
f 6716 6717 6718
f 6719 6720 6721
f 6722 6723 6724
f 6725 6726 6727
f 6728 6729 6730
f 6731 6732 6733
f 6734 6735 6736
f 6737 6738 6739
f 6740 6741 6742
f 6743 6744 6745
f 6746 6747 6748
f 6749 6750 6751
f 6710 6752 6711
f 6753 6754 6755
f 6756 6757 6758
f 6759 6760 6761
f 6762 6763 6764
f 6765 6766 6767
f 6768 6769 6770
f 6770 6771 6768
f 6772 6773 6774
f 6775 6776 6777
f 6778 6779 6780
f 6780 6779 6781
f 6782 6783 6784
f 6785 6786 6787
f 6788 6789 6790
f 6791 6792 6793
f 6794 6795 6796
f 6797 6798 6799
f 6800 6801 6802
f 6767 6803 6765
f 6804 6805 6806
f 6807 6808 6809
f 6810 6811 6812
f 6813 6814 6815
f 6813 6815 6816
f 6817 6818 6819
f 6819 6818 6820
f 6821 6822 6823
f 6823 6822 6824
f 6825 6826 6827
f 6827 6826 6828
f 6829 6830 6831
f 6831 6830 6832
f 6833 6834 6835
f 6835 6834 6836
f 6837 6838 6839
f 6839 6838 6840
f 6841 6842 6843
f 6844 6845 6846
f 6847 6848 6849
f 6850 6851 6852
f 6853 6854 6855
f 6856 6857 6858
f 6859 6860 6861
f 6862 6863 6864
f 6865 6866 6867
f 6868 6869 6870
f 6871 6872 6873
f 6874 6875 6876
f 6877 6878 6879
f 6879 6878 6880
f 6881 6882 6883
f 6883 6882 6884
f 6885 6886 6887
f 6888 6889 6890
f 6891 6892 6893
f 6894 6895 6896
f 6897 6898 6899
f 6900 6901 6902
f 6903 6904 6905
f 6905 6904 6906
f 6907 6908 6909
f 6909 6908 6910
f 6911 6912 6913
f 6914 6915 6916
f 6917 6918 6919
f 6919 6918 6920
f 6921 6922 6923
f 6923 6922 6924
f 6925 6926 6927
f 6927 6926 6928
f 6929 6930 6931
f 6931 6930 6932
f 6933 6934 6935
f 6935 6934 6936
f 6937 6938 6939
f 6939 6938 6940
f 6941 6942 6943
f 6943 6942 6944
f 6945 6946 6947
f 6947 6946 6948
f 6949 6950 6951
f 6952 6953 6954
f 6955 6956 6957
f 6957 6956 6958
f 6959 6960 6961
f 6962 6963 6964
f 6965 6966 6967
f 6968 6969 6970
f 6971 6972 6973
f 6974 6975 6976
f 6977 6978 6979
f 6980 6981 6982
f 6983 6984 6985
f 6961 6986 6959
f 6987 6988 6989
f 6989 6988 6990
f 6991 6992 6993
f 6993 6992 6994
f 6993 6994 6995
f 6996 6997 6993
f 6993 6997 6991
f 6991 6997 6998
f 6991 6998 6999
f 7000 7001 7002
f 7002 7001 7003
f 7002 7003 6993
f 6993 7003 7004
f 6993 7004 6996
f 7005 7006 7007
f 6998 7008 6999
f 6999 7008 7005
f 6999 7005 7009
f 7009 7005 7007
f 7010 7011 7012
f 7012 7011 7013
f 7014 7015 7016
f 7017 7018 7019
f 7020 7021 7022
f 7023 7024 7025
f 7026 7027 7028
f 7029 7030 7031
f 7032 7033 7034
f 7035 7036 7037
f 7038 7039 7040
f 7041 7042 7043
f 7044 7045 7046
f 7046 7045 7047
f 7048 7049 7050
f 7050 7049 7051
f 7050 7051 7052
f 7052 7051 7053
f 7052 7053 7044
f 7044 7053 7054
f 7044 7054 7045
f 7055 7056 7057
f 7057 7056 7058
f 7057 7058 7059
f 7059 7058 7060
f 7059 7060 7048
f 7048 7060 7061
f 7048 7061 7049
f 7062 7063 7064
f 7065 7066 7067
f 7067 7066 7068
f 7067 7068 7047
f 7047 7068 7069
f 7047 7069 7046
f 7070 7071 7072
f 7073 7070 7055
f 7055 7070 7072
f 7055 7072 7056
f 7074 7075 7076
f 7076 7075 7077
f 7076 7077 7078
f 7055 7065 7073
f 7073 7065 7067
f 7073 7067 7079
f 7079 7067 7078
f 7079 7078 7080
f 7080 7078 7077
f 7076 7081 7074
f 7074 7081 7082
f 7074 7082 7064
f 7064 7082 7083
f 7064 7083 7062
f 7084 7085 7086
f 7087 7088 7089
f 7089 7088 7090
f 7089 7090 7091
f 7091 7090 7092
f 7093 7094 7092
f 7092 7094 7095
f 7092 7095 7091
f 7063 7096 7064
f 7064 7096 7097
f 7064 7097 7098
f 7098 7097 7099
f 7098 7099 7100
f 7045 7101 7047
f 7047 7101 7102
f 7047 7102 7093
f 7093 7102 7103
f 7093 7103 7094
f 7085 7104 7086
f 7086 7104 7105
f 7086 7105 7087
f 7087 7105 7106
f 7087 7106 7088
f 7107 7108 7109
f 7110 7111 7098
f 7098 7111 7112
f 7098 7112 7113
f 7114 7115 7116
f 7116 7115 7117
f 7116 7117 7118
f 7118 7117 7119
f 7118 7119 7113
f 7113 7119 7120
f 7113 7120 7098
f 7121 7122 7123
f 7123 7122 7124
f 7123 7124 7125
f 7125 7124 7126
f 7125 7126 7109
f 7109 7126 7127
f 7109 7127 7107
f 7128 7064 7129
f 7129 7064 7098
f 7129 7098 7130
f 7130 7098 7120
f 7131 7132 7133
f 7128 7134 7064
f 7064 7134 7135
f 7064 7135 7136
f 7136 7135 7137
f 7131 7133 7138
f 7138 7133 7139
f 7138 7139 7137
f 7137 7139 7140
f 7137 7140 7136
f 7131 7141 7132
f 7132 7141 7114
f 7132 7114 7108
f 7108 7114 7116
f 7108 7116 7109
f 7142 7098 7086
f 7086 7098 7100
f 7086 7100 7084
f 7143 7144 7145
f 7145 7144 7146
f 7145 7146 7147
f 7147 7146 7148
f 7148 7146 7149
f 7148 7149 7150
f 7150 7149 7151
f 7150 7151 7086
f 7086 7151 7152
f 7086 7152 7142
f 7142 7153 7098
f 7098 7153 7154
f 7098 7154 7155
f 7156 7157 7158
f 7158 7157 7159
f 7158 7159 7160
f 7155 7160 7098
f 7098 7160 7159
f 7098 7159 7110
f 7110 7159 7161
f 7110 7161 7162
f 7162 7161 7163
f 7162 7163 7164
f 7164 7163 7165
f 7164 7165 7121
f 7121 7165 7166
f 7121 7166 7122
f 7158 7167 7156
f 7156 7167 7168
f 7156 7168 7143
f 7143 7168 7169
f 7143 7169 7144
f 7170 7171 7172
f 7173 7174 7175
f 7176 7177 7178
f 7179 7180 7181
f 7182 7183 7184
f 7185 7186 7187
f 7188 7189 7190
f 7191 7192 7193
f 7194 7195 7196
f 7197 7198 7199
f 7171 7200 7172
f 7201 7202 7203
f 7204 7205 7197
f 7197 7199 7204
f 7204 7199 7206
f 7204 7206 7207
f 7208 7209 7210
f 7211 7212 7213
f 7214 7215 7216
f 7217 7218 7219
f 7220 7221 7222
f 7223 7224 7225
f 7226 7227 7228
f 7229 7230 7231
f 7232 7201 7203
f 7233 7234 7235
f 7235 7234 7236
f 7237 7238 7239
f 7240 7241 7242
f 7243 7244 7245
f 7246 7247 7248
f 7249 7250 7251
f 7252 7253 7254
f 7255 7256 7257
f 7258 7259 7260
f 7261 7262 7263
f 7264 7265 7266
f 7267 7268 7269
f 7270 7271 7272
f 7273 7274 7272
f 7275 7276 7277
f 7272 7264 7270
f 7270 7264 7266
f 7278 7279 7280
f 7281 7282 7283
f 7284 7285 7286
f 7287 7288 7289
f 7290 7291 7292
f 7293 7294 7295
f 7296 7297 7298
f 7299 7300 7301
f 7302 7267 7269
f 7303 7304 7305
f 7305 7304 7306
f 7307 7308 7309
f 7310 7311 7312
f 7313 7314 7315
f 7316 7317 7318
f 7319 7320 7321
f 7322 7323 7324
f 7325 7326 7327
f 7328 7329 7330
f 7331 7332 7333
f 7334 7335 7336
f 7336 7335 7337
f 7338 7339 7340
f 7341 7342 7343
f 7344 7345 7346
f 7347 7348 7349
f 7350 7351 7352
f 7353 7354 7355
f 7356 7357 7358
f 7359 7360 7361
f 7362 7363 7364
f 7365 7366 7367
f 7368 7369 7370
f 7370 7371 7372
f 7339 7373 7340
f 7370 7372 7368
f 7368 7372 7374
f 7368 7374 7375
f 7376 7377 7378
f 7379 7380 7381
f 7382 7383 7384
f 7385 7386 7387
f 7388 7389 7390
f 7391 7392 7393
f 7394 7395 7396
f 7397 7398 7399
f 7400 7365 7367
f 7401 7402 7403
f 7403 7402 7404
f 7405 7406 7407
f 7408 7409 7410
f 7411 7412 7413
f 7414 7415 7416
f 7417 7418 7419
f 7420 7421 7422
f 7423 7424 7425
f 7426 7427 7428
f 7429 7430 7431
f 7432 7433 7434
f 7332 7435 7333
f 7436 7437 7438
f 7439 7440 7438
f 7441 7442 7443
f 7438 7432 7436
f 7436 7432 7434
f 7444 7445 7446
f 7447 7448 7449
f 7450 7451 7452
f 7453 7454 7455
f 7456 7457 7458
f 7459 7460 7461
f 7462 7463 7464
f 7465 7466 7467
f 7468 7469 7470
f 7470 7469 7471
f 7472 7473 7474
f 7474 7473 7475
f 7476 7477 7478
f 7478 7479 7476
f 7476 7479 7480
f 7476 7480 7471
f 7471 7480 7481
f 7471 7481 7470
f 7470 7481 7482
f 7470 7482 7473
f 7473 7482 7483
f 7473 7483 7475
f 7484 7485 7486
f 7487 7488 7489
f 7490 7491 7492
f 7493 7494 7495
f 7496 7497 7498
f 7499 7500 7501
f 7502 7503 7504
f 7505 7506 7507
f 7508 7509 7510
f 7510 7509 7511
f 7512 7513 7514
f 7515 7516 7517
f 7518 7519 7520
f 7521 7522 7523
f 7524 7525 7526
f 7527 7528 7529
f 7530 7531 7532
f 7533 7534 7535
f 7536 7537 7538
f 7538 7537 7539
f 7540 7541 7538
f 7538 7541 7542
f 7538 7542 7543
f 7544 7545 7539
f 7539 7545 7546
f 7539 7546 7538
f 7538 7546 7547
f 7538 7547 7540
f 7548 7549 7550
f 7551 7552 7553
f 7554 7555 7556
f 7557 7558 7559
f 7560 7561 7562
f 7563 7564 7565
f 7566 7567 7568
f 7569 7570 7571
f 7572 7573 7574
f 7574 7573 7575
f 7576 7577 7578
f 7579 7580 7581
f 7582 7583 7584
f 7585 7586 7587
f 7588 7589 7590
f 7591 7592 7593
f 7594 7595 7596
f 7597 7598 7599
f 7600 7601 7602
f 7602 7601 7603
f 7604 7605 7606
f 7604 7606 7607
f 7608 7609 7610
f 7610 7611 7608
f 7608 7611 7612
f 7608 7612 7606
f 7606 7612 7613
f 7606 7613 7607
f 7607 7613 7614
f 7607 7614 7601
f 7601 7614 7615
f 7601 7615 7603
f 7616 7617 7618
f 7619 7620 7621
f 7622 7623 7624
f 7625 7626 7627
f 7628 7629 7630
f 7631 7632 7633
f 7634 7635 7636
f 7637 7638 7639
f 7640 7641 7642
f 7642 7641 7643
f 7644 7645 7646
f 7647 7648 7649
f 7650 7651 7652
f 7653 7654 7655
f 7656 7657 7658
f 7659 7660 7661
f 7662 7663 7664
f 7665 7666 7667
f 7668 7669 7670
f 7670 7669 7671
f 7670 7671 7672
f 7673 7674 7670
f 7670 7674 7675
f 7676 7677 7675
f 7675 7677 7678
f 7675 7678 7670
f 7670 7678 7679
f 7670 7679 7668
f 7680 7681 7682
f 7683 7684 7685
f 7686 7687 7688
f 7689 7690 7691
f 7692 7693 7694
f 7695 7696 7697
f 7698 7699 7700
f 7701 7702 7703
f 7704 7705 7706
f 7706 7705 7707
f 7708 7709 7710
f 7710 7709 7711
f 7712 7713 7714
f 7714 7713 7715
f 7714 7715 7716
f 7716 7715 7717
f 7716 7717 7708
f 7708 7717 7718
f 7708 7718 7709
f 7719 7720 7721
f 7721 7720 7722
f 7721 7722 7711
f 7711 7722 7723
f 7711 7723 7710
f 7724 7725 7726
f 7726 7725 7727
f 7726 7727 7728
f 7728 7727 7729
f 7728 7729 7712
f 7712 7729 7730
f 7712 7730 7713
f 7731 7732 7733
f 7734 7735 7736
f 7737 7734 7724
f 7724 7734 7736
f 7724 7736 7725
f 7738 7739 7740
f 7740 7739 7741
f 7740 7741 7742
f 7724 7719 7737
f 7737 7719 7721
f 7737 7721 7743
f 7743 7721 7742
f 7743 7742 7744
f 7744 7742 7741
f 7740 7745 7738
f 7738 7745 7746
f 7738 7746 7733
f 7733 7746 7747
f 7733 7747 7731
f 7748 7749 7750
f 7751 7752 7753
f 7732 7754 7733
f 7733 7754 7755
f 7733 7755 7756
f 7756 7755 7757
f 7756 7757 7758
f 7749 7759 7750
f 7750 7759 7760
f 7750 7760 7761
f 7709 7762 7711
f 7711 7762 7763
f 7711 7763 7752
f 7752 7763 7764
f 7752 7764 7753
f 7753 7765 7751
f 7751 7765 7766
f 7751 7766 7767
f 7767 7766 7768
f 7767 7768 7769
f 7769 7768 7761
f 7769 7761 7770
f 7770 7761 7760
f 7771 7772 7773
f 7774 7775 7776
f 7777 7778 7756
f 7756 7778 7779
f 7756 7779 7780
f 7771 7781 7772
f 7772 7781 7782
f 7772 7782 7783
f 7783 7782 7784
f 7783 7784 7780
f 7780 7784 7785
f 7780 7785 7756
f 7776 7786 7787
f 7788 7789 7790
f 7790 7789 7791
f 7790 7791 7792
f 7792 7791 7793
f 7792 7793 7773
f 7773 7793 7794
f 7773 7794 7795
f 7796 7733 7797
f 7797 7733 7756
f 7797 7756 7798
f 7798 7756 7785
f 7795 7774 7773
f 7773 7774 7776
f 7773 7776 7771
f 7771 7776 7787
f 7796 7799 7733
f 7733 7799 7800
f 7733 7800 7801
f 7801 7800 7802
f 7786 7776 7803
f 7803 7776 7804
f 7803 7804 7802
f 7802 7804 7805
f 7802 7805 7801
f 7806 7807 7808
f 7809 7756 7750
f 7750 7756 7758
f 7750 7758 7748
f 7808 7807 7810
f 7809 7811 7756
f 7756 7811 7812
f 7756 7812 7813
f 7814 7815 7816
f 7816 7815 7817
f 7815 7818 7817
f 7817 7818 7819
f 7817 7819 7820
f 7820 7819 7821
f 7820 7821 7822
f 7822 7821 7823
f 7822 7823 7824
f 7824 7823 7825
f 7824 7825 7750
f 7750 7825 7826
f 7750 7826 7809
f 7806 7808 7814
f 7814 7808 7827
f 7814 7827 7815
f 7813 7810 7756
f 7756 7810 7807
f 7756 7807 7777
f 7777 7807 7828
f 7777 7828 7829
f 7829 7828 7830
f 7829 7830 7831
f 7831 7830 7832
f 7831 7832 7788
f 7788 7832 7833
f 7788 7833 7789
f 7834 7835 7836
f 7836 7837 7834
f 7834 7837 7838
f 7834 7838 7839
f 7839 7838 7840
f 7839 7840 7841
f 7841 7840 7842
f 7841 7842 7843
f 7844 7845 7835
f 7835 7845 7846
f 7835 7846 7836
f 7847 7848 7849
f 7844 7850 7845
f 7845 7850 7851
f 7845 7851 7852
f 7848 7853 7849
f 7849 7853 7854
f 7849 7854 7855
f 7849 7856 7847
f 7847 7856 7857
f 7847 7857 7850
f 7850 7857 7858
f 7850 7858 7851
f 7842 7859 7843
f 7843 7859 7860
f 7843 7860 7861
f 7861 7860 7862
f 7861 7862 7863
f 7863 7862 7864
f 7863 7864 7853
f 7853 7864 7865
f 7853 7865 7854
f 7866 7867 7868
f 7869 7870 7871
f 7872 7873 7874
f 7875 7876 7877
f 7871 7878 7869
f 7869 7878 7879
f 7869 7879 7880
f 7880 7879 7881
f 7880 7881 7882
f 7882 7881 7883
f 7882 7883 7884
f 7884 7883 7885
f 7884 7885 7867
f 7867 7885 7886
f 7867 7886 7868
f 7870 7887 7871
f 7871 7887 7888
f 7871 7888 7889
f 7868 7890 7866
f 7866 7890 7891
f 7866 7891 7892
f 7892 7891 7893
f 7892 7893 7873
f 7873 7893 7894
f 7873 7894 7874
f 7874 7875 7872
f 7872 7875 7877
f 7872 7877 7895
f 7895 7877 7896
f 7895 7896 7887
f 7887 7896 7897
f 7887 7897 7888
f 7898 7899 7900
f 7901 7902 7903
f 7904 7905 7906
f 7907 7908 7909
f 7903 7904 7901
f 7901 7904 7906
f 7901 7906 7910
f 7910 7906 7911
f 7910 7911 7899
f 7899 7911 7912
f 7899 7912 7900
f 7913 7914 7915
f 7915 7914 7916
f 7915 7916 7917
f 7917 7916 7918
f 7917 7918 7919
f 7919 7918 7920
f 7919 7920 7902
f 7902 7920 7921
f 7902 7921 7903
f 7900 7907 7898
f 7898 7907 7909
f 7898 7909 7922
f 7922 7909 7923
f 7922 7923 7924
f 7924 7923 7925
f 7924 7925 7926
f 7926 7925 7927
f 7926 7927 7913
f 7913 7927 7928
f 7913 7928 7914
f 7929 7930 7931
f 7931 7930 7932
f 7933 7934 7935
f 7935 7934 7936
f 7935 7936 7937
f 7931 7938 7939
f 7939 7938 7940
f 7939 7940 7941
f 7941 7940 7942
f 7943 7944 7945
f 7946 7947 7948
f 7948 7947 7949
f 7948 7949 7942
f 7942 7949 7950
f 7942 7950 7941
f 7951 7933 7932
f 7932 7933 7935
f 7932 7935 7931
f 7931 7935 7952
f 7931 7952 7938
f 7936 7943 7937
f 7937 7943 7945
f 7937 7945 7953
f 7953 7945 7954
f 7953 7954 7955
f 7955 7954 7956
f 7955 7956 7957
f 7957 7956 7958
f 7957 7958 7959
f 7959 7958 7960
f 7959 7960 7946
f 7946 7960 7961
f 7946 7961 7947
f 7962 7963 7964
f 7963 7965 7964
f 7964 7965 7966
f 7964 7966 7967
f 7968 7969 7970
f 7970 7969 7971
f 7970 7971 7972
f 7972 7971 7973
f 7972 7973 7974
f 7974 7973 7975
f 7974 7975 7965
f 7965 7975 7976
f 7965 7976 7966
f 7977 7978 7979
f 7979 7978 7980
f 7979 7980 7981
f 7981 7980 7982
f 7981 7982 7968
f 7968 7982 7983
f 7968 7983 7969
f 7984 7985 7977
f 7977 7985 7986
f 7977 7986 7978
f 7984 7987 7985
f 7985 7987 7988
f 7985 7988 7989
f 7964 7990 7962
f 7962 7990 7991
f 7962 7991 7987
f 7987 7991 7992
f 7987 7992 7988
f 7993 7994 7995
f 7996 7997 7998
f 7999 8000 8001
f 8002 8003 8004
f 8005 8006 8007
f 8007 8006 8008
f 8007 8008 8009
f 8009 8008 8010
f 8009 8010 7997
f 7997 8010 8011
f 7997 8011 7998
f 7998 8002 7996
f 7996 8002 8004
f 7996 8004 8012
f 8012 8004 8013
f 8012 8013 7994
f 7994 8013 8014
f 7994 8014 7995
f 7995 7999 7993
f 7993 7999 8001
f 7993 8001 8015
f 8015 8001 8016
f 8015 8016 8017
f 8017 8016 8018
f 8017 8018 8019
f 8019 8018 8020
f 8019 8020 8021
f 8021 8020 8022
f 8021 8022 8005
f 8005 8022 8023
f 8005 8023 8006
f 8024 8025 8026
f 8027 8028 8029
f 8030 8031 8032
f 8028 8033 8029
f 8029 8033 8034
f 8029 8034 8035
f 8026 8030 8024
f 8024 8030 8032
f 8024 8032 8036
f 8036 8032 8037
f 8036 8037 8038
f 8029 8039 8027
f 8027 8039 8040
f 8027 8040 8025
f 8025 8040 8041
f 8025 8041 8026
f 8042 8043 8044
f 8044 8043 8045
f 8044 8045 8046
f 8046 8045 8047
f 8046 8047 8033
f 8033 8047 8048
f 8033 8048 8034
f 8037 8049 8038
f 8038 8049 8050
f 8038 8050 8051
f 8051 8050 8052
f 8051 8052 8053
f 8053 8052 8054
f 8053 8054 8042
f 8042 8054 8055
f 8042 8055 8043
f 8056 8057 8058
f 8058 8057 8059
f 8059 8057 8060
f 8060 8057 8061
f 8060 8061 8062
f 8062 8061 8063
f 8062 8063 8064
f 8064 8063 8065
f 8064 8065 8066
f 8066 8065 8067
f 8066 8067 8068
f 8068 8067 8069
f 8069 8067 8070
f 8069 8070 8071
f 8071 8072 8073
f 8074 8069 8075
f 8075 8069 8071
f 8075 8071 8076
f 8076 8071 8073
f 8077 8078 8072
f 8072 8078 8079
f 8072 8079 8073
f 8077 8080 8078
f 8078 8080 8081
f 8078 8081 8082
f 8058 8083 8056
f 8056 8083 8084
f 8056 8084 8085
f 8085 8084 8086
f 8085 8086 8080
f 8080 8086 8087
f 8080 8087 8081
f 8088 8089 8090
f 8090 8089 8091
f 8090 8091 8092
f 8093 8094 8095
f 8095 8094 8096
f 8095 8096 8097
f 8097 8096 8098
f 8097 8098 8099
f 8099 8098 8100
f 8099 8100 8088
f 8088 8100 8101
f 8088 8101 8089
f 8091 8102 8092
f 8092 8102 8103
f 8092 8103 8104
f 8104 8103 8105
f 8104 8105 8106
f 8106 8105 8107
f 8106 8107 8108
f 8108 8107 8109
f 8108 8109 8110
f 8109 8111 8110
f 8110 8111 8112
f 8110 8112 8113
f 8113 8112 8114
f 8113 8114 8093
f 8093 8114 8115
f 8093 8115 8094
f 8116 8117 8118
f 8118 8117 8119
f 8118 8119 8120
f 8121 8122 8123
f 8123 8122 8124
f 8123 8124 8125
f 8125 8124 8126
f 8125 8126 8127
f 8127 8126 8128
f 8127 8128 8116
f 8116 8128 8129
f 8116 8129 8117
f 8119 8130 8120
f 8120 8130 8131
f 8120 8131 8132
f 8132 8131 8133
f 8132 8133 8134
f 8134 8133 8135
f 8134 8135 8136
f 8136 8135 8137
f 8136 8137 8138
f 8137 8139 8138
f 8138 8139 8140
f 8138 8140 8141
f 8141 8140 8142
f 8141 8142 8121
f 8121 8142 8143
f 8121 8143 8122
f 8144 8145 8146
f 8146 8145 8147
f 8146 8147 8148
f 8148 8147 8149
f 8148 8149 8150
f 8150 8149 8151
f 8150 8151 8152
f 8151 8153 8152
f 8152 8153 8154
f 8152 8154 8155
f 8155 8154 8156
f 8155 8156 8157
f 8156 8158 8157
f 8157 8158 8159
f 8157 8159 8160
f 8160 8159 8161
f 8160 8161 8162
f 8162 8161 8163
f 8162 8163 8164
f 8164 8163 8165
f 8164 8165 8166
f 8165 8167 8166
f 8166 8167 8168
f 8166 8168 8169
f 8169 8168 8170
f 8169 8170 8144
f 8144 8170 8171
f 8144 8171 8145
f 8172 8173 8174
f 8174 8173 8175
f 8174 8175 8176
f 8176 8175 8177
f 8176 8177 8178
f 8178 8177 8179
f 8178 8179 8180
f 8181 8182 8183
f 8183 8182 8184
f 8183 8184 8172
f 8172 8184 8185
f 8172 8185 8173
f 8179 8186 8180
f 8180 8186 8187
f 8180 8187 8188
f 8188 8187 8189
f 8188 8189 8190
f 8189 8191 8190
f 8190 8191 8192
f 8190 8192 8193
f 8193 8192 8194
f 8193 8194 8195
f 8195 8194 8196
f 8195 8196 8197
f 8197 8196 8198
f 8197 8198 8181
f 8181 8198 8199
f 8181 8199 8182
f 8200 8201 8202
f 8202 8201 8203
f 8204 8205 8206
f 8207 8208 8209
f 8210 8211 8212
f 8213 8214 8215
f 8216 8217 8218
f 8218 8217 8219
f 8220 8221 8222
f 8222 8221 8223
f 8224 8225 8226
f 8226 8225 8227
f 8228 8229 8230
f 8230 8229 8231
f 8232 8233 8234
f 8235 8236 8237
f 8238 8239 8240
f 8240 8239 8241
f 8242 8243 8244
f 8244 8243 8245
f 8246 8247 8248
f 8249 8250 8251
f 8252 8253 8254
f 8255 8256 8257
f 8258 8259 8260
f 8260 8259 8261
f 8262 8263 8264
f 8264 8263 8265
f 8266 8267 8268
f 8269 8270 8271
f 8272 8273 8274
f 8274 8273 8275
f 8276 8277 8278
f 8278 8277 8279
f 8280 8281 8282
f 8282 8281 8283
f 8284 8285 8286
f 8286 8285 8287
f 8288 8289 8290
f 8290 8289 8291
f 8292 8293 8294
f 8294 8293 8295
f 8294 8295 8296
f 8291 8297 8290
f 8290 8297 8298
f 8290 8298 8295
f 8295 8298 8299
f 8295 8299 8296
f 8300 8301 8302
f 8303 8304 8305
f 8306 8307 8308
f 8309 8310 8311
f 8312 8313 8314
f 8315 8316 8317
f 8318 8319 8320
f 8321 8322 8323
f 8324 8325 8326
f 8324 8326 8327
f 8328 8329 8330
f 8330 8331 8332
f 8332 8333 8330
f 8330 8333 8334
f 8330 8334 8328
f 8335 8336 8337
f 8337 8336 8338
f 8339 8340 8341
f 8342 8339 8343
f 8343 8339 8341
f 8343 8341 8344
f 8344 8341 8345
f 8346 8347 8348
f 8349 8350 8351
f 8352 8353 8354
f 8355 8356 8357
f 8358 8359 8360
f 8361 8362 8363
f 8363 8362 8364
f 8365 8366 8367
f 8367 8366 8368
f 8369 8370 8371
f 8371 8370 8372
f 8373 8374 8375
f 8375 8374 8376
f 8377 8378 8379
f 8380 8381 8382
f 8383 8384 8385
f 8385 8384 8386
f 8387 8388 8389
f 8389 8388 8390
f 8391 8392 8393
f 8394 8395 8396
f 8397 8398 8399
f 8400 8401 8402
f 8403 8404 8405
f 8405 8404 8406
f 8407 8408 8409
f 8409 8408 8410
f 8411 8412 8413
f 8414 8415 8416
f 8417 8418 8419
f 8419 8418 8420
f 8421 8422 8423
f 8423 8422 8424
f 8425 8426 8427
f 8427 8426 8428
f 8429 8430 8431
f 8432 8433 8434
f 8435 8436 8437
f 8435 8437 8438
f 8439 8440 8441
f 8442 8443 8444
f 8445 8446 8447
f 8445 8447 8448
f 8449 8450 8451
f 8452 8453 8454
f 8455 8456 8457
f 8458 8459 8460
f 8461 8462 8463
f 8463 8462 8464
f 8465 8466 8467
f 8467 8466 8468
f 8469 8470 8471
f 8471 8470 8472
f 8473 8474 8475
f 8475 8474 8476
f 8477 8478 8479
f 8479 8478 8480
f 8481 8482 8483
f 8483 8482 8484
f 8485 8486 8487
f 8487 8486 8488
f 8489 8490 8491
f 8491 8490 8492
f 8493 8494 8495
f 8495 8494 8496
f 8497 8498 8499
f 8499 8498 8500
f 8501 8502 8503
f 8503 8502 8504
f 8505 8506 8507
f 8507 8506 8508
f 8509 8510 8511
f 8511 8510 8512
f 8513 8514 8515
f 8515 8514 8516
f 8517 8518 8519
f 8519 8518 8520
f 8521 8522 8523
f 8523 8522 8524
f 8525 8526 8527
f 8527 8526 8528
f 8529 8530 8531
f 8532 8533 8534
f 8535 8536 8537
f 8538 8539 8540
f 8541 8542 8543
f 8543 8542 8544
f 8545 8546 8547
f 8547 8546 8548
f 8549 8550 8551
f 8551 8550 8552
f 8553 8554 8555
f 8555 8554 8556
f 8557 8558 8559
f 8560 8561 8562
f 8563 8564 8565
f 8565 8564 8566
f 8567 8568 8569
f 8569 8568 8570
f 8571 8572 8573
f 8574 8575 8576
f 8577 8578 8579
f 8580 8581 8582
f 8583 8584 8585
f 8585 8584 8586
f 8587 8588 8589
f 8589 8588 8590
f 8591 8592 8593
f 8594 8595 8596
f 8597 8598 8599
f 8599 8598 8600
f 8601 8602 8603
f 8603 8602 8604
f 8605 8606 8607
f 8607 8606 8608
f 8609 8610 8611
f 8611 8610 8612
f 8613 8614 8615
f 8615 8614 8616
f 8617 8618 8619
f 8619 8618 8620
f 8619 8620 8621
f 8616 8622 8615
f 8615 8622 8623
f 8615 8623 8620
f 8620 8623 8624
f 8620 8624 8621
f 8625 8626 8627
f 8628 8629 8630
f 8631 8632 8633
f 8634 8635 8636
f 8637 8638 8639
f 8640 8641 8642
f 8643 8644 8645
f 8646 8647 8648
f 8649 8650 8651
f 8649 8651 8652
f 8653 8654 8655
f 8655 8656 8657
f 8657 8658 8655
f 8655 8658 8659
f 8655 8659 8653
f 8660 8661 8662
f 8662 8661 8663
f 8664 8665 8666
f 8667 8664 8668
f 8668 8664 8666
f 8668 8666 8669
f 8669 8666 8670
f 8671 8672 8673
f 8674 8675 8676
f 8677 8678 8679
f 8680 8681 8682
f 8683 8684 8685
f 8685 8684 8686
f 8687 8688 8689
f 8689 8688 8690
f 8691 8692 8693
f 8693 8692 8694
f 8695 8696 8697
f 8697 8696 8698
f 8699 8700 8701
f 8702 8703 8704
f 8705 8706 8707
f 8707 8706 8708
f 8709 8710 8711
f 8711 8710 8712
f 8713 8714 8715
f 8716 8717 8718
f 8719 8720 8721
f 8722 8723 8724
f 8725 8726 8727
f 8727 8726 8728
f 8729 8730 8731
f 8731 8730 8732
f 8733 8734 8735
f 8736 8737 8738
f 8739 8740 8741
f 8741 8740 8742
f 8743 8744 8745
f 8745 8744 8746
f 8747 8748 8749
f 8749 8748 8750
f 8751 8752 8753
f 8753 8752 8754
f 8755 8756 8757
f 8755 8757 8758
f 8759 8760 8761
f 8762 8763 8764
f 8765 8766 8767
f 8765 8767 8768
f 8769 8770 8771
f 8772 8773 8774
f 8775 8776 8777
f 8778 8779 8780
f 8781 8782 8783
f 8781 8783 8784
f 8785 8786 8787
f 8785 8787 8788
f 8789 8790 8791
f 8789 8791 8792
f 8793 8794 8795
f 8793 8795 8796
f 8797 8798 8799
f 8797 8799 8800
f 8801 8802 8803
f 8801 8803 8804
f 8805 8806 8807
f 8805 8807 8808
f 8809 8810 8811
f 8809 8811 8812
f 8813 8814 8815
f 8813 8815 8816
f 8817 8818 8819
f 8817 8819 8820
f 8821 8822 8823
f 8821 8823 8824
f 8825 8826 8827
f 8825 8827 8828
f 8829 8830 8831
f 8829 8831 8832
f 8833 8834 8835
f 8833 8835 8836
f 8837 8838 8839
f 8839 8838 8840
f 8841 8842 8843
f 8843 8842 8844
f 8845 8846 8847
f 8847 8846 8848
f 8849 8850 8851
f 8851 8850 8852
f 8853 8854 8855
f 8856 8857 8858
f 8859 8860 8861
f 8862 8863 8864
f 8865 8866 8867
f 8867 8866 8868
f 8869 8870 8871
f 8871 8870 8872
f 8873 8874 8875
f 8875 8874 8876
f 8877 8878 8879
f 8879 8878 8880
f 8881 8882 8883
f 8883 8882 8884
f 8885 8886 8887
f 8887 8886 8888
f 8889 8890 8891
f 8891 8890 8892
f 8893 8894 8895
f 8896 8897 8898
f 8899 8900 8901
f 8902 8903 8904
f 8905 8906 8907
f 8907 8906 8908
f 8909 8910 8911
f 8911 8910 8912
f 8913 8914 8915
f 8915 8914 8916
f 8917 8918 8919
f 8917 8919 8920
f 8921 8922 8923
f 8921 8923 8924
f 8925 8926 8927
f 8925 8927 8928
f 8929 8930 8931
f 8929 8931 8932
f 8933 8934 8935
f 8935 8934 8936
f 8935 8936 8937
f 8938 8939 8940
f 8940 8941 8938
f 8942 8943 8944
f 8942 8944 8945
f 8946 8947 8948
f 8946 8948 8949
f 8950 8951 8952
f 8950 8952 8953
f 8954 8955 8956
f 8956 8955 8957
f 8958 8959 8960
f 8961 8962 8963
f 8964 8965 8966
f 8966 8965 8967
f 8968 8969 8970
f 8970 8969 8971
f 8972 8973 8974
f 8975 8976 8977
f 8974 8978 8972
f 8979 8980 8981
f 8979 8981 8982
f 8983 8984 8985
f 8983 8985 8986
f 8987 8988 8989
f 8987 8989 8990
f 8991 8975 8977
f 8992 8993 8994
f 8994 8993 8995
f 8996 8997 8998
f 8998 8997 8999
f 9000 9001 9002
f 9003 9004 9005
f 9006 9007 9008
f 9008 9007 9009
f 9010 9011 9012
f 9010 9012 9013
f 9014 9015 9016
f 9014 9016 9017
f 9018 9019 9020
f 9018 9020 9021
f 9022 9023 9024
f 9022 9024 9025
f 9026 9027 9028
f 9028 9027 9029
f 9028 9029 9030
f 9031 9032 9033
f 9031 9033 9034
f 9035 9036 9037
f 9035 9037 9038
f 9039 9040 9041
f 9039 9041 9042
f 9043 9044 9045
f 9043 9045 9046
f 9047 9048 9049
f 9049 9048 9050
f 9049 9050 9051
f 9051 9050 9052
f 9053 9054 9055
f 9055 9054 9056
f 9057 9058 9059
f 9059 9058 9060
f 9061 9062 9063
f 9063 9062 9064
f 9065 9066 9067
f 9068 9069 9070
f 9067 9071 9065
f 9072 9073 9074
f 9072 9074 9075
f 9076 9077 9078
f 9076 9078 9079
f 9080 9081 9082
f 9080 9082 9083
f 9084 9068 9070
f 9085 9086 9087
f 9088 9089 9090
f 9090 9089 9091
f 9092 9093 9094
f 9095 9096 9097
f 9098 9099 9100
f 9101 9085 9087
f 9102 9103 9104
f 9104 9103 9105
f 9104 9105 9106
f 9106 9105 9107
f 9108 9109 9110
f 9108 9110 9111
f 9111 9110 9112
f 9111 9112 9113
f 9113 9112 9114
f 9113 9114 9115
f 9115 9114 9116
f 9115 9116 9117
f 9117 9116 9118
f 9117 9118 9119
f 9119 9118 9120
f 9119 9120 9121
f 9121 9120 9122
f 9121 9122 9123
f 9123 9122 9124
f 9123 9124 9125
f 9126 9127 9128
f 9128 9127 9129
f 9130 9131 9132
f 9132 9131 9133
f 9134 9135 9136
f 9136 9135 9137
f 9138 9139 9140
f 9141 9142 9143
f 9144 9145 9146
f 9147 9148 9149
f 9150 9151 9152
f 9152 9151 9153
f 9154 9155 9156
f 9156 9155 9157
f 9158 9159 9160
f 9160 9159 9161
f 9162 9163 9164
f 9162 9164 9165
f 9165 9164 9166
f 9165 9166 9167
f 9167 9166 9168
f 9167 9168 9169
f 9169 9168 9170
f 9169 9170 9171
f 9171 9170 9172
f 9171 9172 9173
f 9173 9172 9174
f 9173 9174 9175
f 9175 9174 9176
f 9175 9176 9177
f 9177 9176 9178
f 9177 9178 9179
f 9180 9181 9182
f 9182 9181 9183
f 9184 9185 9186
f 9186 9185 9187
f 9188 9189 9190
f 9190 9189 9191
f 9192 9193 9194
f 9195 9196 9197
f 9198 9199 9200
f 9201 9202 9203
f 9204 9205 9206
f 9206 9205 9207
f 9208 9209 9210
f 9210 9209 9211
f 9212 9213 9214
f 9214 9213 9215
f 9216 9217 9218
f 9216 9218 9219
f 9219 9218 9220
f 9219 9220 9221
f 9221 9220 9222
f 9221 9222 9223
f 9223 9222 9224
f 9223 9224 9225
f 9225 9224 9226
f 9225 9226 9227
f 9227 9226 9228
f 9227 9228 9229
f 9229 9228 9230
f 9229 9230 9231
f 9231 9230 9232
f 9231 9232 9233
f 9234 9235 9236
f 9234 9236 9237
f 9237 9236 9238
f 9237 9238 9239
f 9239 9238 9240
f 9239 9240 9241
f 9241 9240 9242
f 9241 9242 9243
f 9243 9242 9244
f 9243 9244 9245
f 9245 9244 9246
f 9245 9246 9247
f 9247 9246 9248
f 9247 9248 9249
f 9249 9248 9250
f 9249 9250 9251
f 9252 9253 9254
f 9255 9252 9256
f 9257 9258 9259
f 9259 9258 9260
f 9259 9260 9261
f 9262 9263 9264
f 9264 9263 9265
f 9264 9265 9266
f 9267 9268 9252
f 9252 9268 9269
f 9252 9269 9256
f 9270 9271 9272
f 9273 9274 9275
f 9254 9276 9252
f 9252 9276 9277
f 9252 9277 9278
f 9279 9280 9281
f 9282 9283 9273
f 9273 9283 9284
f 9273 9284 9285
f 9286 9287 9288
f 9257 9259 9289
f 9289 9259 9290
f 9289 9290 9278
f 9291 9292 9293
f 9294 9295 9296
f 9297 9298 9299
f 9300 9301 9302
f 9288 9303 9286
f 9286 9303 9263
f 9286 9263 9304
f 9304 9263 9262
f 9304 9262 9305
f 9256 9306 9255
f 9255 9306 9307
f 9255 9307 9308
f 9309 9310 9311
f 9312 9313 9297
f 9314 9266 9315
f 9315 9266 9265
f 9315 9265 9273
f 9273 9265 9316
f 9273 9316 9282
f 9285 9317 9273
f 9273 9317 9318
f 9273 9318 9274
f 9290 9319 9278
f 9278 9319 9320
f 9278 9320 9252
f 9252 9320 9321
f 9252 9321 9322
f 9323 9324 9325
f 9272 9271 9326
f 9327 9328 9329
f 9308 9330 9255
f 9255 9330 9323
f 9255 9323 9331
f 9331 9323 9325
f 9293 9292 9332
f 9332 9292 9333
f 9332 9333 9334
f 9270 9272 9335
f 9335 9272 9336
f 9335 9336 9337
f 9313 9338 9297
f 9297 9338 9339
f 9297 9339 9298
f 9298 9339 9340
f 9341 9342 9343
f 9344 9345 9335
f 9335 9345 9346
f 9335 9346 9333
f 9333 9346 9347
f 9333 9347 9348
f 9349 9334 9350
f 9350 9334 9333
f 9350 9333 9351
f 9351 9333 9348
f 9352 9344 9353
f 9353 9344 9335
f 9353 9335 9354
f 9354 9335 9337
f 9329 9355 9327
f 9327 9355 9356
f 9327 9356 9357
f 9309 9358 9310
f 9310 9358 9298
f 9310 9298 9359
f 9359 9298 9340
f 9349 9350 9360
f 9360 9350 9361
f 9360 9361 9358
f 9361 9362 9358
f 9358 9362 9363
f 9358 9363 9298
f 9298 9363 9364
f 9298 9364 9365
f 9366 9367 9368
f 9368 9367 9369
f 9368 9369 9370
f 9370 9294 9368
f 9368 9294 9296
f 9368 9296 9371
f 9371 9296 9372
f 9371 9372 9373
f 9373 9372 9297
f 9373 9297 9374
f 9374 9297 9299
f 9301 9300 9297
f 9297 9300 9375
f 9297 9375 9312
f 9302 9376 9300
f 9300 9376 9377
f 9300 9377 9341
f 9341 9377 9378
f 9341 9378 9342
f 9275 9379 9273
f 9273 9379 9380
f 9273 9380 9381
f 9381 9380 9341
f 9381 9341 9382
f 9382 9341 9343
f 9271 9383 9326
f 9326 9383 9327
f 9326 9327 9384
f 9384 9327 9357
f 9385 9386 9328
f 9387 9388 9389
f 9390 9391 9392
f 9392 9391 9393
f 9392 9393 9394
f 9394 9393 9395
f 9394 9395 9328
f 9328 9395 9396
f 9328 9396 9385
f 9397 9398 9399
f 9400 9387 9401
f 9401 9387 9389
f 9401 9389 9293
f 9293 9389 9402
f 9293 9402 9291
f 9311 9403 9309
f 9309 9403 9404
f 9309 9404 9405
f 9405 9404 9406
f 9405 9406 9281
f 9281 9406 9407
f 9408 9409 9410
f 9410 9409 9411
f 9410 9411 9412
f 9386 9413 9328
f 9328 9413 9397
f 9328 9397 9329
f 9329 9397 9399
f 9329 9399 9414
f 9388 9387 9392
f 9392 9387 9415
f 9392 9415 9390
f 9416 9417 9418
f 9418 9417 9267
f 9418 9267 9419
f 9419 9267 9252
f 9419 9252 9420
f 9420 9252 9322
f 9421 9422 9423
f 9423 9422 9267
f 9423 9267 9424
f 9424 9267 9417
f 9398 9397 9410
f 9410 9397 9425
f 9410 9425 9408
f 9400 9426 9387
f 9387 9426 9427
f 9387 9427 9280
f 9280 9427 9428
f 9280 9428 9281
f 9407 9429 9281
f 9281 9429 9430
f 9281 9430 9279
f 9421 9431 9422
f 9422 9431 9432
f 9422 9432 9433
f 9433 9432 9410
f 9433 9410 9434
f 9434 9410 9412
f 9435 9436 9437
f 9438 9439 9440
f 9441 9442 9443
f 9443 9442 9444
f 9439 9445 9440
f 9446 9447 9448
f 9448 9447 9449
f 9450 9451 9452
f 9452 9451 9453
f 9454 9455 9456
f 9456 9455 9457
f 9458 9459 9460
f 9461 9462 9463
f 9464 9465 9466
f 9466 9465 9467
f 9467 9465 9468
f 9468 9465 9469
f 9468 9469 9463
f 9463 9469 9470
f 9463 9470 9461
f 9458 9460 9471
f 9471 9460 9472
f 9471 9472 9473
f 9459 9474 9475
f 9475 9474 9462
f 9475 9462 9476
f 9475 9477 9459
f 9459 9477 9478
f 9459 9478 9460
f 9460 9478 9479
f 9460 9479 9480
f 9481 9482 9483
f 9483 9482 9484
f 9483 9484 9485
f 9484 9486 9485
f 9485 9486 9487
f 9485 9487 9488
f 9488 9487 9489
f 9488 9489 9490
f 9490 9489 9476
f 9490 9476 9491
f 9491 9476 9462
f 9491 9462 9492
f 9492 9462 9461
f 9493 9494 9495
f 9495 9494 9496
f 9497 9498 9499
f 9499 9498 9500
f 9501 9502 9503
f 9503 9502 9504
f 9505 9506 9507
f 9508 9509 9510
f 9511 9505 9507
f 9512 9513 9514
f 9514 9513 9515
f 9516 9517 9518
f 9519 9520 9521
f 9522 9523 9524
f 9524 9523 9525
f 9524 9525 9526
f 9527 9528 9529
f 9530 9531 9532
f 9533 9534 9535
f 9535 9534 9536
f 9535 9536 9537
f 9528 9518 9538
f 9521 9539 9519
f 9519 9539 9540
f 9519 9540 9541
f 9542 9543 9518
f 9518 9543 9544
f 9518 9544 9516
f 9545 9546 9529
f 9529 9546 9547
f 9529 9547 9527
f 9548 9549 9538
f 9538 9549 9550
f 9538 9550 9528
f 9551 9552 9553
f 9522 9524 9554
f 9554 9524 9555
f 9554 9555 9541
f 9541 9555 9556
f 9541 9556 9557
f 9532 9558 9530
f 9530 9558 9559
f 9530 9559 9560
f 9560 9559 9561
f 9560 9561 9562
f 9562 9561 9542
f 9562 9542 9563
f 9535 9564 9533
f 9533 9564 9551
f 9533 9551 9565
f 9565 9551 9553
f 9566 9563 9567
f 9567 9563 9542
f 9567 9542 9568
f 9568 9542 9518
f 9568 9518 9536
f 9536 9518 9528
f 9536 9528 9537
f 9537 9528 9527
f 9537 9527 9569
f 9569 9527 9519
f 9569 9519 9570
f 9570 9519 9541
f 9570 9541 9571
f 9571 9541 9557
f 9572 9573 9574
f 9574 9573 9575
f 9574 9575 9576
f 9576 9575 9577
f 9578 9579 9580
f 9581 9582 9583
f 9584 9585 9578
f 9578 9585 9586
f 9578 9586 9587
f 9588 9589 9590
f 9591 9592 9593
f 9582 9594 9595
f 9596 9597 9583
f 9583 9597 9598
f 9599 9600 9601
f 9578 9602 9603
f 9604 9594 9605
f 9605 9594 9582
f 9605 9582 9606
f 9606 9582 9591
f 9606 9591 9607
f 9607 9591 9593
f 9608 9609 9583
f 9583 9609 9610
f 9583 9610 9596
f 9611 9612 9613
f 9595 9614 9582
f 9582 9614 9615
f 9582 9615 9583
f 9598 9616 9583
f 9583 9616 9617
f 9583 9617 9618
f 9619 9620 9621
f 9621 9620 9608
f 9621 9608 9622
f 9622 9608 9583
f 9623 9624 9625
f 9625 9624 9608
f 9625 9608 9626
f 9626 9608 9620
f 9627 9628 9629
f 9630 9631 9632
f 9611 9613 9633
f 9633 9613 9601
f 9633 9601 9634
f 9635 9636 9637
f 9629 9638 9627
f 9627 9638 9639
f 9627 9639 9640
f 9641 9578 9642
f 9642 9578 9635
f 9642 9635 9643
f 9643 9635 9637
f 9641 9644 9578
f 9578 9644 9645
f 9578 9645 9602
f 9623 9646 9624
f 9624 9646 9647
f 9624 9647 9648
f 9648 9647 9627
f 9648 9627 9649
f 9649 9627 9640
f 9627 9650 9651
f 9651 9650 9652
f 9651 9652 9653
f 9654 9655 9656
f 9600 9657 9601
f 9601 9657 9658
f 9601 9658 9634
f 9659 9660 9661
f 9618 9662 9583
f 9583 9662 9663
f 9583 9663 9581
f 9664 9665 9612
f 9612 9665 9666
f 9612 9666 9613
f 9667 9668 9669
f 9656 9670 9654
f 9654 9670 9671
f 9654 9671 9612
f 9612 9671 9672
f 9612 9672 9664
f 9673 9674 9675
f 9675 9674 9676
f 9675 9676 9677
f 9657 9678 9658
f 9658 9678 9659
f 9658 9659 9679
f 9679 9659 9661
f 9584 9578 9680
f 9680 9578 9580
f 9680 9580 9681
f 9590 9682 9588
f 9588 9682 9683
f 9588 9683 9684
f 9684 9683 9685
f 9684 9685 9686
f 9686 9685 9680
f 9686 9680 9687
f 9687 9680 9681
f 9687 9681 9688
f 9689 9690 9691
f 9691 9690 9692
f 9691 9692 9693
f 9693 9692 9651
f 9693 9651 9694
f 9694 9651 9653
f 9677 9695 9675
f 9675 9695 9696
f 9675 9696 9655
f 9655 9696 9697
f 9655 9697 9698
f 9699 9700 9655
f 9655 9700 9701
f 9655 9701 9656
f 9669 9702 9667
f 9667 9702 9703
f 9667 9703 9704
f 9674 9705 9706
f 9707 9708 9709
f 9710 9711 9712
f 9712 9711 9713
f 9705 9674 9714
f 9714 9674 9660
f 9714 9660 9715
f 9651 9630 9627
f 9627 9630 9632
f 9627 9632 9628
f 9628 9632 9707
f 9628 9707 9716
f 9716 9707 9709
f 9716 9709 9717
f 9718 9719 9720
f 9720 9719 9721
f 9720 9721 9709
f 9709 9721 9722
f 9709 9722 9717
f 9710 9723 9711
f 9711 9723 9699
f 9711 9699 9724
f 9724 9699 9655
f 9724 9655 9725
f 9725 9655 9698
f 9726 9727 9711
f 9711 9727 9728
f 9711 9728 9713
f 9703 9729 9704
f 9704 9729 9730
f 9704 9730 9731
f 9673 9732 9674
f 9674 9732 9733
f 9674 9733 9660
f 9660 9733 9734
f 9660 9734 9661
f 9735 9736 9718
f 9718 9736 9737
f 9718 9737 9719
f 9603 9738 9578
f 9578 9738 9739
f 9578 9739 9579
f 9579 9739 9704
f 9579 9704 9740
f 9740 9704 9731
f 9706 9741 9674
f 9674 9741 9742
f 9674 9742 9743
f 9744 9745 9707
f 9707 9745 9746
f 9707 9746 9708
f 9708 9746 9747
f 9708 9747 9748
f 9748 9747 9749
f 9748 9749 9750
f 9750 9749 9751
f 9750 9751 9752
f 9752 9751 9715
f 9752 9715 9753
f 9753 9715 9660
f 9599 9601 9718
f 9718 9601 9754
f 9718 9754 9735
f 9668 9667 9711
f 9711 9667 9755
f 9711 9755 9726
f 9743 9756 9674
f 9674 9756 9757
f 9674 9757 9758
f 9758 9757 9759
f 9758 9759 9760
f 9761 9762 9763
f 9764 9765 9766
f 9767 9761 9763
f 9768 9769 9770
f 9770 9769 9771
f 9772 9773 9774
f 9774 9773 9775
f 9776 9777 9778
f 9778 9777 9779
f 9780 9781 9782
f 9782 9781 9783
f 9784 9785 9786
f 9787 9788 9786
f 9789 9790 9791
f 9792 9793 9794
f 9794 9793 9795
f 9795 9793 9796
f 9796 9793 9797
f 9796 9797 9791
f 9791 9797 9798
f 9791 9798 9789
f 9787 9786 9799
f 9799 9786 9800
f 9799 9800 9801
f 9784 9786 9802
f 9802 9786 9788
f 9802 9788 9803
f 9803 9788 9804
f 9803 9804 9805
f 9805 9804 9790
f 9805 9790 9806
f 9807 9808 9809
f 9809 9808 9810
f 9809 9810 9811
f 9810 9812 9811
f 9811 9812 9813
f 9811 9813 9814
f 9814 9813 9815
f 9814 9815 9816
f 9816 9815 9806
f 9816 9806 9817
f 9817 9806 9790
f 9817 9790 9818
f 9818 9790 9789
f 9819 9820 9821
f 9821 9820 9822
f 9823 9824 9825
f 9825 9824 9826
f 9827 9828 9829
f 9829 9828 9830
f 9831 9832 9833
f 9833 9832 9834
f 9835 9836 9837
f 9837 9836 9838
f 9839 9840 9841
f 9842 9843 9844
f 9844 9843 9845
f 9844 9845 9846
f 9846 9845 9847
f 9846 9847 9848
f 9849 9850 9851
f 9849 9851 9852
f 9853 9854 9855
f 9853 9855 9856
f 9857 9858 9859
f 9857 9859 9860
f 9861 9862 9863
f 9861 9863 9864
f 9865 9866 9867
f 9865 9867 9868
f 9869 9870 9871
f 9869 9871 9872
f 9873 9874 9875
f 9873 9875 9876
f 9877 9878 9879
f 9877 9879 9880
f 9881 9882 9883
f 9881 9883 9884
f 9885 9886 9887
f 9885 9887 9888
f 9889 9890 9891
f 9889 9891 9892
f 9893 9894 9895
f 9893 9895 9896
f 9897 9898 9899
f 9897 9899 9900
f 9901 9902 9903
f 9901 9903 9904
f 9905 9906 9907
f 9907 9906 9908
f 9909 9910 9911
f 9911 9910 9912
f 9913 9914 9915
f 9913 9915 9916
f 9917 9918 9919
f 9917 9919 9920
f 9921 9922 9923
f 9921 9923 9924
f 9925 9926 9927
f 9925 9927 9928
f 9929 9930 9931
f 9931 9930 9932
f 9931 9932 9933
f 9934 9935 9936
f 9934 9936 9937
f 9938 9939 9940
f 9938 9940 9941
f 9942 9943 9944
f 9942 9944 9945
f 9946 9947 9948
f 9946 9948 9949
f 9950 9951 9952
f 9952 9951 9953
f 9952 9953 9954
f 9954 9953 9955
f 9956 9957 9958
f 9958 9957 9959
f 9960 9961 9962
f 9962 9961 9963
f 9964 9965 9966
f 9966 9965 9967
f 9968 9969 9970
f 9971 9972 9973
f 9970 9974 9968
f 9975 9976 9977
f 9975 9977 9978
f 9979 9980 9981
f 9979 9981 9982
f 9983 9984 9985
f 9983 9985 9986
f 9987 9971 9973
f 9988 9989 9990
f 9991 9992 9993
f 9993 9992 9994
f 9995 9996 9997
f 9998 9999 10000
f 10001 10002 10003
f 10004 9988 9990
f 10005 10006 10007
f 10007 10006 10008
f 10007 10008 10009
f 10009 10008 10010
f 10011 10012 10013
f 10011 10013 10014
f 10015 10016 10017
f 10015 10017 10018
f 10019 10020 10021
f 10019 10021 10022
f 10023 10024 10025
f 10023 10025 10026
f 10027 10028 10029
f 10029 10028 10030
f 10029 10030 10031
f 10032 10033 10034
f 10032 10034 10035
f 10036 10037 10038
f 10036 10038 10039
f 10040 10041 10042
f 10040 10042 10043
f 10044 10045 10046
f 10044 10046 10047
f 10048 10049 10050
f 10050 10049 10051
f 10052 10053 10054
f 10055 10056 10057
f 10058 10059 10060
f 10060 10059 10061
f 10062 10063 10064
f 10064 10063 10065
f 10066 10067 10068
f 10066 10068 10069
f 10070 10071 10072
f 10070 10072 10073
f 10074 10075 10076
f 10074 10076 10077
f 10078 10079 10080
f 10078 10080 10081
f 10082 10083 10084
f 10082 10084 10085
f 10086 10087 10088
f 10088 10087 10089
f 10090 10091 10092
f 10092 10091 10093
f 10094 10095 10096
f 10097 10098 10099
f 10100 10101 10102
f 10102 10101 10103
f 10104 10105 10106
f 10107 10108 10109
f 10110 10111 10112
f 10110 10112 10113
f 10114 10115 10116
f 10114 10116 10117
f 10118 10119 10120
f 10120 10119 10121
f 10122 10123 10124
f 10123 10125 10124
f 10126 10127 10128
f 10126 10128 10129
f 10130 10131 10132
f 10130 10132 10133
f 10134 10135 10136
f 10136 10137 10134
f 10138 10139 10140
f 10138 10140 10141
f 10142 10143 10144
f 10142 10144 10145
f 10146 10147 10148
f 10148 10147 10149
f 10148 10149 10150
f 10150 10149 10151
f 10152 10153 10154
f 10154 10153 10155
f 10154 10155 10156
f 10156 10155 10157
f 10158 10159 10160
f 10160 10159 10161
f 10160 10161 10162
f 10162 10161 10163
f 10164 10165 10166
f 10167 10168 10169
f 10169 10170 10167
f 10171 10172 10173
f 10171 10173 10174
f 10175 10176 10177
f 10177 10176 10178
f 10179 10180 10181
f 10180 10182 10181
f 10183 10184 10185
f 10183 10185 10186
f 10187 10188 10189
f 10190 10191 10192
f 10166 10193 10164
f 10194 10195 10196
f 10194 10196 10197
f 10198 10190 10192
f 10199 10200 10201
f 10202 10203 10204
f 10189 10205 10187
f 10206 10207 10208
f 10208 10207 10209
f 10208 10209 10210
f 10210 10209 10211
f 10212 10213 10214
f 10214 10215 10212
f 10216 10217 10218
f 10216 10218 10219
f 10220 10221 10222
f 10222 10221 10223
f 10222 10223 10224
f 10224 10223 10225
f 10226 10227 10228
f 10228 10227 10229
f 10228 10229 10230
f 10230 10229 10231
f 10232 10233 10234
f 10234 10233 10235
f 10236 10237 10238
f 10238 10239 10236
f 10240 10241 10242
f 10240 10242 10243
f 10244 10245 10246
f 10244 10246 10247
f 10248 10249 10250
f 10248 10250 10251
f 10252 10253 10254
f 10252 10254 10255
f 10256 10257 10258
f 10256 10258 10259
f 10260 10261 10262
f 10262 10261 10263
f 10262 10263 10264
f 10264 10263 10265
f 10266 10267 10268
f 10268 10267 10269
f 10268 10269 10270
f 10270 10269 10271
f 10272 10273 10274
f 10274 10275 10272
f 10276 10277 10278
f 10276 10278 10279
f 10280 10281 10282
f 10282 10281 10283
f 10282 10283 10284
f 10284 10283 10285
f 10286 10287 10288
f 10288 10287 10289
f 10288 10289 10290
f 10290 10289 10291
f 10292 10293 10294
f 10294 10293 10295
f 10294 10295 10296
f 10296 10295 10297
f 10298 10299 10300
f 10301 10302 10303
f 10301 10303 10304
f 10305 10306 10307
f 10305 10307 10308
f 10309 10310 10311
f 10312 10313 10314
f 10314 10315 10312
f 10316 10317 10318
f 10316 10318 10319
f 10320 10309 10311
f 10321 10322 10323
f 10324 10325 10326
f 10298 10327 10299
f 10328 10329 10330
f 10331 10332 10333
f 10333 10332 10334
f 10335 10336 10337
f 10330 10338 10328
f 10339 10340 10341
f 10339 10341 10342
f 10343 10344 10345
f 10343 10345 10346
f 10347 10348 10349
f 10347 10349 10350
f 10351 10352 10353
f 10351 10353 10354
f 10355 10356 10357
f 10358 10359 10360
f 10361 10362 10363
f 10337 10364 10335
f 10365 10366 10367
f 10367 10366 10368
f 10367 10368 10369
f 10369 10368 10370
f 10371 10372 10373
f 10373 10372 10374
f 10373 10374 10375
f 10375 10374 10376
f 10377 10378 10379
f 10379 10378 10380
f 10379 10380 10381
f 10381 10380 10382
f 10383 10384 10385
f 10386 10387 10388
f 10389 10390 10391
f 10392 10393 10394
f 10392 10394 10395
f 10396 10397 10398
f 10396 10398 10399
f 10400 10401 10402
f 10400 10402 10403
f 10404 10386 10388
f 10385 10405 10383
f 10406 10407 10408
f 10406 10408 10409
f 10410 10411 10412
f 10413 10414 10415
f 10416 10417 10418
f 10389 10419 10390
f 10420 10421 10422
f 10422 10421 10423
f 10422 10423 10424
f 10424 10423 10425
f 10426 10427 10428
f 10428 10427 10429
f 10430 10431 10432
f 10432 10431 10433
f 10434 10435 10436
f 10436 10435 10437
f 10438 10439 10440
f 10440 10439 10441
f 10442 10443 10444
f 10444 10443 10445
f 10446 10447 10448
f 10448 10447 10449
f 10450 10451 10452
f 10452 10451 10453
f 10454 10455 10456
f 10456 10455 10457
f 10458 10459 10460
f 10460 10459 10461
f 10462 10463 10464
f 10464 10463 10465
f 10466 10467 10468
f 10468 10467 10469
f 10470 10471 10472
f 10472 10471 10473
f 10474 10475 10476
f 10476 10475 10477
f 10478 10479 10480
f 10480 10479 10481
f 10482 10483 10484
f 10484 10483 10485
f 10486 10487 10488
f 10488 10487 10489
f 10490 10491 10492
f 10492 10491 10493
f 10494 10495 10496
f 10496 10495 10497
f 10498 10499 10500
f 10500 10499 10501
f 10502 10503 10504
f 10504 10503 10505
f 10506 10507 10508
f 10508 10507 10509
f 10510 10511 10512
f 10512 10511 10513
f 10514 10515 10516
f 10516 10515 10517
f 10518 10519 10520
f 10520 10519 10521
f 10522 10523 10524
f 10524 10523 10525
f 10526 10527 10528
f 10528 10527 10529
f 10530 10531 10532
f 10532 10531 10533
f 10534 10535 10536
f 10536 10535 10537
f 10538 10539 10540
f 10540 10539 10541
f 10542 10543 10544
f 10544 10543 10545
f 10546 10547 10548
f 10548 10547 10549
f 10550 10551 10552
f 10552 10551 10553
f 10554 10555 10556
f 10556 10555 10557
f 10558 10559 10560
f 10560 10559 10561
f 10562 10563 10564
f 10564 10563 10565
f 10566 10567 10568
f 10568 10567 10569
f 10570 10571 10572
f 10573 10574 10575
f 10576 10577 10578
f 10579 10580 10581
f 10582 10583 10584
f 10585 10586 10587
f 10588 10589 10590
f 10591 10592 10593
f 10594 10595 10596
f 10597 10598 10599
f 10600 10601 10602
f 10603 10604 10605
f 10606 10607 10608
f 10608 10607 10609
f 10610 10611 10612
f 10612 10611 10613
f 10614 10615 10616
f 10616 10615 10617
f 10618 10619 10620
f 10620 10619 10621
f 10622 10623 10624
f 10625 10626 10627
f 10624 10628 10622
f 10622 10628 10629
f 10622 10629 10630
f 10630 10629 10631
f 10630 10631 10632
f 10632 10631 10625
f 10632 10625 10633
f 10633 10625 10627
f 10634 10635 10636
f 10636 10635 10637
f 10638 10639 10640
f 10640 10639 10641
f 10642 10643 10644
f 10644 10643 10645
f 10646 10647 10648
f 10648 10647 10649
f 10650 10651 10652
f 10652 10651 10653
f 10654 10655 10656
f 10656 10655 10657
f 10658 10659 10660
f 10660 10659 10661
f 10662 10663 10664
f 10665 10666 10667
f 10667 10666 10668
f 10669 10670 10671
f 10671 10670 10672
f 10673 10674 10675
f 10676 10677 10678
f 10679 10680 10681
f 10682 10683 10684
f 10685 10686 10687
f 10688 10689 10690
f 10691 10692 10693
f 10694 10695 10696
f 10697 10698 10699
f 10700 10701 10702
f 10699 10698 10703
f 10703 10698 10704
f 10703 10704 10705
f 10701 10700 10706
f 10706 10700 10707
f 10706 10707 10708
f 10705 10709 10703
f 10703 10709 10710
f 10703 10710 10707
f 10707 10710 10711
f 10707 10711 10708
f 10702 10712 10700
f 10700 10712 10713
f 10700 10713 10699
f 10699 10713 10714
f 10699 10714 10697
f 10715 10716 10717
f 10718 10719 10720
f 10718 10720 10721
f 10722 10723 10724
f 10725 10726 10727
f 10728 10729 10730
f 10731 10732 10733
f 10734 10735 10736
f 10737 10738 10739
f 10740 10741 10742
f 10742 10741 10743
f 10744 10745 10746
f 10747 10748 10749
f 10750 10751 10752
f 10753 10754 10755
f 10756 10757 10758
f 10759 10760 10761
f 10762 10763 10764
f 10765 10766 10767
f 10768 10769 10770
f 10771 10772 10773
f 10774 10775 10776
f 10777 10778 10779
f 10780 10781 10782
f 10783 10784 10785
f 10786 10787 10788
f 10789 10790 10791
f 10792 10793 10794
f 10795 10796 10797
f 10798 10799 10800
f 10801 10802 10803
f 10804 10805 10806
f 10807 10808 10809
f 10810 10811 10812
f 10812 10811 10813
f 10814 10815 10816
f 10816 10815 10817
f 10816 10817 10810
f 10818 10819 10812
f 10812 10819 10820
f 10812 10820 10810
f 10810 10820 10821
f 10810 10821 10816
f 10822 10823 10824
f 10825 10826 10827
f 10828 10829 10830
f 10831 10832 10833
f 10834 10835 10836
f 10837 10838 10839
f 10840 10841 10842
f 10843 10844 10845
f 10846 10847 10848
f 10849 10850 10851
f 10851 10850 10852
f 10853 10854 10855
f 10855 10854 10856
f 10857 10858 10859
f 10859 10858 10860
f 10861 10862 10863
f 10863 10862 10864
f 10865 10866 10867
f 10867 10866 10868
f 10869 10870 10871
f 10871 10870 10872
f 10873 10874 10875
f 10873 10875 10876
f 10877 10878 10879
f 10877 10879 10880
f 10881 10882 10883
f 10881 10883 10884
f 10885 10886 10887
f 10885 10887 10888
f 10889 10890 10891
f 10892 10893 10894
f 10895 10896 10897
f 10898 10899 10900
f 10901 10902 10903
f 10904 10905 10906
f 10907 10908 10909
f 10910 10911 10912
f 10913 10914 10915
f 10916 10917 10918
f 10919 10920 10921
f 10922 10923 10924
f 10925 10926 10927
f 10927 10926 10928
f 10929 10930 10931
f 10931 10930 10932
f 10933 10934 10935
f 10935 10934 10936
f 10937 10938 10939
f 10939 10938 10940
f 10941 10942 10943
f 10943 10942 10944
f 10945 10946 10947
f 10947 10946 10948
f 10949 10950 10951
f 10951 10950 10952
f 10953 10954 10955
f 10955 10954 10956
f 10957 10958 10959
f 10957 10959 10960
f 10961 10962 10963
f 10961 10963 10964
f 10965 10966 10967
f 10967 10966 10968
f 10969 10970 10971
f 10971 10970 10972
f 10973 10974 10975
f 10975 10974 10976
f 10977 10978 10979
f 10979 10978 10980
f 10981 10982 10983
f 10983 10982 10984
f 10985 10986 10987
f 10986 10988 10987
f 10989 10990 10991
f 10989 10991 10992
f 10993 10994 10995
f 10993 10995 10996
f 10997 10998 10999
f 10997 10999 11000
f 11001 11002 11003
f 11003 11002 11004
f 11005 11006 11007
f 11007 11006 11008
f 11009 11010 11011
f 11011 11010 11012
f 11013 11014 11015
f 11015 11014 11016
f 11017 11018 11019
f 11019 11018 11020
f 11021 11022 11023
f 11023 11022 11024
f 11025 11026 11027
f 11027 11026 11028
f 11029 11030 11031
f 11031 11030 11032
f 11033 11034 11035
f 11035 11034 11036
f 11037 11038 11039
f 11039 11038 11040
f 11041 11042 11043
f 11043 11042 11044
f 11045 11046 11047
f 11047 11046 11048
f 11049 11050 11051
f 11051 11050 11052
f 11053 11054 11055
f 11055 11054 11056
f 11057 11058 11059
f 11057 11059 11060
f 11061 11062 11063
f 11061 11063 11064
f 11065 11066 11067
f 11067 11066 11068
f 11069 11070 11071
f 11071 11070 11072
f 11073 11074 11075
f 11075 11074 11076
f 11077 11078 11079
f 11079 11078 11080
f 11081 11082 11083
f 11083 11082 11084
f 11085 11086 11087
f 11087 11086 11088
f 11089 11090 11091
f 11089 11091 11092
f 11093 11094 11095
f 11093 11095 11096
f 11097 11098 11099
f 11099 11098 11100
f 11101 11102 11103
f 11103 11102 11104
f 11105 11106 11107
f 11107 11106 11108
f 11109 11110 11111
f 11111 11110 11112
f 11113 11114 11115
f 11115 11114 11116
f 11117 11118 11119
f 11119 11118 11120
f 11121 11122 11123
f 11121 11123 11124
f 11125 11126 11127
f 11125 11127 11128
f 11129 11130 11131
f 11131 11130 11132
f 11133 11134 11135
f 11135 11134 11136
f 11137 11138 11139
f 11139 11138 11140
f 11141 11142 11143
f 11143 11142 11144
f 11145 11146 11147
f 11147 11146 11148
f 11149 11150 11151
f 11151 11150 11152
f 11153 11154 11155
f 11153 11155 11156
f 11157 11158 11159
f 11157 11159 11160
f 11161 11162 11163
f 11163 11162 11164
f 11165 11166 11167
f 11167 11166 11168
f 11169 11170 11171
f 11171 11170 11172
f 11173 11174 11175
f 11175 11174 11176
f 11177 11178 11179
f 11179 11178 11180
f 11181 11182 11183
f 11182 11184 11183
f 11185 11186 11187
f 11185 11187 11188
f 11189 11190 11191
f 11191 11190 11192
f 11193 11194 11195
f 11195 11194 11196
f 11197 11198 11199
f 11200 11201 11202
f 11203 11204 11205
f 11206 11207 11208
f 11209 11210 11211
f 11212 11213 11214
f 11215 11216 11217
f 11218 11219 11220
f 11221 11222 11223
f 11224 11225 11226
f 11227 11228 11229
f 11230 11231 11232
f 11233 11234 11235
f 11236 11237 11238
f 11239 11240 11241
f 11242 11243 11244
f 11245 11246 11247
f 11248 11249 11250
f 11251 11252 11253
f 11254 11255 11256
f 11257 11258 11259
f 11260 11261 11262
f 11263 11264 11265
f 11266 11267 11268
f 11269 11270 11271
f 11269 11271 11272
f 11273 11274 11275
f 11273 11275 11276
f 11277 11278 11279
f 11279 11278 11280
f 11281 11282 11283
f 11283 11282 11284
f 11285 11286 11287
f 11287 11286 11288
f 11289 11290 11291
f 11291 11290 11292
f 11293 11294 11295
f 11295 11294 11296
f 11297 11298 11299
f 11299 11298 11300
f 11301 11302 11303
f 11301 11303 11304
f 11305 11306 11307
f 11305 11307 11308
f 11309 11310 11311
f 11312 11313 11314
f 11315 11316 11317
f 11318 11319 11320
f 11321 11322 11323
f 11324 11325 11326
f 11327 11328 11329
f 11330 11331 11332
f 11333 11334 11335
f 11336 11337 11338
f 11339 11340 11341
f 11342 11343 11344
f 11345 11346 11347
f 11347 11346 11348
f 11349 11350 11351
f 11351 11350 11352
f 11353 11354 11355
f 11353 11355 11356
f 11357 11358 11359
f 11357 11359 11360
f 11361 11362 11363
f 11363 11362 11364
f 11365 11366 11367
f 11367 11366 11368
f 11369 11370 11371
f 11371 11370 11372
f 11373 11374 11375
f 11375 11374 11376
f 11377 11378 11379
f 11379 11378 11380
f 11381 11382 11383
f 11383 11382 11384
f 11385 11386 11387
f 11385 11387 11388
f 11389 11390 11391
f 11389 11391 11392
f 11393 11394 11395
f 11396 11397 11398
f 11399 11400 11401
f 11402 11403 11404
f 11405 11406 11407
f 11408 11409 11410
f 11411 11412 11413
f 11414 11415 11416
f 11417 11418 11419
f 11420 11421 11422
f 11423 11424 11425
f 11426 11427 11428
f 11429 11430 11431
f 11431 11430 11432
f 11433 11434 11435
f 11435 11434 11436
f 11437 11438 11439
f 11439 11438 11440
f 11441 11442 11443
f 11443 11442 11444
f 11445 11446 11447
f 11447 11446 11448
f 11449 11450 11451
f 11451 11450 11452
f 11453 11454 11455
f 11455 11454 11456
f 11457 11458 11459
f 11459 11458 11460
f 11461 11462 11463
f 11463 11462 11464
f 11465 11466 11467
f 11467 11466 11468
f 11469 11470 11471
f 11472 11473 11474
f 11475 11476 11477
f 11477 11476 11469
f 11477 11469 11478
f 11478 11469 11471
f 11478 11471 11479
f 11479 11471 11472
f 11479 11472 11480
f 11480 11472 11474
f 11481 11482 11483
f 11484 11485 11486
f 11486 11485 11487
f 11486 11487 11488
f 11488 11487 11489
f 11483 11482 11487
f 11487 11482 11490
f 11487 11490 11489
f 11484 11491 11485
f 11485 11491 11492
f 11485 11492 11493
f 11493 11492 11494
f 11493 11494 11495
f 11495 11496 11493
f 11493 11496 11497
f 11493 11497 11483
f 11483 11497 11498
f 11483 11498 11481
f 11499 11500 11501
f 11502 11503 11504
f 11502 11504 11505
f 11506 11507 11508
f 11509 11510 11511
f 11512 11513 11514
f 11515 11516 11517
f 11518 11519 11520
f 11521 11522 11523
f 11524 11525 11526
f 11526 11525 11527
f 11528 11529 11530
f 11531 11532 11533
f 11533 11532 11534
f 11535 11536 11537
f 11537 11536 11538
f 11539 11540 11541
f 11541 11540 11542
f 11543 11544 11545
f 11545 11544 11546
f 11547 11548 11549
f 11549 11548 11550
f 11551 11552 11553
f 11553 11552 11554
f 11555 11556 11557
f 11557 11556 11558
f 11559 11560 11561
f 11562 11563 11564
f 11565 11566 11567
f 11568 11569 11570
f 11571 11572 11573
f 11574 11575 11576
f 11564 11577 11562
f 11578 11579 11580
f 11581 11582 11583
f 11584 11585 11586
f 11587 11588 11589
f 11590 11591 11592
f 11593 11594 11595
f 11596 11597 11598
f 11599 11600 11601
f 11602 11603 11604
f 11605 11606 11607
f 11608 11609 11610
f 11611 11612 11613
f 11614 11615 11616
f 11617 11618 11619
f 11620 11621 11622
f 11623 11624 11625
f 11626 11627 11628
f 11629 11630 11631
f 11632 11633 11634
f 11635 11636 11637
f 11638 11639 11640
f 11641 11642 11643
f 11644 11645 11646
f 11647 11648 11649
f 11650 11651 11652
f 11653 11654 11655
f 11656 11657 11658
f 11659 11660 11658
f 11658 11660 11661
f 11658 11661 11656
f 11662 11663 11664
f 11664 11663 11665
f 11664 11665 11666
f 11666 11665 11656
f 11666 11656 11667
f 11667 11656 11661
f 11668 11669 11670
f 11671 11672 11669
f 11669 11672 11673
f 11669 11673 11670
f 11674 11675 11676
f 11676 11675 11668
f 11676 11668 11677
f 11677 11668 11670
f 11678 11679 11680
f 11680 11679 11672
f 11680 11672 11681
f 11681 11672 11671
f 11682 11683 11684
f 11685 11686 11687
f 11687 11686 11682
f 11687 11682 11688
f 11688 11682 11684
f 11689 11690 11691
f 11691 11690 11692
f 11691 11692 11693
f 11693 11692 11694
f 11693 11694 11685
f 11685 11694 11695
f 11685 11695 11686
f 11696 11697 11698
f 11698 11697 11699
f 11698 11699 11700
f 11701 11702 11703
f 11704 11705 11706
f 11700 11707 11698
f 11698 11707 11706
f 11698 11706 11708
f 11708 11706 11705
f 11708 11705 11709
f 11710 11711 11712
f 11706 11713 11704
f 11704 11713 11714
f 11704 11714 11715
f 11715 11714 11716
f 11715 11716 11717
f 11718 11719 11720
f 11720 11719 11715
f 11720 11715 11721
f 11721 11715 11717
f 11722 11723 11724
f 11725 11726 11727
f 11727 11728 11725
f 11725 11728 11729
f 11725 11729 11730
f 11731 11732 11733
f 11733 11732 11734
f 11733 11734 11727
f 11727 11734 11735
f 11727 11735 11728
f 11710 11736 11711
f 11711 11736 11699
f 11711 11699 11737
f 11737 11699 11697
f 11738 11739 11740
f 11701 11703 11741
f 11742 11743 11744
f 11744 11743 11745
f 11744 11745 11746
f 11736 11747 11699
f 11699 11747 11748
f 11699 11748 11749
f 11749 11748 11750
f 11749 11750 11751
f 11752 11749 11753
f 11753 11749 11751
f 11753 11751 11754
f 11754 11751 11755
f 11754 11755 11724
f 11742 11738 11756
f 11756 11738 11740
f 11756 11740 11757
f 11757 11740 11758
f 11723 11741 11724
f 11724 11741 11703
f 11724 11703 11754
f 11754 11703 11759
f 11754 11759 11760
f 11760 11759 11761
f 11744 11762 11742
f 11742 11762 11763
f 11742 11763 11738
f 11738 11763 11764
f 11738 11764 11765
f 11766 11767 11768
f 11769 11752 11770
f 11770 11752 11753
f 11770 11753 11771
f 11771 11753 11772
f 11771 11772 11773
f 11773 11772 11774
f 11765 11775 11738
f 11738 11775 11766
f 11738 11766 11776
f 11776 11766 11768
f 11730 11777 11725
f 11725 11777 11778
f 11725 11778 11779
f 11779 11778 11780
f 11779 11780 11781
f 11731 11733 11782
f 11782 11733 11783
f 11782 11783 11712
f 11712 11783 11784
f 11712 11784 11710
f 11738 11785 11739
f 11739 11785 11786
f 11739 11786 11787
f 11758 11788 11757
f 11757 11788 11789
f 11757 11789 11724
f 11724 11789 11790
f 11724 11790 11722
f 11791 11792 11793
f 11793 11792 11794
f 11793 11794 11725
f 11725 11794 11795
f 11745 11796 11746
f 11746 11796 11797
f 11746 11797 11798
f 11798 11797 11726
f 11798 11726 11799
f 11799 11726 11725
f 11799 11725 11800
f 11800 11725 11795
f 11800 11795 11801
f 11787 11802 11739
f 11739 11802 11803
f 11739 11803 11804
f 11804 11803 11805
f 11806 11807 11808
f 11809 11810 11811
f 11812 11813 11814
f 11815 11816 11817
f 11818 11819 11820
f 11821 11822 11823
f 11824 11825 11826
f 11827 11828 11829
f 11830 11831 11832
f 11833 11834 11835
f 11836 11837 11838
f 11839 11840 11841
f 11842 11843 11844
f 11845 11846 11847
f 11848 11849 11850
f 11851 11852 11853
f 11854 11855 11856
f 11857 11858 11859
f 11860 11861 11862
f 11863 11864 11865
f 11866 11867 11868
f 11869 11870 11871
f 11871 11870 11872
f 11873 11874 11875
f 11876 11877 11878
f 11879 11880 11881
f 11882 11883 11884
f 11885 11886 11887
f 11887 11886 11888
f 11889 11890 11891
f 11892 11893 11894
f 11894 11893 11895
f 11896 11897 11898
f 11898 11897 11899
f 11898 11899 11900
f 11899 11901 11900
f 11900 11901 11902
f 11900 11902 11903
f 11889 11891 11904
f 11904 11891 11905
f 11904 11905 11906
f 11893 11907 11895
f 11895 11907 11908
f 11895 11908 11909
f 11910 11911 11912
f 11912 11911 11903
f 11912 11903 11913
f 11913 11903 11902
f 11896 11906 11897
f 11897 11906 11914
f 11897 11914 11915
f 11915 11914 11916
f 11915 11916 11917
f 11917 11916 11918
f 11917 11918 11919
f 11919 11918 11920
f 11919 11920 11921
f 11921 11920 11888
f 11921 11888 11922
f 11922 11888 11886
f 11923 11924 11925
f 11925 11924 11926
f 11925 11926 11927
f 11927 11926 11928
f 11927 11928 11905
f 11905 11928 11929
f 11905 11929 11906
f 11906 11929 11930
f 11906 11930 11914
f 11931 11932 11933
f 11933 11932 11934
f 11933 11934 11935
f 11935 11934 11936
f 11935 11936 11889
f 11889 11936 11937
f 11889 11937 11890
f 11937 11938 11890
f 11890 11938 11939
f 11890 11939 11940
f 11940 11939 11941
f 11940 11941 11909
f 11909 11941 11942
f 11909 11942 11895
f 11943 11944 11945
f 11943 11945 11946
f 11947 11948 11949
f 11947 11949 11950
f 11951 11952 11953
f 11951 11953 11954
f 11955 11956 11957
f 11955 11957 11958
f 11959 11960 11961
f 11959 11961 11962
f 11963 11964 11965
f 11963 11965 11966
f 11967 11968 11969
f 11967 11969 11970
f 11971 11972 11973
f 11971 11973 11974
f 11975 11976 11977
f 11975 11977 11978
f 11979 11980 11981
f 11979 11981 11982
f 11983 11984 11985
f 11983 11985 11986
f 11987 11988 11989
f 11987 11989 11990
f 11991 11992 11993
f 11991 11993 11994
f 11995 11996 11997
f 11995 11997 11998
f 11999 12000 12001
f 12002 12003 12004
f 12005 12006 12007
f 12008 12009 12010
f 12011 12012 12013
f 12014 12015 12016
f 12017 12018 12019
f 12019 12018 12020
f 12019 12020 12016
f 12016 12020 12021
f 12016 12021 12014
f 12022 12023 12024
f 12024 12023 12025
f 12026 12027 12028
f 12028 12027 12029
f 12030 12031 12032
f 12032 12031 12033
f 12034 12035 12036
f 12036 12037 12034
f 12034 12037 12038
f 12034 12038 12039
f 12039 12038 12040
f 12039 12040 12041
f 12042 12043 12044
f 12045 12046 12047
f 12048 12049 12050
f 12051 12052 3183
f 12053 12054 12055
f 12056 12057 12058
f 12059 12060 12061
f 12062 12056 12058
f 12063 12064 12065
f 12065 12064 12066
f 12067 12068 12069
f 12069 12068 12070
f 12071 12072 12073
f 12073 12072 12068
f 12073 12068 12074
f 12074 12068 12067
f 12075 12076 12077
f 12077 12076 12078
f 12079 12080 12081
f 12081 12080 12082
f 12083 12084 12085
f 12085 12084 12086
f 12087 12088 12089
f 12089 12088 12090
f 12091 12092 12093
f 12093 12092 12094
f 12095 12096 12097
f 12097 12096 12098
f 12099 12100 12101
f 12101 12100 12102
f 12103 12104 12105
f 12105 12104 12106
f 12107 12108 12109
f 12109 12108 12110
f 12111 12112 12113
f 12113 12112 12114
f 12115 12116 12117
f 12117 12116 12118
f 12119 12120 12121
f 12121 12120 12122
f 12123 12124 12125
f 12125 12124 12126
f 12127 12128 12129
f 12129 12128 12130
f 12131 12132 12133
f 12133 12132 12134
f 12135 12136 12137
f 12137 12136 12138
f 12137 12138 12139
f 12140 12141 12137
f 12137 12141 12142
f 12137 12142 12135
f 12143 12144 12145
f 12146 12147 12148
f 12149 12150 12151
f 12151 12150 12152
f 12147 12153 12148
f 12154 12155 12156
f 12157 12158 12159
f 12160 12154 12156
f 12161 12162 10213
f 10213 12162 10214
f 12163 12164 12165
f 12166 12167 12165
f 12165 12167 12168
f 12165 12168 12163
f 12169 12170 12171
f 12172 12173 12174
f 12175 12176 12177
f 12178 12179 12180
f 12181 12182 12183
f 12184 12185 12186
f 12187 12188 12189
f 12190 12191 12192
f 12193 12194 12195
f 12196 12197 12198
f 12199 12200 12201
f 12202 12203 12204
f 12205 12206 12207
f 12208 12209 12210
f 12211 12212 12213
f 12214 12215 12216
f 12217 12218 12219
f 12220 12221 12222
f 12223 12224 12225
f 12226 12227 12228
f 12229 12230 12231
f 12232 12233 12234
f 12235 12236 12237
f 12238 12239 12240
f 12241 12242 12243
f 12244 12245 12246
f 12247 12248 12249
f 12250 12251 12252
f 12253 12254 12255
f 12256 12257 12258
f 12259 12260 12261
f 12262 12263 12264
f 12265 12266 12267
f 12268 12269 12270
f 12271 12272 12273
f 12274 12275 12276
f 12277 12278 12279
f 12280 12281 12282
f 12283 12284 12285
f 12286 12287 12288
f 12289 12290 12291
f 12292 12293 12294
f 12295 12296 12297
f 12298 12299 12300
f 12301 12302 12303
f 12304 12305 12306
f 12304 12306 12307
f 12308 12309 12310
f 12311 12312 12313
f 12314 12315 12316
f 12317 12318 12319
f 12320 12321 12322
f 12323 12324 12325
f 12326 12327 12328
f 12329 12330 12331
f 12332 12333 12334
f 12335 12336 12337
f 12337 12336 12338
f 12339 12340 12341
f 12342 12343 12344
f 12345 12346 12347
f 12348 12349 12350
f 12351 12352 12353
f 12354 12355 12356
f 12357 12358 12359
f 12360 12361 12362
f 12363 12364 12365
f 12366 12367 12368
f 12369 12370 12371
f 12372 12373 12374
f 12375 12376 12377
f 12378 12379 12380
f 12381 12382 12383
f 12384 12385 12386
f 12387 12388 12389
f 12390 12391 12392
f 12393 12394 12395
f 12396 12397 12398
f 12399 12400 12401
f 12402 12403 12404
f 12405 12406 12407
f 12408 12409 12410
f 12411 12412 12413
f 12414 12415 12416
f 12417 12418 12419
f 12420 12421 12422
f 12423 12424 12425
f 12426 12395 12394
f 12427 12428 12429
f 12430 12431 12432
f 12433 12434 12435
f 12435 12434 12436
f 12437 12438 12439
f 12440 12441 12442
f 12443 12444 12445
f 12446 12447 12448
f 12449 12450 12451
f 12452 12453 12454
f 12455 12456 12457
f 12458 12459 12460
f 12432 12461 12430
f 12462 12463 12464
f 12462 12464 12465
f 12466 12467 12468
f 12466 12468 12469
f 12470 12471 12472
f 12470 12472 12473
f 12474 12475 12476
f 12477 12478 12479
f 12480 12481 12482
f 12483 12484 12485
f 12486 12487 12488
f 12489 12490 12491
f 12492 12493 12494
f 12495 12496 12497
f 12498 12499 12500
f 12501 12502 12503
f 12504 12505 12506
f 12507 12508 12509
f 12510 12511 12512
f 12513 12514 12515
f 12516 12517 12518
f 12518 12517 12519
f 12520 12521 12522
f 12523 12524 12525
f 12523 12525 12526
f 12527 12528 12529
f 12527 12529 12530
f 12531 12532 12533
f 12534 12535 12536
f 12537 12538 12539
f 12540 12541 12542
f 12542 12541 12543
f 12544 12545 12546
f 12547 12548 12549
f 12550 12551 12552
f 12553 12554 12555
f 12556 12557 12558
f 12559 12560 12561
f 12562 12563 12564
f 12565 12566 12567
f 12568 12569 12570
f 12571 12572 12573
f 12574 12575 12576
f 12577 12578 12579
f 12580 12581 12582
f 12583 12584 12585
f 12586 12587 12588
f 12589 12590 12591
f 12592 12593 12594
f 12595 12596 12597
f 12595 12597 12598
f 12599 12600 12601
f 12599 12601 12602
f 12603 12604 12605
f 12603 12605 12606
f 12607 12608 12609
f 12607 12609 12610
f 12611 12612 12613
f 12614 12615 12616
f 12617 12618 12619
f 12619 12618 12620
f 12621 12622 12623
f 12624 12625 12626
f 12627 12628 12629
f 12630 12631 12632
f 12630 12632 12633
f 12634 12635 12636
f 12637 12638 12639
f 12637 12639 12640
f 12641 12642 12643
f 12641 12643 12644
f 12645 12646 12647
f 12645 12647 12648
f 12649 12650 12651
f 12649 12651 12652
f 12653 12654 12655
f 12656 12657 12658
f 12659 12660 12661
f 12662 12663 12664
f 12665 12666 12667
f 12668 12669 12670
f 12671 12672 12673
f 12674 12675 12676
f 12677 12678 12679
f 12680 12681 12682
f 12683 12684 12685
f 12686 12687 12688
f 12689 12690 12691
f 12692 12693 12694
f 12695 12696 12697
f 12698 12699 12700
f 12701 12702 12703
f 12704 12705 12706
f 12707 12708 12709
f 12709 12708 12710
f 12711 12712 12713
f 12714 12715 12716
f 12717 12718 12719
f 12719 12718 12720
f 12721 12722 12723
f 12723 12722 12724
f 12725 12726 12727
f 12728 12729 12730
f 12731 12732 12733
f 12734 12735 12736
f 12737 12738 12739
f 12740 12741 12742
f 12743 12744 12745
f 12746 12747 12748
f 12749 12750 12751
f 12752 12753 12754
f 12755 12756 12757
f 12758 12759 12760
f 12761 12762 12763
f 12764 12765 12766
f 12767 12768 12769
f 12770 12771 12772
f 12773 12774 12775
f 12776 12777 12778
f 12779 12780 12781
f 12782 12783 12784
f 12782 12784 12785
f 12786 12787 12788
f 12786 12788 12789
f 12790 12791 12792
f 12793 12794 12795
f 12795 12794 12796
f 12797 12798 12799
f 12800 12801 12802
f 12802 12801 12803
f 12804 12805 12806
f 12807 12808 12809
f 12810 12811 12812
f 12813 12814 12815
f 12816 12817 12818
f 12819 12820 12821
f 12822 12823 12824
f 12825 12826 12827
f 12828 12829 12830
f 12831 12832 12833
f 12834 12835 12836
f 12837 12838 12839
f 12840 12841 12842
f 12842 12841 12843
f 12844 12845 12846
f 12847 12848 12849
f 12850 12851 12852
f 12853 12854 12855
f 12856 12857 12858
f 12859 12860 12861
f 12859 12861 12862
f 12863 12864 12865
f 12863 12865 12866
f 12867 12868 12869
f 12867 12869 12870
f 12871 12872 12873
f 12871 12873 12874
f 12875 12876 12877
f 12878 12879 12880
f 12881 12882 12883
f 12884 12885 12886
f 12887 12888 12889
f 12890 12891 12892
f 12892 12891 12893
f 12894 12895 12896
f 12897 12898 12899
f 12900 12901 12902
f 12903 12904 12905
f 12906 12907 12908
f 12906 12908 12909
f 12910 12911 12912
f 12910 12912 12913
f 12914 12915 12916
f 12914 12916 12917
f 12918 12919 12920
f 12918 12920 12921
f 12922 12923 12924
f 12925 12926 12927
f 12928 12929 12930
f 12931 12932 12933
f 12934 12935 12936
f 12937 12938 12939
f 12940 12941 12942
f 12943 12944 12945
f 12946 12947 12948
f 12949 12950 12951
f 12952 12953 12954
f 12951 12955 12956
f 12957 12958 12959
f 12960 12961 12962
f 12963 12964 12965
f 12966 12967 12968
f 12965 12969 12970
f 12971 12972 12973
f 12974 12975 12976
f 12977 12978 12979
f 12980 12981 12982
f 12983 12984 12985
f 12986 12987 12988
f 12989 12990 12991
f 12992 12993 12994
f 12995 12996 12997
f 12998 12999 13000
f 13001 13002 13003
f 13004 13005 13006
f 13007 12976 12975
f 13008 13009 13010
f 13011 13012 13013
f 13014 13015 13016
f 13016 13015 13017
f 13018 13019 13020
f 13021 13022 13023
f 13024 13025 13026
f 13027 13028 13029
f 13030 13031 13032
f 13033 13034 13035
f 13036 13037 13038
f 13039 13040 13041
f 13013 13042 13011
f 13043 13044 13045
f 13043 13045 13046
f 13047 13048 13049
f 13047 13049 13050
f 13051 13052 13053
f 13051 13053 13054
f 13055 13056 13057
f 13058 13059 13060
f 13061 13062 13063
f 13064 13065 13066
f 13067 13068 13069
f 13070 13071 13072
f 13073 13074 13075
f 13076 13077 13078
f 13079 13080 13081
f 13082 13083 13084
f 13085 13086 13087
f 13088 13089 13090
f 13091 13092 13093
f 13094 13095 13096
f 13097 13098 13099
f 13100 13101 13102
f 13102 13101 13103
f 13104 13105 13106
f 13106 13105 13107
f 13108 13109 13110
f 13110 13109 13111
f 13112 13113 13114
f 13114 13113 13115
f 13116 13117 13118
f 13118 13117 13119
f 13120 13121 13122
f 13122 13121 13123
f 13124 13125 13126
f 13126 13125 13127
f 13128 13129 13130
f 13130 13129 13131
f 13132 13133 13134
f 13134 13133 13135
f 13134 13135 13136
f 13136 13137 13134
f 13134 13137 13138
f 13134 13138 13139
f 13140 13141 13142
f 13142 13141 13143
f 13144 13145 13146
f 13147 13148 13149
f 13150 13144 13146
f 13151 13152 13153
f 13153 13152 13154
f 13155 13156 13157
f 13155 13157 13158
f 13159 13160 13157
f 13157 13160 13161
f 13157 13161 13158
f 13162 13163 13164
f 13164 13163 13165
f 13166 13167 13168
f 13168 13167 13169
f 13170 13171 13172
f 13172 13171 13173
f 13174 13175 13176
f 13176 13177 13174
f 13174 13177 13178
f 13174 13178 13179
f 13179 13178 13180
f 13179 13180 13181
f 13181 13180 13182
f 13183 13184 13185
f 13185 13184 13186
f 13187 13188 13189
f 13189 13188 13190
f 13191 13192 13193
f 13193 13192 13194
f 13195 13196 13197
f 13197 13196 13198
f 13199 13200 13201
f 13201 13200 13202
f 13203 13204 13205
f 13205 13204 13206
f 13207 13208 13209
f 13209 13208 13210
f 13211 13212 13213
f 13211 13213 13214
f 13214 13213 13215
f 13215 13213 13216
f 13215 13216 13217
f 13217 13216 13218
f 13217 13218 13219
f 13220 13221 13222
f 13222 13221 13223
f 13224 13225 13226
f 13226 13225 13227
f 13228 13229 13230
f 13230 13229 13231
f 13232 13233 13234
f 13234 13233 13235
f 13232 13236 13233
f 13233 13236 13237
f 13233 13237 13238
f 13239 13240 13241
f 13242 13243 13244
f 13245 13246 13247
f 13247 13246 13248
f 13243 13249 13244
f 13250 13251 13252
f 13253 13254 13255
f 13256 13257 13258
f 13259 13260 13261
f 13262 13263 13264
f 13265 13266 13267
f 13268 13269 13270
f 13271 13272 13273
f 13274 13275 13276
f 13277 13278 13279
f 13280 13281 13282
f 13283 13284 13285
f 13286 13287 13288
f 13289 13290 13291
f 13292 13293 13294
f 13295 13296 13297
f 13298 13299 13300
f 13301 13302 13303
f 13303 13302 13304
f 13305 13306 13307
f 13308 13309 13310
f 13311 13312 13313
f 13314 13315 13316
f 13317 13318 13319
f 13320 13321 13322
f 13323 13324 13325
f 13326 13327 13328
f 13329 13330 13331
f 13332 13333 13334
f 13335 13336 13337
f 13338 13339 13340
f 13341 13342 13343
f 13344 13334 13333
f 13345 13346 13347
f 13348 13349 13350
f 13350 13349 13351
f 13349 13352 13351
f 13351 13352 13353
f 13351 13353 13354
f 13355 13356 13357
f 13357 13356 13358
f 13357 13358 13354
f 13354 13358 13359
f 13354 13359 13351
f 13360 13361 13362
f 13362 13361 13363
f 13364 13365 13366
f 13366 13365 13367
f 13368 13369 13370
f 13368 13370 13371
f 13372 13373 13374
f 13372 13374 13375
f 13376 13377 13378
f 13376 13378 13379
f 13380 13381 13382
f 13380 13382 13383
f 13384 13385 13386
f 13384 13386 13387
f 13388 13389 13390
f 13388 13390 13391
f 13392 13393 13394
f 13392 13394 13395
f 13396 13397 13398
f 13396 13398 13399
f 13400 13401 13402
f 13400 13402 13403
f 13404 13405 13406
f 13404 13406 13407
f 13408 13409 13410
f 13408 13410 13411
f 13412 13413 13414
f 13412 13414 13415
f 13416 13417 13418
f 13416 13418 13419
f 13420 13421 13422
f 13420 13422 13423
f 13424 13425 13426
f 13427 13428 13429
f 13430 13431 13432
f 13433 13434 13435
f 13436 13437 13438
f 13439 13440 13441
f 13442 13443 13444
f 13445 13446 13447
f 13448 13449 13450
f 13451 13452 13453
f 13454 13455 13456
f 13457 13458 13459
f 13460 13461 13462
f 13463 13464 13465
f 13466 13467 13468
f 13469 13470 13471
f 13472 13473 13474
f 13475 13476 13477
f 13478 13479 13480
f 13481 13482 13483
f 13484 13485 13486
f 13487 13488 13489
f 13490 13491 13492
f 13493 13494 13495
f 13496 13497 13498
f 13499 13500 13501
f 13502 13503 13504
f 13505 13506 13507
f 13508 13509 13510
f 13511 13512 13513
f 13514 13515 13516
f 13517 13518 13519
f 13520 13521 13522
f 13523 13524 13525
f 13526 13527 13528
f 13529 13530 13531
f 13532 13533 13534
f 13535 13536 13537
f 13538 13539 13540
f 13541 13542 13543
f 13544 13513 13512
f 13545 13546 13547
f 13548 13549 13550
f 13551 13552 13553
f 13553 13552 13554
f 13555 13556 13557
f 13558 13559 13560
f 13561 13562 13563
f 13564 13565 13566
f 13567 13568 13569
f 13570 13571 13572
f 13573 13574 13575
f 13576 13577 13578
f 13550 13579 13548
f 13580 13581 13582
f 13580 13582 13583
f 13584 13585 13586
f 13584 13586 13587
f 13588 13589 13590
f 13588 13590 13591
f 13592 13593 13594
f 13595 13596 13597
f 13598 13599 13600
f 13601 13602 13603
f 13604 13605 13606
f 13607 13608 13609
f 13610 13611 13612
f 13613 13614 13615
f 13616 13617 13618
f 13619 13620 13621
f 13622 13623 13624
f 13625 13626 13627
f 13628 13629 13630
f 13631 13632 13633
f 13634 13635 13636
f 13637 13638 13639
f 13640 13641 13642
f 13643 13644 13645
f 13646 13647 13648
f 13649 13650 13651
f 13652 13653 13654
f 13655 13656 13657
f 13658 13659 13660
f 13661 13662 13663
f 13664 13665 13666
f 13667 13668 13669
f 13670 13671 13672
f 13673 13674 13675
f 13675 13674 13676
f 13677 13678 13679
f 13680 13681 13682
f 13683 13684 13685
f 13686 13687 13688
f 13689 13690 13691
f 13692 13693 13694
f 13695 13696 13697
f 13698 13699 13700
f 13701 13702 13703
f 13704 13705 13706
f 13706 13705 13707
f 13708 13709 13710
f 13711 13712 13713
f 13714 13715 13716
f 13717 13718 13719
f 13717 13719 13720
f 13721 13722 13723
f 13721 13723 13724
f 13725 13726 13727
f 13725 13727 13728
f 13729 13730 13731
f 13729 13731 13732
f 13733 13628 13630
f 13709 13734 13710
f 13735 13736 13737
f 13737 13736 13738
f 13739 13740 13741
f 13742 13743 13744
f 13745 13746 13747
f 13748 13749 13750
f 13751 13752 13753
f 13754 13755 13756
f 13757 13758 13759
f 13757 13759 13760
f 13761 13762 13763
f 13761 13763 13764
f 13765 13766 13767
f 13765 13767 13768
f 13769 13770 13771
f 13769 13771 13772
f 13773 13746 13745
f 13774 13775 13776
f 13777 13778 13779
f 13780 13781 13782
f 13783 13784 13785
f 13786 13787 13788
f 13789 13790 13791
f 13792 13793 13794
f 13795 13796 13797
f 13798 13799 13800
f 13801 13802 13803
f 13804 13805 13806
f 13806 13805 13807
f 13808 13809 13810
f 13811 13812 13813
f 13814 13815 13816
f 13817 13818 13819
f 13819 13818 13820
f 13821 13822 13823
f 13824 13825 13826
f 13826 13825 13827
f 13828 13829 13830
f 13831 13832 13833
f 13834 13835 13836
f 13837 13838 13839
f 13840 13841 13842
f 13843 13844 13845
f 13846 13847 13848
f 13849 13850 13851
f 13852 13853 13854
f 13855 13856 13857
f 13858 13859 13860
f 13861 13862 13863
f 13861 13863 13864
f 13865 13866 13867
f 13865 13867 13868
f 13869 13870 13871
f 13872 13873 13874
f 13875 13876 13877
f 13878 13879 13880
f 13881 13882 13883
f 13884 13885 13886
f 13886 13885 13887
f 13888 13889 13890
f 13891 13892 13893
f 13894 13895 13896
f 13897 13898 13899
f 13900 13901 13902
f 13903 13904 13905
f 13906 13907 13908
f 13909 13910 13911
f 13906 13908 13912
f 13913 13914 13915
f 13913 13915 13916
f 13917 13918 13919
f 13920 13921 13922
f 13923 13924 13925
f 13926 13927 13928
f 13929 13930 13931
f 13932 13933 13934
f 13935 13936 13937
f 13938 13939 13940
f 13941 13942 13943
f 13944 13945 13946
f 13946 13945 13947
f 13874 13948 13872
f 13949 13950 13951
f 13952 13953 13954
f 13955 13956 13957
f 13958 13959 13960
f 13961 13962 13963
f 13964 13965 13966
f 13966 13965 13967
f 13968 13969 13970
f 13971 13972 13973
f 13974 13975 13976
f 13976 13975 13977
f 13978 13979 13980
f 13981 13982 13983
f 13984 13985 13986
f 13984 13986 13987
f 13988 13989 13990
f 13988 13990 13991
f 13992 13993 13994
f 13995 13996 13997
f 13998 13999 14000
f 14001 14002 14003
f 14004 14005 14006
f 14007 14008 14009
f 14010 14011 14012
f 14013 14014 14015
f 14016 14017 14018
f 14019 14020 14021
f 14022 14023 14024
f 14025 14026 14027
f 14028 14029 14030
f 14031 14032 14033
f 14034 14035 14036
f 14037 14038 14039
f 14040 14041 14042
f 14043 14044 14045
f 14046 14047 14048
f 14049 14050 14051
f 14052 14053 14054
f 14055 14056 14057
f 14058 14059 14060
f 14061 14062 14063
f 14064 14065 14066
f 14067 14068 14069
f 14070 14071 14072
f 14073 14042 14041
f 14074 14075 14076
f 14077 14078 14079
f 14080 14081 14082
f 14082 14081 14083
f 14084 14085 14086
f 14087 14088 14089
f 14090 14091 14092
f 14093 14094 14095
f 14096 14097 14098
f 14099 14100 14101
f 14102 14103 14104
f 14105 14106 14107
f 14079 14108 14077
f 14109 14110 14111
f 14109 14111 14112
f 14113 14114 14115
f 14113 14115 14116
f 14117 14118 14119
f 14117 14119 14120
f 14121 14122 14123
f 14123 14124 14121
f 14125 14126 14127
f 14125 14127 14128
f 14129 14130 14131
f 14129 14131 14132
f 14133 14134 14135
f 14133 14135 14136
f 14137 14138 14139
f 14140 14141 14142
f 14143 14144 14145
f 14146 14147 14148
f 14149 14150 14151
f 14152 14153 14154
f 14155 14156 14157
f 14157 14156 14158
f 14159 14160 14161
f 14162 14163 14164
f 14165 14166 14167
f 14168 14169 14170
f 14171 14172 14173
f 14174 14175 14176
f 14177 14178 14179
f 14180 14181 14182
f 14183 14184 14185
f 14186 14187 14188
f 14189 14190 14191
f 14192 14193 14194
f 14195 14196 14197
f 14198 14199 14200
f 14201 14202 14203
f 14204 14205 14206
f 14207 14208 14209
f 14210 14211 14212
f 14213 14214 14215
f 14216 14217 14218
f 14219 14220 14221
f 14222 14223 14224
f 14225 14226 14227
f 14228 14229 14230
f 14231 14232 14233
f 14234 14235 14236
f 14237 14238 14239
f 14240 14241 14242
f 14243 14244 14245
f 14246 14247 14248
f 14249 14250 14251
f 14252 14253 14254
f 14255 14256 14257
f 14258 14259 14260
f 14261 14262 14263
f 14264 14265 14266
f 14267 14268 14269
f 14270 14271 14272
f 14273 14274 14275
f 14276 14277 14278
f 14279 14280 14281
f 14282 14283 14284
f 14285 14286 14287
f 14288 14289 14290
f 14291 14292 14293
f 14294 14295 14296
f 14297 14298 14299
f 14300 14301 14302
f 14303 14304 14305
f 14306 14307 14308
f 14309 14310 14311
f 14312 14313 14314
f 14315 14316 14317
f 14318 14319 14320
f 14321 14322 14323
f 14323 14324 14321
f 14321 14324 14325
f 14321 14325 14326
f 14327 14328 14329
f 14330 14331 14332
f 14333 14334 14335
f 14335 14334 14336
f 14331 14337 14332
f 14338 14339 14340
f 14341 14342 14343
f 14344 14338 14340
f 14345 14346 14347
f 14347 14346 14348
f 14349 14350 14351
f 14351 14350 14352
f 14353 14354 14355
f 14355 14354 14350
f 14355 14350 14356
f 14356 14350 14349
f 14357 14358 14359
f 14359 14358 14360
f 14361 14362 14363
f 14363 14362 14364
f 14365 14366 14367
f 14367 14366 14368
f 14369 14370 14371
f 14371 14370 14372
f 14373 14374 14375
f 14375 14374 14376
f 14377 14378 14379
f 14379 14378 14380
f 14381 14382 14383
f 14383 14382 14384
f 14385 14386 14387
f 14387 14386 14388
f 14389 14390 14391
f 14391 14390 14392
f 14393 14394 14395
f 14395 14394 14396
f 14397 14398 14399
f 14400 14401 14402
f 14403 14404 14405
f 14406 14407 14408
f 14409 14410 14411
f 14412 14413 14414
f 14415 14416 14417
f 14418 14419 14420
f 14421 14422 14423
f 14424 14425 14426
f 14427 14428 14429
f 14430 14431 14432
f 14433 14434 14435
f 14436 14437 14438
f 14438 14437 14439
f 14440 14441 14442
f 14442 14441 14443
f 14444 14445 14446
f 14446 14445 14447
f 14448 14449 14450
f 14450 14449 14451
f 14452 14453 14454
f 14454 14453 14455
f 14456 14457 14458
f 14458 14457 14459
f 14458 14459 14460
f 14461 14462 14458
f 14458 14462 14463
f 14458 14463 14456
f 14464 14465 14466
f 14467 14468 14469
f 14470 14471 14472
f 14472 14471 14473
f 14468 14474 14469
f 14475 14476 14477
f 14478 14479 14480
f 14481 14475 14477
f 14482 14483 14484
f 14484 14483 14485
f 14486 14487 14488
f 14488 14489 14486
f 14486 14489 14490
f 14486 14490 14491
f 14492 14493 14494
f 14494 14493 14495
f 14496 14497 14498
f 14498 14497 14499
f 14500 14501 14502
f 14502 14501 14503
f 14504 14505 14506
f 14506 14507 14504
f 14504 14507 14508
f 14504 14508 14509
f 14510 14511 14512
f 14513 14514 14515
f 14516 14517 14518
f 14518 14517 14519
f 14514 14520 14515
f 14521 14522 14523
f 14523 14522 14524
f 14525 14526 14527
f 14527 14526 14528
f 14529 14530 14531
f 14532 14533 14534
f 14535 14536 14537
f 14538 14539 14540
f 14541 14542 14543
f 14544 14545 14546
f 14547 14548 14549
f 14550 14551 14552
f 14553 14554 14555
f 14555 14554 14556
f 14557 14558 14559
f 14560 14561 14562
f 14563 14564 14565
f 14566 14567 14568
f 14569 14570 14571
f 14571 14570 14572
f 14573 14574 14575
f 14575 14574 14570
f 14575 14570 14576
f 14576 14570 14569
f 14577 14578 14579
f 14579 14578 14580
f 14581 14582 14583
f 14583 14582 14584
f 14585 14586 14587
f 14587 14586 14588
f 14589 14590 14591
f 14591 14590 14592
f 14593 14594 14595
f 14595 14594 14596
f 14597 14598 14599
f 14599 14598 14600
f 14601 14602 14603
f 14604 14605 14606
f 14606 14605 14602
f 14606 14602 14607
f 14607 14602 14601
f 14608 14609 14610
f 14610 14609 14611
f 14610 14611 14603
f 14603 14611 14612
f 14603 14612 14601
f 14613 14614 14615
f 14615 14614 14616
f 14617 14618 14619
f 14620 14621 14618
f 14618 14621 14622
f 14618 14622 14619
f 14623 14624 14625
f 14625 14624 14617
f 14625 14617 14626
f 14626 14617 14619
f 14627 14628 14629
f 14629 14628 14621
f 14629 14621 14630
f 14630 14621 14620
f 14631 14632 14633
f 14634 14635 14632
f 14632 14635 14636
f 14632 14636 14633
f 14637 14638 14639
f 14639 14638 14631
f 14639 14631 14640
f 14640 14631 14633
f 14641 14642 14643
f 14643 14642 14635
f 14643 14635 14644
f 14644 14635 14634
f 14645 14646 14647
f 14647 14646 14648
f 14649 14650 14651
f 14652 14653 14654
f 14654 14653 14655
f 14654 14655 14656
f 14657 14658 14659
f 14655 14660 14656
f 14656 14660 14661
f 14656 14661 14662
f 14663 14664 14665
f 14666 14667 14668
f 14668 14667 14669
f 14668 14669 14670
f 14671 14672 14673
f 14673 14672 14662
f 14673 14662 14674
f 14674 14662 14661
f 14652 14663 14653
f 14653 14663 14665
f 14653 14665 14675
f 14675 14665 14676
f 14675 14676 14677
f 14677 14676 14678
f 14677 14678 14679
f 14679 14678 14680
f 14679 14680 14681
f 14681 14680 14648
f 14681 14648 14682
f 14682 14648 14646
f 14683 14684 14685
f 14685 14684 14686
f 14685 14686 14651
f 14651 14686 14687
f 14651 14687 14649
f 14649 14688 14650
f 14650 14688 14689
f 14650 14689 14690
f 14690 14689 14658
f 14690 14658 14663
f 14663 14658 14657
f 14663 14657 14664
f 14691 14692 14693
f 14693 14692 14694
f 14693 14694 14659
f 14659 14694 14695
f 14659 14695 14657
f 14649 14696 14688
f 14688 14696 14697
f 14688 14697 14698
f 14666 14699 14667
f 14667 14699 14700
f 14667 14700 14701
f 14701 14700 14698
f 14701 14698 14702
f 14702 14698 14697
f 14703 14704 14705
f 14706 14707 14708
f 14708 14709 14710
f 14710 14709 14711
f 14710 14711 14712
f 14713 14714 14708
f 14708 14714 14715
f 14708 14715 14706
f 14716 14717 14718
f 14718 14717 14719
f 14718 14719 14720
f 14720 14719 14721
f 14720 14721 14722
f 14712 14723 14710
f 14710 14723 14724
f 14710 14724 14716
f 14716 14724 14725
f 14716 14725 14717
f 14703 14705 14726
f 14726 14705 14727
f 14726 14727 14710
f 14710 14727 14728
f 14710 14728 14708
f 14708 14728 14729
f 14708 14729 14713
f 14730 14731 14732
f 14733 14734 14735
f 14736 14737 14738
f 14738 14737 14739
f 14740 14741 14742
f 14743 14744 14745
f 14746 14747 14748
f 14749 14750 14751
f 14751 14750 14752
f 14747 14753 14748
f 14754 14755 14756
f 14756 14755 14757
f 14758 14759 14760
f 14760 14759 14761
f 14762 14763 14764
f 14765 14763 14766
f 14766 14763 14767
f 14768 14769 14767
f 14769 14770 14767
f 14767 14770 14771
f 14767 14771 14772
f 14765 14773 14763
f 14763 14773 14774
f 14763 14774 14775
f 14762 14764 14776
f 14776 14764 14777
f 14776 14777 14778
f 14774 14779 14775
f 14775 14779 14780
f 14775 14780 14781
f 14781 14780 14782
f 14781 14782 14783
f 14783 14782 14784
f 14783 14784 14785
f 14762 14786 14763
f 14763 14786 14787
f 14763 14787 14767
f 14767 14787 14788
f 14767 14788 14768
f 14789 14790 14791
f 14792 14793 14794
f 14795 14789 14791
f 14796 14797 14798
f 14798 14797 14799
f 14800 14801 14802
f 14803 14804 14805
f 14805 14804 14806
f 14807 14808 14809
f 14809 14808 14810
f 14811 14812 14813
f 14813 14812 14814
f 14815 14816 14817
f 14817 14816 14818
f 14819 14820 14821
f 14821 14820 14822
f 14823 14824 14825
f 14825 14824 14826
f 14827 14828 14829
f 14829 14828 14830
f 14831 14832 14833
f 14833 14832 14834
f 14835 14836 14837
f 14837 14836 14838
f 14839 14840 14841
f 14841 14840 14842
f 14843 14844 14845
f 14845 14844 14846
f 14847 14848 14849
f 14849 14848 14850
f 14851 14852 14853
f 14853 14852 14854
f 14855 14856 14857
f 14857 14856 14858
f 14859 14860 14861
f 14862 14863 14864
f 14865 14866 14867
f 10274 10273 14868
f 14868 10273 14869
f 14870 14871 14872
f 14873 14874 14875
f 14875 14874 14876
f 14877 14878 14879
f 14879 14878 14880
f 14881 14882 14883
f 14884 14885 14886
f 14886 14885 14887
f 14888 14889 3221
f 3221 14889 3222
f 14890 14891 14892
f 14893 14894 14895
f 14896 14890 14892
f 14897 14898 14899
f 14899 14898 14900
f 14901 14902 14903
f 14903 14902 14904
f 14905 14906 14907
f 14907 14906 14908
f 14909 14910 14911
f 14911 14910 14912
f 14913 14914 14915
f 14915 14914 14916
f 14917 14918 14919
f 14920 14921 14922
f 14922 14921 14923
f 14919 14924 14917
f 14917 14924 14925
f 14917 14925 14926
f 14926 14925 14922
f 14926 14922 14927
f 14927 14922 14923
f 14927 14923 14928
f 14928 14923 14929
f 14928 14929 14930
f 14930 14929 14931
f 14930 14931 14932
f 14932 14931 14933
f 14932 14933 14934
f 14934 14933 14935
f 14934 14935 14936
f 14936 14935 14937
f 14936 14937 14938
f 14938 14937 14939
f 14938 14939 14940
f 14918 14941 14919
f 14919 14941 14942
f 14919 14942 14943
f 14943 14942 14944
f 14943 14944 14945
f 14939 14946 14940
f 14940 14946 14947
f 14940 14947 14948
f 14948 14947 14949
f 14948 14949 14950
f 14950 14949 14951
f 14950 14951 14952
f 14952 14951 14953
f 14952 14953 14954
f 14954 14953 14941
f 14954 14941 14955
f 14955 14941 14918
f 14956 14957 14958
f 14959 14960 14961
f 14958 14957 14962
f 14959 14961 14963
f 14963 14961 14964
f 14963 14964 14965
f 14966 14967 14968
f 14968 14967 14962
f 14968 14962 14969
f 14969 14962 14957
f 14969 14957 14970
f 14970 14957 14971
f 14970 14971 14972
f 14972 14971 14973
f 14972 14973 14961
f 14961 14973 14974
f 14961 14974 14964
f 14965 14964 14975
f 14975 14964 14976
f 14975 14976 14977
f 14977 14976 14978
f 14977 14978 14979
f 14979 14978 14980
f 14979 14980 14981
f 14981 14980 14982
f 14981 14982 14983
f 14983 14982 14984
f 14983 14984 14985
f 14985 14984 14986
f 14985 14986 14987
f 14987 14986 14988
f 14987 14988 14989
f 14989 14988 14990
f 14989 14990 14991
f 14991 14990 14992
f 14991 14992 14958
f 14958 14992 14993
f 14958 14993 14956
f 14994 14995 14996
f 14997 14998 14999
f 14999 14998 15000
f 14995 15001 14996
f 14996 15001 15002
f 14996 15002 15003
f 15003 15002 15004
f 15003 15004 15005
f 14996 15006 14994
f 14994 15006 15007
f 14994 15007 15008
f 15008 15007 14999
f 15008 14999 15009
f 15009 14999 15000
f 15009 15000 15010
f 15010 15000 15011
f 15010 15011 15012
f 15012 15011 15013
f 15012 15013 15014
f 15014 15013 15015
f 15014 15015 15016
f 15016 15015 15017
f 15016 15017 15018
f 15018 15017 15019
f 15018 15019 15020
f 15020 15019 15021
f 15020 15021 15022
f 15022 15021 15023
f 15022 15023 15024
f 15024 15023 15025
f 15024 15025 15026
f 15026 15025 15027
f 15026 15027 15028
f 15028 15027 15029
f 15028 15029 15030
f 15030 15029 15001
f 15030 15001 15031
f 15031 15001 14995
f 15032 15033 15034
f 15035 15036 15037
f 15034 15033 15038
f 15039 15040 15041
f 15037 15036 15042
f 15042 15036 15043
f 15042 15043 15044
f 15044 15043 15045
f 15044 15045 15034
f 15034 15045 15046
f 15034 15046 15032
f 15047 15048 15049
f 15049 15048 15038
f 15049 15038 15050
f 15050 15038 15033
f 15050 15033 15051
f 15051 15033 15052
f 15051 15052 15053
f 15053 15052 15054
f 15053 15054 15041
f 15041 15054 15055
f 15055 15056 15041
f 15041 15056 15057
f 15041 15057 15039
f 15037 15058 15035
f 15035 15058 15059
f 15035 15059 15060
f 15060 15059 15061
f 15060 15061 15062
f 15062 15061 15063
f 15062 15063 15064
f 15064 15063 15065
f 15064 15065 15066
f 15066 15065 15067
f 15066 15067 15068
f 15068 15067 15069
f 15068 15069 15056
f 15056 15069 15070
f 15056 15070 15057
f 15071 15072 15073
f 15073 15072 15074
f 15073 15074 15075
f 15075 15074 15076
f 15075 15076 15077
f 15077 15076 15078
f 15079 15080 15081
f 15082 15083 15084
f 15084 15083 15085
f 15084 15085 15086
f 15082 15084 15087
f 15087 15084 15088
f 15087 15088 15081
f 15078 15076 15089
f 15089 15076 15090
f 15089 15090 15091
f 15092 15093 15094
f 15094 15093 15095
f 15094 15095 15096
f 15088 15092 15081
f 15081 15092 15094
f 15081 15094 15079
f 15079 15094 15097
f 15079 15097 15098
f 15098 15097 15099
f 15098 15099 15100
f 15100 15099 15101
f 15100 15101 15102
f 15102 15101 15103
f 15102 15103 15104
f 15104 15103 15105
f 15104 15105 15106
f 15106 15105 15107
f 15106 15107 15108
f 15108 15107 15109
f 15108 15109 15110
f 15110 15109 15111
f 15110 15111 15112
f 15112 15111 15113
f 15112 15113 15114
f 15114 15113 15115
f 15114 15115 15116
f 15116 15115 15117
f 15116 15117 15118
f 15118 15117 15119
f 15118 15119 15120
f 15120 15119 15121
f 15120 15121 15122
f 15122 15121 15123
f 15122 15123 15124
f 15124 15123 15125
f 15124 15125 15126
f 15126 15125 15127
f 15126 15127 15128
f 15128 15127 15129
f 15128 15129 15130
f 15130 15129 15131
f 15130 15131 15132
f 15132 15131 15133
f 15132 15133 15134
f 15134 15133 15135
f 15134 15135 15136
f 15136 15135 15137
f 15136 15137 15138
f 15138 15137 15139
f 15138 15139 15140
f 15140 15139 15141
f 15140 15141 15142
f 15142 15141 15143
f 15142 15143 15144
f 15144 15143 15145
f 15144 15145 15146
f 15146 15145 15147
f 15146 15147 15148
f 15148 15147 15149
f 15148 15149 15150
f 15150 15149 15151
f 15150 15151 15152
f 15152 15151 15153
f 15152 15153 15154
f 15154 15153 15155
f 15154 15155 15156
f 15156 15155 15157
f 15156 15157 15158
f 15158 15157 15159
f 15158 15159 15160
f 15160 15159 15161
f 15160 15161 15162
f 15162 15161 15163
f 15162 15163 15164
f 15164 15163 15165
f 15164 15165 15166
f 15166 15165 15167
f 15166 15167 15168
f 15168 15167 15169
f 15168 15169 15170
f 15170 15169 15171
f 15170 15171 15172
f 15172 15171 15173
f 15172 15173 15174
f 15174 15173 15175
f 15174 15175 15176
f 15176 15175 15177
f 15176 15177 15178
f 15178 15177 15179
f 15178 15179 15180
f 15180 15179 15181
f 15180 15181 15182
f 15182 15181 15183
f 15182 15183 15184
f 15184 15183 15185
f 15184 15185 15186
f 15186 15185 15187
f 15186 15187 15188
f 15188 15187 15189
f 15188 15189 15091
f 15091 15189 15094
f 15091 15094 15089
f 15089 15094 15096
f 15190 15191 15192
f 15193 15194 15195
f 15196 15197 15198
f 15199 15200 15201
f 15202 15203 15204
f 15205 15206 15207
f 15208 15209 15210
f 15211 15212 15213
f 15214 15215 15216
f 15217 15218 15219
f 15220 15221 15222
f 15223 15224 15225
f 15226 15227 15228
f 15229 15230 15231
f 15232 15233 15234
f 15235 15236 15237
f 15238 15239 15240
f 15241 15242 15243
f 15244 15245 15246
f 15247 15248 15249
f 15250 15251 15252
f 15253 15254 15255
f 15256 15257 15258
f 15259 15260 15261
f 15262 15263 15264
f 15265 15266 15267
f 15268 15269 15270
f 15271 15272 15273
f 15274 15275 15276
f 15277 15278 15279
f 15280 15281 15282
f 15283 15284 15285
f 15286 15287 15288
f 15289 15290 15291
f 15292 15293 15294
f 15295 15296 15297
f 15298 15299 15300
f 15301 15302 15303
f 15303 15302 15304
f 15305 15306 15307
f 15307 15306 15308
f 15309 15310 15311
f 15312 15313 15314
f 15315 15316 15317
f 15318 15319 15320
f 15318 15320 15321
f 15322 15323 15324
f 15325 15326 15327
f 15328 15329 15330
f 15331 15332 15333
f 15334 15335 15336
f 15336 15335 15337
f 15338 15339 15340
f 15341 15342 15343
f 15344 15345 15346
f 15347 15348 15349
f 15350 15351 15352
f 15353 15354 15355
f 15356 15357 15358
f 15359 15360 15361
f 15362 15363 15364
f 15365 15366 15367
f 15368 15369 15370
f 15371 15372 15373
f 15374 15375 15376
f 15377 15378 15379
f 15380 15381 15382
f 15383 15384 15385
f 15385 15384 15386
f 15387 15388 15389
f 15389 15388 15390
f 15391 15392 15393
f 15394 15395 15396
f 15397 15398 15399
f 15400 15401 15402
f 15403 15404 15405
f 15406 15407 15408
f 15409 15410 15411
f 15412 15413 15414
f 15415 15416 15417
f 15418 15419 15420
f 15421 15422 15423
f 15424 15425 15426
f 15427 15428 15429
f 15430 15431 15432
f 15433 15434 15435
f 15433 15435 15436
f 15437 15438 15439
f 15440 15441 15442
f 15443 15444 15445
f 15445 15444 15446
f 15447 15448 15449
f 15450 15451 15452
f 15453 15454 15455
f 15456 15457 15458
f 15459 15460 15461
f 15462 15463 15464
f 15465 15466 15467
f 15468 15469 15470
f 15471 15472 15473
f 15474 15475 15476
f 15477 15478 15479
f 15480 15481 15482
f 15483 15484 15485
f 15486 15487 15488
f 15489 15490 15491
f 15492 15493 15494
f 15495 15496 15497
f 15498 15499 15500
f 15501 15502 15503
f 15504 15505 15506
f 15507 15508 15509
f 15510 15511 15512
f 15513 15514 15515
f 15516 15517 15518
f 15519 15520 15521
f 15522 15523 15524
f 15525 15526 15527
f 15528 15529 15530
f 15531 15532 15533
f 15534 15535 15536
f 15537 15538 15539
f 15540 15541 15542
f 15543 15544 15545
f 15546 15547 15548
f 15549 15550 15551
f 15552 15553 15554
f 15555 15556 15557
f 15558 15559 15560
f 15558 15560 15561
f 15562 15563 15564
f 15565 15566 15567
f 15568 15569 15570
f 15571 15572 15573
f 15574 15575 15576
f 15577 15578 15579
f 15579 15578 15580
f 15581 15582 15583
f 15583 15582 15584
f 15585 15586 15587
f 15587 15586 15588
f 15589 15590 15591
f 15592 15593 15594
f 15595 15596 15597
f 15598 15599 15600
f 15601 15602 15603
f 15603 15602 15604
f 15605 15606 15607
f 15608 15609 15610
f 15611 15612 15613
f 15613 15612 15614
f 15608 15610 15615
f 15616 15617 15618
f 15619 15620 15621
f 15622 15623 15624
f 15625 15626 15627
f 15628 15629 15630
f 15631 15632 15633
f 15634 15635 15636
f 15637 15638 15639
f 15640 15641 15642
f 15607 15643 15605
f 15644 15645 15646
f 15647 15648 15649
f 15650 15651 15652
f 15653 15654 15655
f 15653 15655 15656
f 15657 15658 15659
f 15660 15661 15662
f 15663 15664 15665
f 15665 15664 15666
f 15667 15668 15669
f 15669 15668 15670
f 15671 15672 15673
f 15674 15675 15676
f 15677 15678 15679
f 15680 15681 15682
f 15683 15684 15685
f 15686 15687 15688
f 15689 15690 15691
f 15692 15693 15694
f 15659 15695 15657
f 15696 15697 15698
f 15699 15700 15701
f 15702 15703 15704
f 15705 15706 15707
f 15705 15707 15708
f 15709 15710 15711
f 15712 15713 15714
f 15714 15713 15715
f 15716 15717 15718
f 15718 15717 15719
f 15720 15721 15722
f 15723 15724 15725
f 15726 15727 15728
f 15729 15730 15731
f 15732 15733 15734
f 15735 15736 15737
f 15738 15739 15740
f 15741 15742 15743
f 15744 15745 15746
f 15747 15748 15749
f 15750 15751 15752
f 15753 15754 15755
f 15756 15757 15758
f 15759 15760 15761
f 15762 15763 15764
f 15764 15763 15765
f 15766 15767 15768
f 15769 15770 15771
f 15772 15773 15774
f 15774 15773 15775
f 15769 15771 15776
f 15777 15778 15779
f 15780 15781 15782
f 15783 15784 15785
f 15786 15787 15788
f 15789 15790 15791
f 15792 15793 15794
f 15795 15796 15797
f 15798 15799 15800
f 15801 15802 15803
f 15768 15804 15766
f 15805 15806 15807
f 15808 15809 15810
f 15811 15812 15813
f 15814 15815 15816
f 15814 15816 15817
f 15818 15819 15820
f 15821 15822 15823
f 15824 15825 15826
f 15826 15825 15827
f 15821 15823 15828
f 15829 15830 15831
f 15832 15833 15834
f 15835 15836 15837
f 15838 15839 15840
f 15841 15842 15843
f 15844 15845 15846
f 15847 15848 15849
f 15850 15851 15852
f 15853 15854 15855
f 15820 15856 15818
f 15857 15858 15859
f 15860 15861 15862
f 15863 15864 15865
f 15866 15867 15868
f 15866 15868 15869
f 15870 15871 15872
f 15873 15874 15875
f 15876 15877 15878
f 15878 15877 15879
f 15873 15875 15880
f 15881 15882 15883
f 15884 15885 15886
f 15887 15888 15889
f 15890 15891 15892
f 15893 15894 15895
f 15896 15897 15898
f 15899 15900 15901
f 15902 15903 15904
f 15905 15906 15907
f 15872 15908 15870
f 15909 15910 15911
f 15912 15913 15914
f 15915 15916 15917
f 15918 15919 15920
f 15918 15920 15921
f 15922 15923 15924
f 15925 15926 15927
f 15927 15926 15928
f 15922 15924 15929
f 15930 15931 15932
f 15933 15934 15935
f 15936 15937 15938
f 15939 15940 15941
f 15942 15943 15944
f 15945 15946 15947
f 15948 15949 15950
f 15951 15952 15953
f 15954 15955 15956
f 15957 15958 15959
f 15960 15961 15962
f 15963 15964 15965
f 15966 15967 15968
f 15969 15970 15971
f 15972 15973 15974
f 15975 15976 15977
f 15975 15977 15978
f 15979 15980 15981
f 15982 15983 15984
f 15984 15983 15985
f 15986 15987 15988
f 15988 15987 15989
f 15990 15991 15992
f 15993 15994 15995
f 15996 15997 15998
f 15999 16000 16001
f 16002 16003 16004
f 16005 16006 16007
f 16008 16009 16010
f 16011 16012 16013
f 16014 16015 16016
f 16017 16018 16019
f 16020 16021 16022
f 16023 16024 16025
f 16026 16027 16028
f 16029 16030 16031
f 16032 16033 16034
f 16034 16033 16035
f 16036 16037 16038
f 16039 16040 16041
f 16042 16043 16044
f 16044 16043 16045
f 16046 16047 16048
f 16048 16047 16049
f 16050 16051 16052
f 16053 16054 16055
f 16056 16057 16058
f 16059 16060 16061
f 16062 16063 16064
f 16065 16066 16067
f 16068 16069 16070
f 16071 16072 16073
f 16038 16074 16036
f 16075 16076 16077
f 16078 16079 16080
f 16081 16082 16083
f 16084 16085 16086
f 16084 16086 16087
f 16088 16089 16090
f 16091 16092 16093
f 16094 16095 16096
f 16096 16095 16097
f 16091 16093 16098
f 16099 16100 16101
f 16102 16103 16104
f 16105 16106 16107
f 16108 16109 16110
f 16111 16112 16113
f 16114 16115 16116
f 16117 16118 16119
f 16120 16121 16122
f 16123 16124 16125
f 16090 16126 16088
f 16127 16128 16129
f 16130 16131 16132
f 16133 16134 16135
f 16136 16137 16138
f 16136 16138 16139
f 16140 16141 16142
f 16143 16144 16145
f 16146 16147 16148
f 16148 16147 16149
f 16143 16145 16150
f 16151 16152 16153
f 16154 16155 16156
f 16157 16158 16159
f 16160 16161 16162
f 16163 16164 16165
f 16166 16167 16168
f 16169 16170 16171
f 16172 16173 16174
f 16175 16176 16177
f 16142 16178 16140
f 16179 16180 16181
f 16182 16183 16184
f 16185 16186 16187
f 16188 16189 16190
f 16188 16190 16191
f 16192 16193 16194
f 16195 16196 16197
f 16198 16199 16200
f 16200 16199 16201
f 16195 16197 16202
f 16203 16204 16205
f 16206 16207 16208
f 16209 16210 16211
f 16212 16213 16214
f 16215 16216 16217
f 16218 16219 16220
f 16221 16222 16223
f 16224 16225 16226
f 16227 16228 16229
f 16194 16230 16192
f 16231 16232 16233
f 16234 16235 16236
f 16237 16238 16239
f 16240 16241 16242
f 16240 16242 16243
f 16244 16245 16246
f 16247 16248 16249
f 16250 16251 16252
f 16253 16254 16255
f 16256 16257 16258
f 16259 16260 16261
f 16262 16263 16264
f 16264 16263 16265
f 16266 16267 16268
f 16268 16267 16269
f 16270 16271 16272
f 16273 16274 16275
f 16276 16277 16278
f 16279 16280 16281
f 16282 16283 16284
f 16285 16286 16287
f 16288 16289 16290
f 16291 16292 16293
f 16294 16295 16296
f 16296 16295 16297
f 16298 16299 16300
f 16300 16299 16301
f 16302 16303 16304
f 16304 16303 16305
f 16306 16307 16308
f 16309 16310 16311
f 16312 16313 16314
f 16314 16313 16315
f 16316 16317 16318
f 16319 16320 16321
f 16322 16323 16324
f 16325 16326 16327
f 16328 16329 16330
f 16330 16329 16331
f 16332 16333 16334
f 16335 16336 16337
f 16338 16339 16340
f 16340 16339 16341
f 16342 16343 16344
f 16344 16343 16345
f 16346 16347 16348
f 16349 16350 16351
f 16352 16353 16354
f 16354 16353 16355
f 16356 16357 16358
f 16358 16357 16359
f 16360 16361 16362
f 16362 16361 16363
f 16364 16365 16366
f 16366 16365 16367
f 16368 16369 16370
f 16370 16369 16371
f 16372 16373 16374
f 16374 16373 16375
f 16376 16377 16378
f 16379 16380 16381
f 16382 16383 16384
f 16385 16386 16387
f 16388 16389 16390
f 16391 16392 16393
f 16394 16395 16396
f 16397 16398 16399
f 16400 16401 16402
f 16403 16404 16405
f 16406 16407 16408
f 16409 16410 16411
f 16409 16411 16412
f 16413 16414 16415
f 16416 16417 16418
f 16419 16420 16421
f 16422 16423 16424
f 16425 16426 16427
f 16428 16429 16430
f 16431 16432 16433
f 16434 16435 16436
f 16437 16438 16439
f 16440 16441 16442
f 16443 16444 16445
f 16446 16447 16448
f 16449 16450 16451
f 16452 16453 16454
f 16455 16456 16457
f 16455 16457 16458
f 16459 16460 16461
f 16462 16463 16464
f 16465 16466 16467
f 16468 16469 16470
f 16468 16470 16471
f 16472 16473 16474
f 16475 16476 16477
f 16478 16479 16480
f 16480 16479 16481
f 16482 16483 16484
f 16485 16486 16487
f 16488 16489 16490
f 16491 16492 16493
f 16494 16495 16496
f 16497 16498 16499
f 16500 16501 16502
f 16503 16504 16505
f 16506 16507 16508
f 16509 16510 16511
f 16512 16513 16514
f 16515 16516 16517
f 16518 16519 16520
f 16521 16522 16523
f 16524 16525 16526
f 16527 16528 16529
f 16530 16531 16532
f 16533 16534 16535
f 16536 16537 16538
f 16536 16538 16539
f 16540 16541 16542
f 16543 16544 16545
f 16546 16547 16548
f 16549 16550 16551
f 16552 16553 16554
f 16554 16553 16555
f 16556 16557 16558
f 16558 16557 16559
f 16560 16561 16562
f 16563 16564 16565
f 16566 16567 16568
f 16568 16567 16569
f 16570 16571 16572
f 16573 16574 16575
f 16576 16577 16578
f 16579 16580 16581
f 16582 16583 16584
f 16585 16586 16587
f 16588 16589 16590
f 16591 16592 16593
f 16594 16595 16596
f 16597 16598 16599
f 16600 16601 16602
f 16603 16604 16605
f 16606 16607 16608
f 16609 16610 16611
f 16612 16613 16614
f 16615 16616 16617
f 16618 16619 16620
f 16621 16622 16623
f 16624 16625 16626
f 16627 16628 16629
f 16630 16631 16632
f 16633 16634 16635
f 16636 16637 16638
f 16639 16640 16641
f 16639 16641 16642
f 16643 16644 16645
f 16643 16645 16646
f 16647 16648 16649
f 16647 16649 16650
f 16651 16652 16653
f 16651 16653 16654
f 16655 16656 16657
f 16657 16656 16658
f 16659 16660 16661
f 16659 16661 16662
f 16663 16664 16665
f 16663 16665 16666
f 16667 16668 16669
f 16667 16669 16670
f 16671 16672 16673
f 16671 16673 16674
f 16675 16676 16677
f 16677 16676 16678
f 16679 16680 16681
f 16679 16681 16682
f 16683 16684 16685
f 16683 16685 16686
f 16687 16688 16689
f 16687 16689 16690
f 16691 16692 16693
f 16691 16693 16694
f 16695 16696 16697
f 16697 16696 16698
f 16699 16700 16701
f 16699 16701 16702
f 16703 16704 16705
f 16703 16705 16706
f 16707 16708 16709
f 16707 16709 16710
f 16711 16712 16713
f 16711 16713 16714
f 16715 16716 16717
f 16717 16716 16718
f 16719 16720 16721
f 16721 16720 16722
f 16723 16724 16725
f 16725 16724 16726
f 16727 16728 16729
f 16729 16728 16730
f 16731 16732 16733
f 16733 16732 16734
f 16735 16736 16737
f 16737 16736 16738
f 16739 16740 16741
f 16741 16740 16742
f 16743 16744 16745
f 16745 16744 16746
f 16747 16748 16749
f 16749 16748 16750
f 16751 16752 16753
f 16753 16752 16754
f 16755 16756 16757
f 16757 16756 16758
f 16759 16760 16761
f 16761 16760 16762
f 16763 16764 16765
f 16765 16764 16766
f 16765 16766 16767
f 16768 16769 16765
f 16765 16769 16770
f 16765 16770 16763
f 16771 16772 16773
f 16773 16772 16774
f 16775 16776 16777
f 16777 16776 16778
f 16779 16780 16781
f 16781 16780 16776
f 16781 16776 16782
f 16782 16776 16775
f 16783 16784 16785
f 16785 16784 16786
f 16787 16788 16789
f 16789 16788 16790
f 16791 16792 16793
f 16793 16792 16794
f 16795 16796 16797
f 16797 16796 16798
f 16799 16800 16801
f 16801 16800 16802
f 16803 16804 16805
f 16805 16804 16806
f 16807 16808 16809
f 16809 16808 16810
f 16811 16812 16813
f 16813 16812 16814
f 16815 16816 16817
f 16817 16816 16818
f 16819 16820 16821
f 16821 16820 16822
f 16823 16824 16825
f 16825 16824 16826
f 16827 16828 16829
f 16830 16831 16832
f 16833 16834 16835
f 16836 16837 16838
f 16839 16840 16841
f 16842 16843 16844
f 16845 16846 16847
f 16848 16849 16850
f 16851 16852 16853
f 16853 16852 16854
f 16853 16854 16855
f 16851 16853 16856
f 16856 16853 16857
f 16856 16857 16858
f 16859 16860 16861
f 16861 16860 16862
f 16863 16864 16865
f 16865 16864 16860
f 16865 16860 16866
f 16866 16860 16859
f 16867 16868 16869
f 16870 16871 16872
f 16873 16874 16875
f 16876 16877 16878
f 16876 16878 16879
f 16880 16881 16882
f 16880 16882 16883
f 16884 16885 16886
f 16887 16888 16889
f 16889 16888 16890
f 16891 16892 16893
f 16894 16895 16896
f 16897 16898 16899
f 16900 16901 16902
f 16903 16904 16905
f 16906 16907 16908
f 16909 16910 16911
f 16912 16913 16914
f 16915 16916 16917
f 16917 16916 16918
f 16919 16920 16921
f 16922 16923 16924
f 16925 16926 16924
f 16924 16926 16921
f 16927 16928 16917
f 16929 16930 16931
f 16929 16931 16932
f 16932 16931 16933
f 16932 16933 16934
f 16921 16920 16924
f 16924 16920 16935
f 16924 16935 16922
f 16923 16936 16924
f 16924 16936 16930
f 16924 16930 16937
f 16937 16930 16938
f 16937 16938 16939
f 16939 16938 16940
f 16929 16941 16930
f 16930 16941 16942
f 16930 16942 16938
f 16938 16942 16943
f 16938 16943 16944
f 16944 16945 16938
f 16938 16945 16946
f 16938 16946 16918
f 16918 16946 16947
f 16934 16948 16932
f 16932 16948 16949
f 16932 16949 16950
f 16951 16952 16921
f 16921 16952 16953
f 16921 16953 16919
f 16947 16954 16918
f 16918 16954 16955
f 16918 16955 16917
f 16917 16955 16956
f 16917 16956 16927
f 16928 16957 16917
f 16917 16957 16958
f 16917 16958 16921
f 16921 16958 16932
f 16921 16932 16951
f 16951 16932 16950
f 16959 16960 16961
f 16962 16963 16964
f 16964 16965 16962
f 16966 16967 16968
f 16966 16968 16969
f 16970 16971 16972
f 16973 16974 16975
f 16976 16977 16978
f 16979 16980 16981
f 16981 16980 16982
f 16981 16982 16983
f 16983 16982 16984
f 16983 16984 16985
f 16985 16984 16986
f 16985 16986 16987
f 16987 16986 16988
f 16987 16988 16989
f 16989 16988 16990
f 16989 16990 16991
f 16991 16990 16992
f 16991 16992 16993
f 16993 16992 16994
f 16993 16994 16995
f 16995 16994 16996
f 16995 16996 16997
f 16997 16996 16998
f 16997 16998 16999
f 16999 16998 17000
f 16999 17000 17001
f 17001 17000 17002
f 17001 17002 17003
f 17003 17002 17004
f 17003 17004 17005
f 17005 17004 17006
f 17005 17006 16979
f 16979 17006 16980
f 17007 17008 17009
f 17009 17008 17010
f 17009 17010 17011
f 17011 17010 17012
f 17011 17012 17013
f 17013 17012 17014
f 17013 17014 17015
f 17015 17014 17016
f 17015 17016 17017
f 17017 17016 17018
f 17017 17018 17019
f 17019 17018 17020
f 17019 17020 17021
f 17021 17020 17022
f 17021 17022 17023
f 17023 17022 17024
f 17023 17024 17025
f 17025 17024 17026
f 17025 17026 17027
f 17027 17026 17028
f 17027 17028 17029
f 17029 17028 17030
f 17029 17030 17031
f 17031 17030 17032
f 17031 17032 17033
f 17033 17032 17034
f 17033 17034 17007
f 17007 17034 17008
f 17035 17036 17037
f 17037 17036 17038
f 17039 17040 17041
f 17041 17040 17042
f 17043 17044 17045
f 17046 17047 12372
f 12396 12398 17048
f 12372 12374 17046
f 17049 17050 17051
f 17049 17051 17052
f 17053 17054 17055
f 17056 17057 17058
f 17048 17059 12396
f 17060 17061 17062
f 17060 17062 17063
f 17064 17065 17066
f 17064 17066 17067
f 17068 17069 17070
f 17071 17072 17073
f 17074 17075 17076
f 17077 17078 17079
f 17045 17080 17043
f 17081 17082 17083
f 17084 17085 17086
f 17087 17088 17089
f 17090 17091 17092
f 17090 17092 17093
f 17094 17095 17096
f 17096 17095 17097
f 17098 17099 17100
f 17100 17099 17101
f 17100 17101 17102
f 17102 17101 17103
f 17104 17105 17106
f 17107 17108 17109
f 17110 17111 17112
f 17113 17114 17115
f 17116 17117 17118
f 17119 17120 17121
f 17122 17123 17124
f 17125 17126 17127
f 17128 17129 17130
f 17131 17132 17133
f 17134 17135 17136
f 17137 17138 17139
f 17140 17141 17142
f 17143 17144 17145
f 17146 17147 17148
f 17149 17150 17151
f 17152 17153 17154
f 17155 17156 17157
f 17158 17159 17160
f 17160 17159 17161
f 17162 17158 17163
f 17163 17158 17160
f 17163 17160 17164
f 17164 17160 17165
f 17166 17167 17168
f 17169 17170 17171
f 17172 17173 17174
f 17175 17176 17177
f 17178 17179 17180
f 17181 17182 17183
f 17184 17185 17186
f 17187 17188 17189
f 17190 17191 17192
f 17193 17194 17195
f 17196 17197 17198
f 17199 17200 17201
f 17202 17203 17204
f 17205 17206 17207
f 17208 17209 17210
f 17211 17212 17213
f 17214 17215 17216
f 17217 17218 17219
f 17220 17221 17222
f 17223 17224 17222
f 17222 17224 17225
f 17222 17225 17220
f 17226 17227 17228
f 17229 17230 12940
f 12977 12979 17231
f 12940 12942 17229
f 17232 17233 17234
f 17232 17234 17235
f 17236 17237 17238
f 17239 17240 17241
f 17231 17242 12977
f 17243 17244 17245
f 17243 17245 17246
f 17247 17248 17249
f 17247 17249 17250
f 17251 17252 17253
f 17254 17255 17256
f 17257 17258 17259
f 17260 17261 17262
f 17228 17263 17226
f 17264 17265 17266
f 17267 17268 17269
f 17270 17271 17272
f 17273 17274 17275
f 17273 17275 17276
f 17277 17278 17279
f 17279 17278 17280
f 17281 17282 17283
f 17283 17284 17281
f 17281 17284 17285
f 17281 17285 17286
f 17287 17288 17289
f 17289 17288 17286
f 17289 17286 17290
f 17290 17286 17285
f 17290 17285 17291
f 17291 17285 17292
f 17293 17294 17295
f 17296 17297 17298
f 17298 17299 17296
f 17300 17301 17302
f 17300 17302 17303
f 17304 17305 17306
f 17307 17308 17309
f 17310 17311 17312
f 17313 17314 17315
f 17316 17317 17318
f 17319 17320 17321
f 17322 17323 17324
f 17325 17326 17327
f 17328 17329 17330
f 17331 17332 17333
f 17334 17335 17336
f 17337 17338 17339
f 17339 17338 17340
f 17339 17340 17341
f 17341 17340 17342
f 17341 17342 17343
f 17343 17342 17344
f 17343 17344 17345
f 17345 17344 17346
f 17345 17346 17347
f 17347 17346 17348
f 17347 17348 17349
f 17349 17348 17350
f 17349 17350 17351
f 17351 17350 17352
f 17351 17352 17353
f 17353 17352 17354
f 17353 17354 17355
f 17355 17354 17356
f 17355 17356 17357
f 17357 17356 17358
f 17357 17358 17359
f 17359 17358 17360
f 17359 17360 17361
f 17361 17360 17362
f 17361 17362 17363
f 17363 17362 17364
f 17363 17364 17337
f 17337 17364 17338
f 17365 17366 17367
f 17367 17366 17368
f 17367 17368 17369
f 17369 17368 17370
f 17369 17370 17371
f 17371 17370 17372
f 17371 17372 17373
f 17373 17372 17374
f 17373 17374 17375
f 17375 17374 17376
f 17375 17376 17377
f 17377 17376 17378
f 17377 17378 17379
f 17379 17378 17380
f 17379 17380 17381
f 17381 17380 17382
f 17381 17382 17383
f 17383 17382 17384
f 17383 17384 17385
f 17385 17384 17386
f 17385 17386 17387
f 17387 17386 17388
f 17387 17388 17389
f 17389 17388 17390
f 17389 17390 17391
f 17391 17390 17392
f 17391 17392 17365
f 17365 17392 17366
f 17393 17394 17395
f 17396 17397 13496
f 13514 13516 17398
f 13496 13498 17396
f 17399 17400 17401
f 17402 17403 17404
f 17405 17406 17407
f 17408 17409 17410
f 17411 17412 17413
f 17398 17414 13514
f 17415 17416 17417
f 17415 17417 17418
f 17419 17420 17421
f 17419 17421 17422
f 17423 17424 17425
f 17426 17427 17428
f 17429 17430 17431
f 17432 17433 17434
f 17395 17435 17393
f 17436 17437 17438
f 17439 17440 17441
f 17442 17443 17444
f 17445 17446 17447
f 17445 17447 17448
f 17449 17450 17451
f 17451 17450 17452
f 17453 17454 17455
f 17455 17454 17456
f 17455 17456 17457
f 17457 17456 17458
f 17459 17460 17461
f 17462 17463 17464
f 17465 17466 17467
f 17468 17469 17470
f 17471 17472 17473
f 17474 17475 17476
f 17477 17478 17479
f 17480 17481 17482
f 17483 17484 17485
f 17486 17487 17488
f 17489 17490 17491
f 17491 17490 17492
f 17493 17489 17494
f 17494 17489 17491
f 17494 17491 17495
f 17495 17491 17496
f 17497 17498 17499
f 17500 17501 17502
f 17503 17504 17505
f 17506 17507 17508
f 17509 17510 17511
f 17512 17513 17514
f 17515 17516 17517
f 17518 17519 17517
f 17517 17519 17520
f 17517 17520 17515
f 17521 17522 17523
f 17524 17525 14036
f 14043 14045 17526
f 14036 14035 17524
f 17527 17528 17529
f 17527 17529 17530
f 17531 17532 17533
f 17534 17535 17536
f 17526 17537 14043
f 17538 17539 17540
f 17538 17540 17541
f 17542 17543 17544
f 17542 17544 17545
f 17546 17547 17548
f 17549 17550 17551
f 17552 17553 17554
f 17555 17556 17557
f 17523 17558 17521
f 17559 17560 17561
f 17562 17563 17564
f 17565 17566 17567
f 17568 17569 17570
f 17568 17570 17571
f 17572 17573 17574
f 17574 17573 17575
f 17576 17577 17578
f 17578 17577 17579
f 17580 17581 17582
f 17582 17581 17583
f 17582 17583 17584
f 17580 17582 17585
f 17585 17582 17586
f 17585 17586 17587
f 17588 17589 17590
f 17591 17592 17593
f 17594 17595 17596
f 17597 17598 17599
f 17600 17601 17602
f 17603 17604 17605
f 17606 17607 17608
f 17609 17610 17611
f 17612 17613 17614
f 17615 17616 17617
f 17617 17618 17615
f 17619 17620 17621
f 17619 17621 17622
f 17623 17624 17625
f 17626 17627 17628
f 17629 17630 17631
f 17632 17633 17634
f 17635 17636 17637
f 17638 17639 17640
f 17641 17642 17643
f 17644 17645 17646
f 17647 17648 17649
f 17650 17651 17652
f 17653 17654 17655
f 17656 17657 17658
f 17658 17657 17659
f 17660 17661 17662
f 17662 17661 17657
f 17662 17657 17663
f 17663 17657 17656
f 17664 17665 17666
f 17667 17668 17669
f 17670 17671 17672
f 17673 17674 17675
f 17676 17677 17678
f 17679 17680 17681
f 17679 17681 17682
f 17683 17664 17666
f 17684 17685 17686
f 17686 17685 17687
f 17688 17689 17690
f 17691 17692 17693
f 17694 17695 17696
f 17697 17698 17699
f 17700 17701 17702
f 17703 17704 17705
f 17706 17707 17708
f 17709 17710 17711
f 17712 17713 17714
f 17714 17713 17715
f 17716 17717 17718
f 17718 17717 17719
f 17720 17721 17722
f 17722 17721 17723
f 17724 17725 17726
f 17726 17725 17727
f 17728 17729 17730
f 17731 17732 17733
f 17734 17735 17736
f 17737 17738 17739
f 17740 17741 17742
f 17743 17744 17745
f 17745 17744 17746
f 14761 17747 14760
f 17748 17749 17750
f 17750 17749 17751
f 17752 17753 17754
f 17754 17753 17755
f 17756 17757 17758
f 17758 17757 17759
f 17760 17761 17762
f 17762 17761 17763
f 17764 17765 17766
f 17766 17765 17767
f 17768 17769 17770
f 17770 17769 17771
f 17772 17773 17774
f 17774 17773 17775
f 17776 17777 17778
f 17778 17779 17776
f 17776 17779 17780
f 17776 17780 17781
f 17781 17780 17782
f 17781 17782 17783
f 17783 17782 17784
f 17785 17786 17787
f 17788 17789 17790
f 17790 17789 17791
f 17792 17793 17794
f 17794 17793 17795
f 17796 17797 17798
f 17796 17798 17799
f 17799 17798 17800
f 17800 17798 17801
f 17800 17801 17802
f 17802 17801 17803
f 17802 17803 17804
f 17805 17806 17807
f 17808 17809 17810
f 17811 17812 17813
f 17814 17815 17816
f 17817 17818 17819
f 17820 17821 17822
f 17823 17824 17825
f 17826 17827 17828
f 17829 14873 14875
f 17830 17831 17832
f 17833 17834 17835
f 17836 17837 17838
f 17838 17837 17839
f 17840 17841 17842
f 17843 17844 17845
f 17846 17847 17848
f 17849 17850 17851
f 17852 17853 17854
f 17855 17856 17857
f 17858 17859 17860
f 17861 17862 17863
f 17864 17865 17866
f 17867 17868 17869
f 17869 17868 17870
f 17871 17872 17873
f 17871 17873 17874
f 17875 17876 17877
f 17875 17877 17878
f 17879 17880 17881
f 17882 17883 17884
f 17884 17885 17882
f 17886 17887 17888
f 17886 17888 17889
f 17890 17879 17881
f 17891 17892 17893
f 17891 17893 17894
f 17895 17896 17897
f 17895 17897 17898
f 17899 17900 17901
f 17901 17900 17902
f 17903 17904 17905
f 17906 17907 17908
f 17909 17910 17911
f 17912 17913 17914
f 17915 17916 17917
f 17918 17919 17920
f 17921 17922 17923
f 17924 17925 17926
f 17927 17928 17929
f 17930 17931 17932
f 17933 17934 17935
f 17936 17937 17938
f 17939 17940 17941
f 17942 17943 17944
f 17945 17946 17947
f 17948 17949 17950
f 17951 17952 17953
f 17954 17955 17956
f 17957 17958 17959
f 17960 17961 17962
f 17963 17964 17965
f 17966 17967 17968
f 17969 17970 17971
f 17971 17970 17972
f 17973 17974 17975
f 17973 17975 17976
f 17977 17978 17979
f 17977 17979 17980
f 17981 17982 17983
f 17984 17985 17986
f 17987 17988 17989
f 17990 17991 17992
f 17990 17992 17993
f 17994 17995 17996
f 17997 17998 17999
f 17997 17999 18000
f 18001 18002 18003
f 18001 18003 18004
f 18005 18006 18007
f 18007 18006 18008
f 18009 18010 18011
f 18012 18013 18014
f 18015 18016 18017
f 18018 18019 18020
f 18021 18022 18023
f 18024 18025 18026
f 18027 18028 18029
f 18030 18031 18032
f 18033 18034 18035
f 18036 18037 18038
f 18039 18040 18041
f 18042 18043 18044
f 18042 18044 18045
f 18046 18047 18048
f 18049 18050 18051
f 18052 18053 18054
f 18055 18056 18057
f 18058 18059 18060
f 18060 18059 18061
f 18062 18063 18064
f 18064 18063 18065
f 18066 18067 18068
f 18068 18067 18069
f 18070 18071 18072
f 18073 18074 18075
f 18076 18077 18078
f 18079 18080 18081
f 18081 18080 18082
f 18083 18084 18085
f 18085 18084 18086
f 18087 18088 18089
f 18090 18091 18092
f 18090 18092 18093
f 18094 18095 18096
f 18097 18098 18099
f 18100 18101 18102
f 18103 18104 18105
f 18105 18104 18106
f 18107 18108 18109
f 18109 18108 18110
f 18111 18112 18113
f 18114 18115 18116
f 18117 18118 18119
f 18119 18118 18120
f 18121 18122 18123
f 18123 18122 18124
f 18125 18126 18127
f 18127 18126 18128
f 18129 18130 18131
f 18131 18130 18132
f 18133 18134 18135
f 18136 18137 18138
f 18139 18140 18141
f 18141 18140 18142
f 18143 18144 18145
f 18145 18144 18146
f 18147 18148 18149
f 18149 18148 18150
f 18151 18152 18153
f 18153 18152 18154
f 18155 18156 18157
f 18158 18159 18160
f 18161 18162 18163
f 18163 18162 18164
f 18165 18166 18167
f 18167 18166 18168
f 18169 18170 18171
f 18172 18173 18174
f 18175 18176 18177
f 18178 18179 18180
f 18181 18182 18183
f 18184 18185 18186
f 18187 18188 18189
f 18189 18188 18190
f 18191 18192 18193
f 18193 18192 18194
f 18195 18196 18197
f 18198 18199 18200
f 18201 18202 18203
f 18203 18202 18204
f 18205 18206 18207
f 18207 18206 18208
f 18209 18210 18211
f 18211 18210 18212
f 18213 18214 18215
f 18215 18214 18216
f 18217 18218 18219
f 18220 18221 18222
f 18223 18224 18225
f 18223 18225 18226
f 18227 18228 18229
f 18230 18231 18232
f 18233 18234 18235
f 18236 18237 18238
f 18239 18240 18241
f 18242 18243 18244
f 18242 18244 18245
f 18246 18247 18248
f 18249 18250 18251
f 18249 18251 18252
f 18217 18219 18253
f 18254 18255 18256
f 18254 18256 18257
f 18258 18259 18260
f 18258 18260 18261
f 18262 18263 18264
f 18262 18264 18265
f 18266 18267 18268
f 18269 18270 18271
f 18272 18273 18274
f 18275 18276 18277
f 18278 18279 18280
f 18281 18282 18283
f 18281 18283 18284
f 18285 18286 18287
f 18288 18289 18290
f 18288 18290 18291
f 18292 18293 18294
f 18295 18296 18297
f 18298 18299 18300
f 18301 18302 18303
f 18301 18303 18304
f 18305 18306 18307
f 18308 18309 18310
f 18311 18312 18313
f 18314 18315 18316
f 18317 18318 18319
f 18320 18321 18322
f 18323 18324 18325
f 18326 18327 18328
f 18329 18330 18331
f 18332 18333 18334
f 18335 18336 18337
f 18338 18339 18340
f 18338 18340 18341
f 18342 18343 18344
f 18345 18346 18347
f 18345 18347 18348
f 18349 18350 18351
f 18352 18353 18354
f 18355 18356 18357
f 18358 18359 18360
f 18358 18360 18361
f 18362 18363 18364
f 18365 18366 18367
f 18368 18369 18370
f 18371 18372 18373
f 18374 18375 18376
f 18377 18378 18379
f 18377 18379 18380
f 18381 18382 18383
f 18384 18385 18386
f 18387 18388 18389
f 18390 18391 18392
f 18390 18392 18393
f 18394 18395 18396
f 18397 18398 18399
f 18399 18398 18400
f 18394 18396 18401
f 18402 18403 18404
f 18405 18406 18407
f 18408 18409 18410
f 18411 18412 18413
f 18414 18415 18416
f 18417 18418 18419
f 18420 18421 18422
f 18423 18424 18425
f 18426 18427 18428
f 18429 18430 18431
f 18429 18431 18432
f 18433 18434 18435
f 18436 18437 18438
f 18439 18440 18441
f 18442 18443 18444
f 18442 18444 18445
f 18446 18447 18448
f 18449 18450 18451
f 18449 18451 18452
f 18453 18454 18455
f 18456 18457 18458
f 18459 18460 18461
f 18462 18463 18464
f 18465 18466 18467
f 18468 18469 18470
f 18468 18470 18471
f 18472 18473 18474
f 18475 18476 18477
f 18475 18477 18478
f 18479 18480 18481
f 18482 18483 18484
f 18485 18486 18487
f 18488 18489 18490
f 18491 18492 18493
f 18494 18495 18496
f 18494 18496 18497
f 18498 18499 18500
f 18501 18502 18503
f 18504 18505 18506
f 18507 18508 18509
f 18509 18508 18510
f 18511 18512 18513
f 18513 18512 18514
f 18515 18516 18517
f 18517 18516 18518
f 18519 18520 18521
f 18522 18523 18524
f 18525 18526 18527
f 18528 18529 18530
f 18530 18529 18531
f 18532 18533 18534
f 18534 18533 18535
f 18536 18537 18538
f 18539 18540 18541
f 18539 18541 18542
f 18543 18544 18545
f 18546 18547 18548
f 18549 18550 18551
f 18552 18553 18554
f 18554 18553 18555
f 18556 18557 18558
f 18558 18557 18559
f 18560 18561 18562
f 18563 18564 18565
f 18566 18567 18568
f 18568 18567 18569
f 18570 18571 18572
f 18572 18571 18573
f 18574 18575 18576
f 18576 18575 18577
f 18578 18579 18580
f 18580 18579 18581
f 18582 18583 18584
f 18582 18584 18585
f 18585 18584 18586
f 18585 18586 18587
f 18586 18588 18587
f 18587 18588 18589
f 18587 18589 18590
f 18590 18589 18591
f 18590 18591 18592
f 18593 18594 18595
f 18595 18594 18596
f 18595 18596 18597
f 18598 18599 18600
f 18600 18599 18583
f 18600 18583 18601
f 18601 18583 18582
f 18602 18603 18604
f 18604 18603 18605
f 18604 18605 18606
f 18606 18605 18607
f 18607 18605 18608
f 18607 18608 18609
f 18609 18608 18610
f 18609 18610 18598
f 18598 18610 18611
f 18598 18611 18599
f 18592 18591 18612
f 18612 18591 18613
f 18612 18613 18614
f 18614 18613 18615
f 18614 18615 18593
f 18593 18615 18616
f 18593 18616 18594
f 18597 18596 18617
f 18617 18596 18618
f 18617 18618 18619
f 18619 18618 18620
f 18619 18620 18602
f 18602 18620 18621
f 18602 18621 18603
f 18622 18623 18624
f 18625 18626 18627
f 18628 18629 18630
f 18631 18632 18633
f 18634 18635 18636
f 18637 18638 18639
f 18640 18641 18642
f 18643 18644 18645
f 18646 18647 18648
f 18649 18650 18651
f 18652 18653 18654
f 18655 18656 18657
f 18658 18659 18660
f 18661 18662 18663
f 18664 18665 18666
f 18667 18668 18669
f 18670 18671 18672
f 18673 18674 18675
f 18676 18677 18678
f 18679 18680 18681
f 18682 18683 18684
f 18685 18686 18687
f 18688 18689 18690
f 18691 18692 18693
f 18694 18695 18696
f 18697 18698 18699
f 18700 18701 18702
f 18703 18704 18705
f 18706 18707 18708
f 18709 18710 18711
f 18709 18711 18712
f 18713 18714 18715
f 18716 18717 18718
f 18719 18720 18721
f 18722 18723 18724
f 18706 18725 18707
f 18726 18661 18663
f 18679 18727 18680
f 18728 18729 18730
f 18731 18732 18733
f 18734 18735 18736
f 18737 18738 18739
f 18739 18738 18740
f 18741 18742 18743
f 18743 18742 18744
f 18745 18746 18747
f 18747 18746 18748
f 18749 18750 18751
f 18752 18753 18754
f 18755 18756 18757
f 18758 18759 18760
f 18761 18762 18763
f 18763 18762 18764
f 18759 18765 18760
f 18766 18767 18768
f 18769 18770 18771
f 18772 18773 18774
f 18775 18776 18777
f 18778 18779 18780
f 18781 18782 18783
f 18784 18785 18786
f 18787 18788 18789
f 18790 18791 18792
f 18793 18794 18795
f 18796 18797 18798
f 18799 18800 18801
f 18802 18803 18804
f 18805 18806 18807
f 18808 18802 18804
f 18809 18810 18811
f 18811 18810 18812
f 18813 18814 18815
f 18816 18817 18818
f 18819 18820 18821
f 18822 18823 18824
f 18825 18826 18827
f 18828 18829 18830
f 18831 18832 18833
f 18834 18835 18836
f 18837 18838 18839
f 18840 18841 18842
f 18843 18844 18845
f 18846 18847 18848
f 18849 18850 18851
f 18852 18853 18854
f 18855 18856 18857
f 18857 18856 18858
f 18859 18860 18861
f 18861 18860 18862
f 18863 18864 18865
f 18865 18864 18866
f 18867 18868 18869
f 18870 18871 18872
f 18873 18874 18875
f 18876 18877 18878
f 18878 18877 18879
f 18880 18881 18882
f 18882 18881 18883
f 18884 18885 18886
f 18887 18888 18889
f 18890 18891 18892
f 18893 18894 18895
f 18896 18897 18898
f 18898 18897 18899
f 18900 18901 18902
f 18902 18901 18903
f 18904 18905 18906
f 18907 18908 18909
f 18910 18911 18912
f 18913 18914 18915
f 18916 18917 18918
f 18919 18920 18921
f 18922 18923 18924
f 18925 18926 18927
f 18928 18929 18930
f 18931 18932 18933
f 18934 18935 18936
f 18937 18938 18939
f 18940 18941 18942
f 18943 18944 18945
f 18946 18947 18948
f 18949 18950 18951
f 18952 18953 18954
f 18955 18956 18957
f 18958 18959 18960
f 18961 18962 18963
f 18964 18965 18966
f 18964 18966 18967
f 18968 18969 18970
f 18968 18970 18971
f 18972 18973 18974
f 18975 18976 18977
f 18978 18979 18980
f 18981 18982 18983
f 18981 18983 18984
f 18985 18986 18987
f 18985 18987 18988
f 18989 18990 18991
f 18992 18993 18994
f 18995 18996 18997
f 18998 18999 19000
f 19001 19002 19003
f 19003 19002 19004
f 19005 19006 19007
f 19007 19006 19008
f 19009 19010 19011
f 19011 19010 19012
f 19013 19014 19015
f 19016 19017 19018
f 19019 19020 19021
f 19022 19023 19024
f 19025 19026 19027
f 19028 19029 19030
f 19031 19032 19033
f 19034 19035 19036
f 19037 19038 19039
f 19040 19041 19042
f 19043 19044 19045
f 19046 19047 19048
f 19049 19050 19051
f 19052 19053 19054
f 19054 19053 19055
f 19056 19057 19058
f 19058 19057 19059
f 19060 19061 19062
f 19062 19061 19063
f 19064 19065 19066
f 19066 19065 19067
f 19068 19069 19070
f 19071 19072 19073
f 19074 19075 19076
f 19077 19078 19079
f 19080 19081 19082
f 19083 19084 19085
f 19086 19087 19088
f 19088 19087 19089
f 19090 19091 19092
f 19092 19091 19093
f 19079 19094 19077
f 19095 19096 19097
f 19098 19099 19100
f 19101 19102 19103
f 19104 19105 19106
f 19107 19108 19109
f 19110 19111 19112
f 19113 19114 19115
f 19116 19117 19118
f 19119 19120 19121
f 19122 19123 19124
f 19125 19126 19127
f 19128 19129 19130
f 19131 19132 19133
f 19133 19132 19134
f 19135 19136 19137
f 19137 19136 19138
f 19139 19140 19141
f 19142 19143 19144
f 19145 19146 19147
f 19148 19149 19150
f 19151 19152 19153
f 19153 19152 19154
f 19155 19156 19157
f 19157 19156 19158
f 19159 19160 19161
f 19162 19163 19164
f 19165 19166 19167
f 19167 19166 19168
f 19169 19170 19171
f 19171 19170 19172
f 19173 19174 19175
f 19175 19174 19176
f 19177 19178 19179
f 19179 19178 19180
f 19181 19182 19183
f 19183 19182 19184
f 19185 19186 19187
f 19187 19186 19188
f 19189 19190 19191
f 19191 19190 19192
f 19193 19194 19195
f 19195 19194 19196
f 19197 19198 19199
f 19199 19198 19200
f 19201 19202 19203
f 19203 19202 19204
f 19205 19206 19207
f 19207 19206 19208
f 19209 19210 19211
f 19211 19210 19212
f 19213 19214 19215
f 19215 19214 19216
f 19217 19218 19219
f 19219 19218 19220
f 19221 19222 19223
f 19223 19222 19224
f 19225 19226 19227
f 19227 19226 19228
f 19229 19230 19231
f 19231 19230 19232
f 19233 19234 19235
f 19235 19234 19236
f 19237 19238 19239
f 19239 19238 19240
f 19241 19242 19243
f 19243 19242 19244
f 19245 19246 19247
f 19247 19246 19248
f 19249 19250 19251
f 19251 19250 19252
f 19253 19254 19255
f 19255 19254 19256
f 19257 19258 19259
f 19259 19258 19260
f 19261 19262 19263
f 19263 19262 19264
f 19265 19266 19267
f 19267 19266 19268
f 19269 19270 19271
f 19271 19270 19272
f 19273 19274 19275
f 19275 19274 19276
f 19277 19278 19279
f 19280 19281 19282
f 19283 19284 19285
f 19286 19287 19288
f 19289 19290 19291
f 19292 19293 19294
f 19295 19296 19297
f 19298 19299 19300
f 19301 19302 19303
f 19304 19305 19306
f 19307 19308 19309
f 19309 19308 19310
f 19311 19312 19313
f 19313 19312 19314
f 19315 19316 19317
f 19317 19316 19318
f 19319 19320 19321
f 19321 19320 19322
f 19323 19324 19325
f 19326 19327 19328
f 19329 19330 19331
f 19332 19333 19334
f 19334 19333 19335
f 19336 19337 19338
f 19338 19337 19339
f 19340 19341 19342
f 19343 19344 19345
f 19346 19347 19348
f 19349 19350 19351
f 19352 19353 19354
f 19354 19353 19355
f 19356 19357 19358
f 19358 19357 19359
f 19360 19361 19362
f 19363 19364 19365
f 19366 19367 19368
f 19369 19370 19371
f 19372 19373 19374
f 19375 19376 19377
f 19374 13300 13299
f 19378 19379 19380
f 19381 19382 19383
f 19383 19382 19384
f 19385 19386 19387
f 19388 19389 19390
f 19391 9549 9548
f 19392 19393 19394
f 19395 19396 19397
f 19395 19397 19398
f 19399 19400 19401
f 19402 19403 19404
f 19392 19405 19393
f 19406 19385 19387
f 19380 19407 19378
f 19408 19409 19410
f 19411 19412 13282
f 13282 13281 19411
f 19413 19414 19415
f 19413 19415 19416
f 19417 19418 19419
f 19420 19421 19422
f 19423 19424 19425
f 19426 19427 19428
f 19429 19430 19431
f 19432 19433 19434
f 19435 19436 19437
f 19435 19437 19438
f 19439 19440 19441
f 19439 19441 19442
f 19443 19444 19445
f 19446 19447 19448
f 19449 19450 19451
f 19451 19450 19452
f 19453 19454 19455
f 19455 19454 19456
f 19457 19458 19459
f 19459 19458 19460
f 19461 19462 19463
f 19463 19462 19464
f 19465 19466 19467
f 19467 19466 19468
f 19469 19470 19471
f 19471 19470 19472
f 19473 19474 19475
f 19475 19474 19476
f 19477 19478 19479
f 19479 19478 19480
f 19481 19482 19483
f 19483 19482 19484
f 19485 19486 19487
f 19487 19486 19488
f 19489 19490 19491
f 19491 19490 19492
f 19493 19494 19495
f 19495 19494 19496
f 19497 19498 19499
f 19499 19498 19500
f 19501 19502 19503
f 19503 19502 19504
f 19505 19506 19507
f 19507 19506 19508
f 19509 19510 19511
f 19511 19510 19512
f 19513 19514 19515
f 19515 19514 19516
f 19517 19518 19519
f 19519 19518 19520
f 19521 19522 19523
f 19523 19522 19524
f 19525 19526 19527
f 19527 19526 19528
f 19529 19530 19531
f 19531 19530 19532
f 19533 19534 19535
f 19535 19534 19536
f 19537 19538 19539
f 19539 19538 19540
f 19541 19542 19543
f 19543 19542 19544
f 19545 19546 19547
f 19547 19546 19548
f 19549 19550 19551
f 19551 19550 19552
f 19553 19554 19555
f 19555 19554 19556
f 19557 19558 19559
f 19559 19558 19560
f 19561 19562 19563
f 19564 19565 19566
f 19567 19568 19569
f 19569 19568 19570
f 19565 19571 19566
f 19572 19573 19574
f 19575 19576 19577
f 19578 19579 19580
f 19581 19582 19583
f 19584 19585 19586
f 19587 19588 19589
f 19590 19591 19592
f 19593 19594 19595
f 19596 19597 19598
f 19599 19600 19601
f 19602 19603 19604
f 19605 19606 19607
f 19608 19609 19610
f 19611 19612 19613
f 19614 19615 19616
f 19617 19618 19619
f 19620 19621 19622
f 19623 19624 19625
f 19626 19627 19628
f 19629 19630 19631
f 19629 19631 19632
f 19633 19634 19635
f 19633 19635 19636
f 19637 19638 19639
f 19640 19641 19642
f 19643 19644 19645
f 19646 19647 19648
f 19646 19648 19649
f 19650 19651 19652
f 19650 19652 19653
f 19654 19655 19656
f 19657 19658 19659
f 19660 19661 19662
f 19663 19664 19665
f 19666 19667 19668
f 19668 19667 19669
f 19670 19671 19672
f 19672 19671 19673
f 19674 19675 19676
f 19676 19675 19677
f 19678 19679 19680
f 19681 19682 19683
f 19684 19685 19686
f 19686 19685 19687
f 19688 19689 19690
f 19690 19689 19691
f 19692 19693 19694
f 19694 19693 19695
f 19696 19697 19698
f 19698 19697 19699
f 19700 19701 19702
f 19703 19704 19705
f 19706 19707 19708
f 19709 19710 19711
f 19712 19713 19714
f 19715 19716 19717
f 19718 19719 19720
f 19721 19722 19723
f 19724 19725 19726
f 19727 19728 19729
f 19729 19728 19730
f 19731 19732 19733
f 19733 19732 19734
f 19735 19736 19737
f 19737 19736 19738
f 19739 19740 19741
f 19742 19743 19744
f 19745 19746 19747
f 19747 19746 19748
f 19749 19750 19751
f 19751 19750 19752
f 19753 19754 19755
f 19755 19754 19756
f 19757 19758 19759
f 19760 19761 19762
f 19763 19764 19765
f 19766 19767 19768
f 19769 19770 19771
f 19772 19773 19774
f 19775 19776 19777
f 19778 19779 19780
f 19781 19782 19783
f 19784 19785 19786
f 19787 19788 19789
f 19790 19791 19792
f 19793 19794 19795
f 19796 19797 19798
f 19799 19800 19801
f 19802 19803 19804
f 19805 19806 19807
f 19808 19809 19810
f 19811 19812 19813
f 19814 19815 19816
f 19817 19818 19819
f 19820 19821 19822
f 19820 19822 19823
f 19824 19825 19826
f 19824 19826 19827
f 19828 19829 19830
f 19831 19832 19833
f 19834 19835 19836
f 19837 19838 19839
f 19837 19839 19840
f 19841 19842 19843
f 19841 19843 19844
f 19845 19846 19847
f 19848 19849 19850
f 19851 19852 19853
f 19854 19855 19856
f 19857 19858 19859
f 19859 19858 19860
f 19861 19862 19863
f 19863 19862 19864
f 19865 19866 19867
f 19867 19866 19868
f 19869 19870 19871
f 19872 19873 19874
f 19875 19876 19877
f 19877 19876 19878
f 19879 19880 19881
f 19881 19880 19882
f 19883 19884 19885
f 19886 19887 19888
f 19889 19890 19891
f 19892 19893 19894
f 19895 19896 19897
f 19898 19899 19900
f 19901 19902 19903
f 19904 19905 19906
f 19907 19908 19909
f 19910 19911 19912
f 19913 19914 19915
f 19916 19917 19918
f 19919 19920 19921
f 19922 19923 19924
f 19925 19926 19927
f 19928 19929 19930
f 19931 19932 19933
f 19933 19932 19934
f 19935 19936 19937
f 19937 19936 19938
f 19939 19940 19941
f 19941 19940 19942
f 19943 19944 19945
f 19946 19947 19948
f 19949 19950 19951
f 19952 19953 19954
f 19955 19956 19957
f 19958 19959 19960
f 19961 19962 19963
f 19964 19965 19966
f 19967 19968 19969
f 19970 19971 19972
f 19973 19974 19975
f 19975 19974 19976
f 19977 19978 19979
f 19979 19978 19980
f 19981 19982 19983
f 19983 19982 19984
f 19985 19986 19987
f 19988 19989 19990
f 19991 19992 19993
f 19993 19992 19994
f 19995 19996 19997
f 19997 19996 19998
f 19999 20000 20001
f 20001 20000 20002
f 20003 20004 20005
f 20006 20007 20008
f 20009 20010 20011
f 20012 20013 20014
f 20015 20016 20017
f 20017 20016 20018
f 20019 20020 20021
f 20022 20023 20024
f 20025 20026 20027
f 20028 20029 20030
f 20031 20032 20033
f 20031 20033 20034
f 20035 20036 20037
f 20038 20039 20040
f 20041 20042 20043
f 20044 20045 20046
f 20047 20048 20049
f 20050 20051 20052
f 20053 20054 20055
f 20056 20057 20058
f 20059 20060 20061
f 20062 20063 20064
f 20065 20066 20067
f 20068 20069 20070
f 20071 20072 20073
f 20074 20075 20076
f 20077 20078 20079
f 20080 20081 20082
f 20083 20084 20085
f 20083 20085 20086
f 20087 20088 20089
f 20087 20089 20090
f 20091 20092 20093
f 20094 20095 20096
f 20097 20098 20099
f 20100 20101 20102
f 20100 20102 20103
f 20104 20105 20106
f 20104 20106 20107
f 20108 20109 20110
f 20111 20112 20113
f 20114 20115 20116
f 20116 20115 20117
f 20118 20119 20120
f 20120 20119 20121
f 20122 20123 20124
f 20124 20123 20125
f 20126 20127 20128
f 20129 20130 20131
f 20132 20133 20134
f 20135 20136 20137
f 20138 20139 20140
f 20141 20142 20143
f 20144 20145 20146
f 20146 20145 20147
f 20148 20149 20150
f 20149 20151 20150
f 20152 20153 20154
f 20155 20156 20157
f 20158 20159 20160
f 20161 20162 20163
f 20164 20165 20166
f 20167 20168 20169
f 20170 20171 20172
f 20173 20174 20175
f 20176 20177 20178
f 20179 20180 20181
f 20182 20183 20184
f 20185 20186 20187
f 20188 20189 20190
f 20190 20189 20191
f 20192 20193 20194
f 20194 20193 20195
f 20196 20197 20198
f 20199 20200 20201
f 20202 20203 20204
f 20205 20206 20207
f 20208 20209 20210
f 20210 20209 20211
f 20212 20213 20214
f 20214 20213 20215
f 20216 20217 20218
f 20219 20220 20221
f 20222 20223 20224
f 20225 20226 20227
f 20228 20229 20224
f 20224 20229 20230
f 20224 20230 20222
f 20231 20232 20233
f 20227 20234 20235
f 20222 20236 20223
f 20223 20236 20237
f 20223 20237 20231
f 20231 20233 20223
f 20223 20233 20238
f 20223 20238 20239
f 20234 20227 20240
f 20240 20227 20226
f 20240 20226 20241
f 20241 20226 20242
f 20241 20242 20243
f 20235 20244 20227
f 20227 20244 20245
f 20227 20245 20246
f 20246 20245 20223
f 20246 20223 20247
f 20247 20223 20239
f 20248 20249 20250
f 20250 20249 20251
f 20250 20251 20242
f 20242 20251 20252
f 20242 20252 20243
f 20249 20253 20251
f 20251 20253 20254
f 20251 20254 20255
f 20256 20257 20258
f 20259 20260 20261
f 20227 20262 20225
f 20225 20262 20263
f 20225 20263 20264
f 20264 20263 20256
f 20264 20256 20265
f 20265 20256 20258
f 20255 20266 20251
f 20251 20266 20267
f 20251 20267 20268
f 20268 20267 20259
f 20268 20259 20269
f 20269 20259 20261
f 20270 20271 20272
f 20273 20274 20275
f 20276 20277 20278
f 20279 20280 20281
f 20282 20283 20284
f 20285 20286 20287
f 20288 20289 20290
f 20291 20292 20293
f 20294 20295 20296
f 20297 20298 20299
f 20299 20298 20300
f 20301 20302 20303
f 12240 12239 20304
f 12197 12196 20305
f 20306 20307 20308
f 20306 20308 20309
f 20310 20311 20312
f 20313 20314 20315
f 20313 20315 20316
f 20317 12240 20304
f 20305 20318 12197
f 20319 20320 20321
f 20322 20323 20324
f 20325 20326 20327
f 20328 20329 20330
f 20331 20332 20333
f 20334 20335 20336
f 20337 20338 20339
f 20340 20341 20342
f 20303 20343 20301
f 20344 20345 20346
f 20347 20348 20349
f 20350 20351 20352
f 20353 20354 20355
f 20353 20355 20356
f 20357 20358 20359
f 20360 20361 20362
f 20363 20364 20365
f 20366 20367 20368
f 20369 20370 20371
f 20372 20373 20374
f 20375 20376 20377
f 20378 20379 20380
f 20381 20382 20383
f 20384 20385 20386
f 20387 20388 20389
f 20390 20391 20392
f 20393 20394 20395
f 20396 20397 14257
f 14276 14278 20398
f 20398 20399 14276
f 20400 20401 20402
f 20400 20402 20403
f 14257 14256 20396
f 20404 20405 20406
f 20404 20406 20407
f 20408 20409 20410
f 20411 20412 20413
f 20414 20415 20416
f 20417 20418 20419
f 20420 20421 20422
f 20423 20424 20425
f 20426 20427 20428
f 20429 20430 20431
f 20432 20433 20434
f 20395 20435 20393
f 20436 20437 20438
f 20439 20440 20441
f 20442 20443 20444
f 20445 20446 20447
f 20445 20447 20448
f 20449 20450 20451
f 20451 20450 20452
f 20453 20454 20455
f 20456 20457 20458
f 20459 20460 20461
f 20462 20463 20464
f 20465 20466 20467
f 20468 20469 20470
f 20471 20472 20473
f 20474 20475 20476
f 20477 20478 20479
f 20480 20481 20482
f 20483 20484 20485
f 20486 20487 20488
f 20489 20490 20491
f 20492 20493 20494
f 20495 20496 20497
f 20498 20499 20500
f 20501 20502 20503
f 20504 20505 20506
f 20507 20508 20509
f 20507 20509 20510
f 20511 20512 20513
f 20514 20515 20516
f 20517 20518 20519
f 20520 20521 20522
f 20504 20523 20505
f 20524 20453 20455
f 20477 20525 20478
f 20526 20527 20528
f 20529 20530 20531
f 20532 20533 20534
f 20535 20536 20537
f 20537 20536 20538
f 20539 20540 20541
f 20541 20540 20542
f 20543 20544 20545
f 20545 20544 20546
f 20547 20548 20549
f 20549 20548 20550
f 20551 20552 20553
f 20554 20555 20556
f 20557 20558 20559
f 20560 20561 20562
f 20563 20564 20565
f 20566 20567 20568
f 20569 20570 20571
f 20572 20573 20574
f 20575 20576 20577
f 20578 20579 20580
f 20581 20582 20583
f 20581 20583 20584
f 20585 20586 20587
f 20587 20586 20588
f 20589 20590 20591
f 20592 20593 20594
f 20595 20596 20597
f 20598 20599 20600
f 20601 20602 20603
f 20604 20605 20606
f 20607 20608 20609
f 20610 20611 20612
f 20613 20614 20615
f 20616 20617 20618
f 20619 20620 20621
f 20619 20621 20622
f 20623 20624 20625
f 20623 20625 20626
f 20627 20628 20629
f 20627 20629 20630
f 20631 20632 20633
f 20634 20635 20636
f 20637 20638 20639
f 20640 20641 20642
f 20643 20644 20645
f 20646 20647 20648
f 20649 20650 20651
f 20652 20653 20654
f 20655 20656 20657
f 20658 20659 20660
f 20661 20662 20663
f 20664 20665 20666
f 20667 20668 20669
f 20670 20671 20672
f 20673 20674 20675
f 20676 20677 20678
f 20679 20680 20681
f 20682 20683 20684
f 20685 20686 20687
f 20688 20689 20690
f 20688 20690 20691
f 20692 20693 20694
f 20692 20694 20695
f 20696 20697 20698
f 20699 20700 20701
f 20702 20703 20704
f 20705 20706 20707
f 20705 20707 20708
f 20709 20710 20711
f 20709 20711 20712
f 20713 20714 20715
f 20716 20717 20718
f 20719 20720 20721
f 20722 20723 20724
f 20725 20726 20727
f 20727 20726 20728
f 20729 20730 20731
f 20731 20730 20732
f 20733 20734 20735
f 20735 20734 20736
f 20737 20738 20739
f 20740 20741 20742
f 20743 20744 20745
f 20746 20747 20748
f 20749 20750 20751
f 20752 20753 20754
f 20755 20756 20757
f 20758 20759 20760
f 20761 20762 20763
f 20764 20765 20766
f 20767 20768 20769
f 20770 20771 20772
f 13932 13934 20773
f 20774 20775 20776
f 20777 20778 20779
f 20780 20781 20782
f 20783 20784 20785
f 20786 20787 20788
f 20789 20790 20791
f 20792 20793 20794
f 20794 20795 20792
f 20796 20737 20739
f 20797 20798 20799
f 20799 20798 20800
f 20801 20802 20803
f 20803 20802 20804
f 20805 20806 20807
f 20808 20809 20810
f 20811 20812 20813
f 20814 20815 20816
f 20817 20818 20819
f 20820 20821 20822
f 20819 13816 13815
f 20823 20824 20825
f 20826 20827 20828
f 20828 20827 20829
f 20830 20831 20832
f 20833 20834 20835
f 20836 9665 9664
f 20837 20838 20839
f 20840 20841 20842
f 20840 20842 20843
f 20844 20845 20846
f 20847 20848 20849
f 20837 20850 20838
f 20851 20830 20832
f 20825 20852 20823
f 20853 20854 20855
f 20856 20857 13774
f 13774 13776 20856
f 20858 20859 20860
f 20858 20860 20861
f 20862 20863 20864
f 20865 20866 20867
f 20868 20869 20870
f 20871 20872 20873
f 20874 20875 20876
f 20877 20878 20879
f 20880 20881 20882
f 20880 20882 20883
f 20884 20885 20886
f 20884 20886 20887
f 20888 20889 20890
f 20891 20892 20893
f 20894 20895 20896
f 20896 20895 20897
f 20898 20899 20900
f 20900 20899 20901
f 20902 20903 20904
f 20904 20903 20905
f 20906 20907 20908
f 20908 20907 20909
f 20910 20911 20912
f 20913 20914 20915
f 20916 20917 20918
f 20919 20920 20921
f 20922 20923 20924
f 20925 20926 20927
f 20928 20929 20930
f 20931 20932 20933
f 20934 20935 20936
f 20936 20935 20937
f 20938 20939 20940
f 20941 20942 20943
f 20944 20945 20946
f 20944 20946 20947
f 20948 20949 20950
f 20948 20950 20951
f 20952 20953 20954
f 20955 20956 20957
f 20958 20959 20960
f 20961 20962 20963
f 20964 20965 20966
f 13753 20967 13751
f 20968 20969 20970
f 20912 20971 20910
f 20972 20958 20960
f 20915 20973 20913
f 20974 20975 20976
f 20977 20978 20979
f 20980 20981 20982
f 20983 20984 12702
f 20985 20986 20987
f 20988 20989 20990
f 20991 20992 20993
f 20994 20995 20996
f 20997 20998 20999
f 21000 21001 21002
f 21003 21004 21005
f 21006 21007 21008
f 21009 21010 21011
f 21012 21013 21014
f 21015 21016 21017
f 21018 21019 21020
f 21021 21022 21023
f 12702 12701 20983
f 21024 21025 21026
f 21024 21026 21027
f 21028 21029 21030
f 21028 21030 21031
f 21032 21033 21034
f 21035 21036 21037
f 21038 21039 21040
f 21041 21042 21043
f 21043 21044 21041
f 21045 21046 21047
f 21048 21049 21050
f 21050 21049 21051
f 21052 21053 21054
f 21054 21053 21055
f 21056 21057 21058
f 21058 21057 21059
f 21060 21061 21062
f 9415 21063 9390
f 21046 21064 21047
f 21065 20980 20982
f 21066 21067 21068
f 21068 21067 21069
f 21070 21071 21072
f 21072 21071 21073
f 21074 21075 21076
f 21076 21075 21077
f 21078 21079 21080
f 21081 21082 21083
f 21084 21085 21086
f 21087 21088 21089
f 21089 21088 21090
f 21091 21092 21093
f 21094 21095 21096
f 21097 21098 21099
f 21100 21101 21102
f 21103 21104 21105
f 21106 21107 21108
f 21109 21110 21111
f 21112 21113 21114
f 21115 21116 21117
f 12777 12776 21118
f 21119 21120 21121
f 21119 21121 21122
f 21123 21124 21125
f 21126 21127 21128
f 21129 21130 21131
f 21132 21133 21134
f 21135 21136 21137
f 21138 21139 21140
f 21141 21142 21143
f 21144 21145 21146
f 21147 21148 21149
f 21149 21148 21150
f 21151 21152 21153
f 21153 21152 21154
f 21155 21156 21157
f 21157 21156 21158
f 21159 21160 21161
f 21162 21163 21164
f 21165 21166 21167
f 21167 21166 21168
f 21169 21170 21171
f 21171 21170 21172
f 21173 21174 21175
f 21175 21174 21176
f 21177 21178 21179
f 21179 21178 21180
f 21181 21182 21183
f 21183 21182 21184
f 21185 21186 21187
f 21187 21186 21188
f 21189 21190 21191
f 21191 21190 21192
f 21193 21194 21195
f 21195 21194 21196
f 21197 21198 21199
f 21199 21198 21200
f 21201 21202 21203
f 21203 21202 21204
f 21205 21206 21207
f 21207 21206 21208
f 21209 21210 21211
f 21211 21210 21212
f 21213 21214 21215
f 21215 21214 21216
f 21217 21218 21219
f 21219 21218 21220
f 21221 21222 21223
f 21223 21222 21224
f 21225 21226 21227
f 21227 21226 21228
f 21229 21230 21231
f 21231 21230 21232
f 21233 21234 21235
f 21235 21234 21236
f 21237 21238 21239
f 21239 21238 21240
f 21241 21242 21243
f 21243 21242 21244
f 21245 21246 21247
f 21247 21246 21248
f 21249 21250 21251
f 21251 21250 21252
f 21253 21254 21255
f 21255 21254 21256
f 21257 21258 21259
f 21260 21261 21262
f 21263 21264 21265
f 21266 21267 21268
f 21269 21270 21271
f 21272 21273 21274
f 21274 21273 21275
f 21276 21277 21278
f 21279 21280 21281
f 21282 21283 21284
f 21257 21259 21285
f 21286 21287 21288
f 21289 21290 21291
f 21292 21293 21294
f 21295 21296 21297
f 21298 21299 21300
f 21301 21302 21303
f 21304 21305 21306
f 21307 21308 21309
f 21310 21311 21312
f 21313 21314 21315
f 21316 21317 21318
f 21319 21320 21321
f 21322 21323 21324
f 21325 21326 21327
f 21328 21329 21330
f 21324 21331 21322
f 21332 21333 21334
f 21332 21334 21335
f 21336 21337 21338
f 21336 21338 21339
f 21340 21341 21342
f 21340 21342 21343
f 21344 21345 21346
f 21346 21345 21347
f 21348 21349 21350
f 21351 21352 21353
f 21354 21355 21356
f 21357 21358 21359
f 21360 21361 21362
f 21363 21364 21365
f 21366 21367 21368
f 21369 21370 21371
f 21371 21370 21372
f 21372 21370 21373
f 21372 21373 21374
f 21375 21376 21377
f 21377 21376 21369
f 21377 21369 21378
f 21378 21369 21371
f 21379 21380 21381
f 21381 21380 21374
f 21381 21374 21382
f 21382 21374 21373
f 21383 21384 21385
f 21385 21384 21386
f 21386 21384 21387
f 21386 21387 21388
f 21389 21390 21391
f 21391 21390 21383
f 21391 21383 21392
f 21392 21383 21385
f 21393 21394 21395
f 21395 21394 21388
f 21395 21388 21396
f 21396 21388 21387
f 21397 21398 21399
f 21399 21398 21400
f 21400 21398 21401
f 21400 21401 21402
f 21403 21404 21405
f 21405 21404 21397
f 21405 21397 21406
f 21406 21397 21399
f 21407 21408 21409
f 21409 21408 21402
f 21409 21402 21410
f 21410 21402 21401
f 21411 21412 21413
f 21414 21415 21416
f 21413 21417 21411
f 21411 21417 21418
f 21411 21418 21419
f 21419 21418 21420
f 21419 21420 21421
f 21421 21420 21422
f 21421 21422 21423
f 21423 21422 21414
f 21423 21414 21424
f 21424 21414 21416
f 21425 21426 21427
f 21428 21429 21430
f 21431 21432 21433
f 21434 21435 21436
f 21425 21427 21437
f 21438 21439 21440
f 21441 21442 21443
f 21444 21445 21446
f 21447 21448 21449
f 21450 21451 21452
f 21453 21454 21455
f 21453 21455 21456
f 21457 21458 21459
f 21460 21461 21462
f 21463 21464 21465
f 21466 21467 21468
f 21469 21470 21471
f 21472 21473 21474
f 21475 21476 21477
f 21478 21479 21480
f 21481 21482 21483
f 21484 21485 21486
f 21487 21488 21489
f 21490 21491 21492
f 21493 21494 21495
f 21496 21497 21498
f 21499 21500 21501
f 21502 21503 21504
f 21505 21506 21507
f 21508 21509 21510
f 21511 21512 21513
f 21514 21515 21516
f 21517 21518 21519
f 21520 21521 21522
f 21523 21524 21525
f 21526 21527 21528
f 21529 21530 21531
f 21532 21533 21534
f 21535 21536 21537
f 21538 21539 21540
f 21541 21542 21543
f 21544 21545 21546
f 21547 21548 21549
f 21549 21548 21550
f 21551 21552 21553
f 21554 21555 21556
f 21557 21558 21559
f 21559 21558 21560
f 21561 21562 21563
f 21564 21565 21566
f 21567 21568 21569
f 21570 21571 21572
f 21573 21574 21575
f 21576 21577 21578
f 21579 21580 21581
f 21582 21583 21584
f 21585 21586 21587
f 21588 21589 21590
f 21591 21592 21593
f 21594 21595 21596
f 21597 21598 21599
f 21600 21601 21602
f 21603 21604 21605
f 21606 21607 21608
f 21608 21607 21609
f 21610 21611 21612
f 21612 21611 21613
f 21614 21615 21616
f 21616 21615 21617
f 21618 21619 21620
f 21620 21619 21621
f 21622 21623 21624
f 21624 21623 21625
f 21626 21627 21628
f 21628 21627 21629
f 21605 21630 21603
f 21631 21632 21633
f 21633 21632 21634
f 21633 21634 21635
f 21635 21634 21636
f 21635 21636 21637
f 21637 21636 21638
f 21637 21638 21639
f 21640 21641 21642
f 21642 21641 21636
f 21642 21636 21643
f 21643 21636 21634
f 21644 21645 21638
f 21638 21645 21646
f 21638 21646 21639
f 21647 21648 21649
f 21649 21648 21637
f 21649 21637 21650
f 21650 21637 21639
f 21651 21652 21653
f 21654 21655 21656
f 21657 21658 21659
f 21659 21658 21660
f 21661 21662 21663
f 21664 21665 21666
f 21667 21668 21669
f 21669 21668 21670
f 21671 21672 21673
f 21673 21672 21674
f 21675 21676 21677
f 21678 21679 21680
f 21681 21682 21683
f 21684 21685 21686
f 21687 21688 21689
f 21690 21691 21692
f 21685 21693 21686
f 21694 21695 21696
f 21697 21698 21699
f 21700 21701 21702
f 21703 21704 21705
f 21706 21707 21708
f 21709 21710 21711
f 21712 21713 21714
f 21715 21716 21717
f 21718 21719 21720
f 21721 21722 21723
f 21724 21725 21726
f 21727 21728 21729
f 21730 21731 21732
f 21733 21734 21735
f 21735 21734 21736
f 21735 21736 21737
f 21738 21739 21740
f 21570 21572 21741
f 20358 20357 21742
f 21743 21744 21745
f 21743 21745 21746
f 21747 21748 21749
f 21750 21751 21752
f 21750 21752 21753
f 21754 21570 21741
f 21742 21755 20358
f 21756 21757 21758
f 21759 21760 21761
f 21762 21763 21764
f 21765 21766 21767
f 21768 21769 21770
f 21771 21772 21773
f 21774 21775 21776
f 21777 21778 21779
f 21740 21780 21738
f 21781 21782 21783
f 21784 21785 21786
f 21787 21788 21789
f 21790 21791 21792
f 21790 21792 21793
f 21794 21795 21796
f 21796 21795 21797
f 21796 21797 21798
f 21799 21800 21801
f 21799 21801 21802
f 21803 21804 21805
f 21803 21805 21806
f 21807 21808 21809
f 21807 21809 21810
f 21811 21812 21813
f 21811 21813 21814
f 21815 21816 21817
f 21815 21817 21818
f 21819 21820 21821
f 21819 21821 21822
f 21823 21824 21825
f 21823 21825 21826
f 21827 21828 21829
f 21827 21829 21830
f 21831 21832 21833
f 21831 21833 21834
f 21835 21836 21837
f 21835 21837 21838
f 21839 21840 21841
f 21839 21841 21842
f 21843 21844 21845
f 21843 21845 21846
f 21847 21848 21849
f 21847 21849 21850
f 21851 21852 21853
f 21851 21853 21854
f 21855 21856 21857
f 21855 21857 21858
f 21859 21860 21861
f 21859 21861 21862
f 21863 21864 21865
f 21863 21865 21866
f 21867 21868 21869
f 21867 21869 21870
f 21871 21872 21873
f 21874 21875 21876
f 21874 21876 21877
f 21878 21879 21880
f 21881 21882 21883
f 21884 21885 21886
f 21887 21888 21889
f 21890 21891 21892
f 21893 21894 21895
f 21893 21895 21896
f 21897 21898 21899
f 21900 21901 21902
f 21900 21902 21903
f 21904 21905 21906
f 21904 21906 21907
f 21908 21909 21910
f 21911 21912 21913
f 21914 21915 21916
f 21917 21918 21919
f 21920 21921 21922
f 21923 21924 21925
f 21926 21927 21928
f 21929 21930 21931
f 21932 21933 21934
f 21935 21936 21937
f 21938 21939 21940
f 21941 21942 21943
f 21941 21943 21944
f 21945 21946 21947
f 21945 21947 21948
f 21949 21950 21951
f 21952 21953 21954
f 21952 21954 21955
f 21956 21957 21958
f 21959 21960 21961
f 21962 21963 21964
f 21965 21966 21967
f 21968 21969 21970
f 21971 21972 21973
f 21974 21975 21976
f 21977 21978 21979
f 21980 21981 21982
f 21983 21984 21985
f 21986 21987 21988
f 21989 21990 21991
f 21989 21991 21992
f 21993 21994 21995
f 21996 21997 21998
f 21999 22000 22001
f 22002 22003 22004
f 22005 22006 22007
f 22008 22009 22010
f 22011 22012 22013
f 22014 22015 22016
f 22014 22016 22017
f 22018 22019 22020
f 22021 22022 22023
f 22024 22025 22026
f 22027 22028 22029
f 22030 22031 22032
f 22033 22034 22035
f 22036 22037 22038
f 22039 22040 22041
f 22042 22043 22044
f 22045 22046 22047
f 22048 22049 22050
f 22051 22052 22053
f 22054 22055 22056
f 22057 22058 22059
f 22060 22061 22062
f 22063 22064 22065
f 22066 22067 22068
f 22069 22070 22071
f 22072 22073 22074
f 22075 22076 22077
f 22078 22079 22080
f 22081 22082 22083
f 22084 22085 22086
f 22084 22086 22087
f 22088 22089 22090
f 22091 22092 22093
f 22094 22095 22096
f 22097 22098 22099
f 22100 22101 22102
f 22103 22104 22105
f 22106 22107 22108
f 22109 22110 22111
f 22112 22113 22114
f 22112 22114 22115
f 22116 22117 22118
f 22116 22118 22119
f 22120 22121 22122
f 22120 22122 22123
f 22124 22125 22126
f 22124 22126 22127
f 22128 22129 22130
f 22128 22130 22131
f 22132 22133 22134
f 22132 22134 22135
f 22136 22137 22138
f 22136 22138 22139
f 22140 22141 22142
f 22140 22142 22143
f 22144 22145 22146
f 22144 22146 22147
f 22148 22149 22150
f 22148 22150 22151
f 22152 22153 22154
f 22152 22154 22155
f 22156 22157 22158
f 22156 22158 22159
f 22160 22161 22162
f 22160 22162 22163
f 22164 22165 22166
f 22167 22168 22169
f 22170 22171 22172
f 22172 22171 22173
f 22174 22175 22176
f 22176 22175 22177
f 22176 22177 22178
f 22168 22179 22169
f 22169 22179 22180
f 22169 22180 22176
f 22176 22180 22181
f 22176 22181 22174
f 22182 22183 22184
f 22184 22183 22185
f 22173 22186 22172
f 22172 22186 22187
f 22172 22187 22166
f 22166 22187 22188
f 22166 22188 22164
f 22178 22189 22176
f 22176 22189 22190
f 22176 22190 22172
f 22172 22190 22191
f 22172 22191 22170
f 22185 22192 22184
f 22184 22192 22193
f 22184 22193 22169
f 22169 22193 22194
f 22169 22194 22167
f 22195 22196 22197
f 22197 22196 22198
f 22197 22198 22199
f 22199 22200 22197
f 22197 22200 22201
f 22197 22201 22184
f 22184 22201 22202
f 22184 22202 22182
f 22165 22203 22166
f 22166 22203 22204
f 22166 22204 22197
f 22197 22204 22205
f 22197 22205 22195
f 22206 22207 22208
f 22208 22207 22209
f 22210 22211 22212
f 22210 22212 22213
f 22214 22215 22216
f 22214 22216 22217
f 22218 22219 22220
f 22218 22220 22221
f 22222 22223 22224
f 22222 22224 22225
f 22226 22227 22228
f 22226 22228 22229
f 22230 22231 22232
f 22230 22232 22233
f 22234 22235 22236
f 22234 22236 22237
f 22238 22239 22240
f 22238 22240 22241
f 22242 22243 22244
f 22242 22244 22245
f 22246 22247 22248
f 22246 22248 22249
f 22250 22251 22252
f 22250 22252 22253
f 22254 22255 22256
f 22254 22256 22257
f 22258 22259 22260
f 22258 22260 22261
f 22262 22263 22264
f 22262 22264 22265
f 22266 22267 22268
f 22266 22268 22269
f 22270 22271 22272
f 22270 22272 22273
f 22274 22275 22276
f 22274 22276 22277
f 22278 22279 22280
f 22278 22280 22281
f 22282 22283 22284
f 22284 22283 22285
f 22286 22287 22288
f 22288 22287 22289
f 22288 22289 22290
f 22290 22289 22291
f 22292 22293 22294
f 22294 22293 22295
f 22296 22297 22298
f 22299 22300 22301
f 22299 22301 22302
f 22303 22304 22305
f 22306 22307 22308
f 22309 22310 22311
f 22312 22313 22314
f 22315 22316 22317
f 22318 22319 22320
f 22318 22320 22321
f 22322 22323 22324
f 22325 22326 22327
f 22325 22327 22328
f 22329 22330 22331
f 22329 22331 22332
f 22333 22334 22335
f 22336 22337 22338
f 22339 22340 22341
f 22342 22343 22344
f 22345 22346 22347
f 22348 22349 22350
f 22351 22352 22353
f 22354 22355 22356
f 22357 22358 22359
f 22360 22361 22362
f 22363 22364 22365
f 22366 22367 22368
f 22366 22368 22369
f 22370 22371 22372
f 22370 22372 22373
f 22374 22375 22376
f 22377 22378 22379
f 22377 22379 22380
f 22381 22382 22383
f 22384 22385 22386
f 22387 22388 22389
f 22390 22391 22392
f 22393 22394 22395
f 22396 22397 22398
f 22399 22400 22401
f 22402 22403 22404
f 22405 22406 22407
f 22408 22409 22410
f 22411 22412 22413
f 22414 22415 22416
f 22414 22416 22417
f 22418 22419 22420
f 22420 22419 22421
f 22422 22423 22424
f 22424 22423 22425
f 22426 22427 22428
f 22429 22430 22431
f 22432 22433 22434
f 22435 22436 22437
f 22438 22439 22440
f 22441 22442 22443
f 22444 22445 22446
f 22447 22448 22449
f 22447 22449 22450
f 22451 22452 22453
f 22454 22455 22456
f 22457 22458 22459
f 22460 22461 22462
f 22463 22464 22465
f 22466 22467 22468
f 22469 22470 22471
f 22472 22473 22474
f 22475 22476 22477
f 22478 22479 22480
f 22481 22482 22483
f 22484 22485 22486
f 22487 22488 22489
f 22490 22491 22492
f 22493 22494 22495
f 22496 22497 22498
f 22499 22500 22501
f 22502 22503 22504
f 22505 22506 22507
f 22508 22509 22510
f 22511 22512 22513
f 22514 22515 22516
f 22517 22518 22519
f 22517 22519 22520
f 22521 22522 22523
f 22524 22525 22526
f 22527 22528 22529
f 22530 22531 22532
f 22533 22534 22535
f 22536 22537 22538
f 22539 22540 22541
f 22542 22543 22544
f 22545 22546 22547
f 22547 22546 22548
f 22549 22550 22551
f 22549 22551 22552
f 22553 22554 22555
f 22553 22555 22556
f 22557 22558 22559
f 22557 22559 22560
f 22561 22562 22563
f 22561 22563 22564
f 22565 22566 22567
f 22565 22567 22568
f 22569 22570 22571
f 22569 22571 22572
f 22573 22574 22575
f 22573 22575 22576
f 22577 22578 22579
f 22577 22579 22580
f 22581 22582 22583
f 22581 22583 22584
f 22585 22586 22587
f 22585 22587 22588
f 22589 22590 22591
f 22589 22591 22592
f 22593 22594 22595
f 22593 22595 22596
f 22597 22598 22599
f 22597 22599 22600
f 22601 22602 22603
f 22604 22605 22603
f 22606 22607 22608
f 22608 22607 22609
f 22608 22609 22610
f 22602 22611 22603
f 22603 22611 22612
f 22603 22612 22613
f 22613 22614 22603
f 22603 22614 22615
f 22603 22615 22604
f 22616 22617 22618
f 22619 22616 22620
f 22620 22616 22621
f 22605 22622 22603
f 22603 22622 22616
f 22603 22616 22623
f 22623 22616 22619
f 22601 22603 22609
f 22609 22603 22624
f 22609 22624 22610
f 22618 22625 22616
f 22616 22625 22626
f 22616 22626 22621
f 22627 22628 22629
f 22627 22629 22630
f 22631 22632 22633
f 22631 22633 22634
f 22635 22636 22637
f 22635 22637 22638
f 22639 22640 22641
f 22639 22641 22642
f 22643 22644 22645
f 22643 22645 22646
f 22647 22648 22649
f 22647 22649 22650
f 22651 22652 22653
f 22651 22653 22654
f 22655 22656 22657
f 22655 22657 22658
f 22659 22660 22661
f 22659 22661 22662
f 22663 22664 22665
f 22663 22665 22666
f 22667 22668 22669
f 22667 22669 22670
f 22671 22672 22673
f 22671 22673 22674
f 22675 22676 22677
f 22675 22677 22678
f 22679 22680 22681
f 22679 22681 22682
f 22683 22684 22685
f 22683 22685 22686
f 22687 22688 22689
f 22687 22689 22690
f 22691 22692 22693
f 22691 22693 22694
f 22695 22696 22697
f 22695 22697 22698
f 22699 22700 22701
f 22702 22703 22704
f 22702 22704 22705
f 22706 22707 22708
f 22709 22710 22711
f 22712 22713 22714
f 22715 22716 22717
f 22718 22719 22720
f 22721 22722 22723
f 22721 22723 22724
f 22725 22726 22727
f 22728 22729 22730
f 22728 22730 22731
f 22732 22733 22734
f 22732 22734 22735
f 22736 22737 22738
f 22739 22740 22741
f 22742 22743 22744
f 22745 22746 22747
f 22748 22749 22750
f 22751 22752 22753
f 22754 22755 22756
f 22757 22758 22759
f 22760 22761 22762
f 22763 22764 22765
f 22766 22767 22768
f 22769 22770 22771
f 22769 22771 22772
f 22773 22774 22775
f 22773 22775 22776
f 22777 22778 22779
f 22780 22781 22782
f 22780 22782 22783
f 22784 22785 22786
f 22787 22788 22789
f 22790 22791 22792
f 22793 22794 22795
f 22796 22797 22798
f 22799 22800 22801
f 22802 22803 22804
f 22805 22806 22807
f 22808 22809 22810
f 22811 22812 22813
f 22814 22815 22816
f 22817 22818 22819
f 22817 22819 22820
f 22821 22822 22823
f 22824 22825 22826
f 22827 22828 22829
f 22830 22831 22832
f 22833 22834 22835
f 22836 22837 22838
f 22839 22840 22841
f 22842 22843 22844
f 22842 22844 22845
f 22846 22847 22848
f 22849 22850 22851
f 22852 22853 22854
f 22855 22856 22857
f 22858 22859 22860
f 22861 22862 22863
f 22864 22865 22866
f 22867 22868 22869
f 22870 22871 22872
f 22873 22874 22875
f 22876 22877 22878
f 22879 22880 22881
f 22882 22883 22884
f 22885 22886 22887
f 22888 22889 22890
f 22891 22892 22893
f 22894 22895 22896
f 22897 22898 22899
f 22900 22901 22902
f 22903 22904 22905
f 22906 22907 22908
f 22909 22910 22911
f 22912 22913 22914
f 22912 22914 22915
f 22916 22917 22918
f 22919 22920 22921
f 22922 22923 22924
f 22925 22926 22927
f 22928 22929 22930
f 22931 22932 22933
f 22934 22935 22936
f 22937 22938 22939
f 22940 22941 22942
f 22940 22942 22943
f 22944 22945 22946
f 22944 22946 22947
f 22948 22949 22950
f 22948 22950 22951
f 22952 22953 22954
f 22952 22954 22955
f 22956 22957 22958
f 22956 22958 22959
f 22960 22961 22962
f 22960 22962 22963
f 22964 22965 22966
f 22964 22966 22967
f 22968 22969 22970
f 22968 22970 22971
f 22972 22973 22974
f 22972 22974 22975
f 22976 22977 22978
f 22976 22978 22979
f 22980 22981 22982
f 22980 22982 22983
f 22984 22985 22986
f 22984 22986 22987
f 22988 22989 22990
f 22988 22990 22991
f 22992 22993 22994
f 22995 22996 22997
f 22998 22999 23000
f 23000 22999 23001
f 23002 23003 23004
f 23005 23006 23007
f 22997 23008 22995
f 22995 23008 23009
f 22995 23009 22994
f 22994 23009 23010
f 22994 23010 22992
f 23001 23011 23000
f 23000 23011 23012
f 23000 23012 23013
f 23013 23012 23014
f 23013 23014 23015
f 23004 23016 23002
f 23002 23016 23017
f 23002 23017 23000
f 23000 23017 23018
f 23000 23018 22998
f 23015 23019 23013
f 23013 23019 23020
f 23013 23020 23021
f 23021 23022 23013
f 23013 23022 23023
f 23013 23023 22995
f 22995 23023 23024
f 22995 23024 22996
f 23006 23025 23007
f 23007 23025 23026
f 23007 23026 23027
f 23027 23028 23007
f 23007 23028 23029
f 23007 23029 23002
f 23002 23029 23030
f 23002 23030 23003
f 22993 23031 22994
f 22994 23031 23032
f 22994 23032 23007
f 23007 23032 23033
f 23007 23033 23005
f 23034 23035 23036
f 23036 23035 23037
f 23038 23039 23040
f 23038 23040 23041
f 23042 23043 23044
f 23042 23044 23045
f 23046 23047 23048
f 23046 23048 23049
f 23050 23051 23052
f 23050 23052 23053
f 23054 23055 23056
f 23054 23056 23057
f 23058 23059 23060
f 23058 23060 23061
f 23062 23063 23064
f 23062 23064 23065
f 23066 23067 23068
f 23066 23068 23069
f 23070 23071 23072
f 23070 23072 23073
f 23074 23075 23076
f 23074 23076 23077
f 23078 23079 23080
f 23078 23080 23081
f 23082 23083 23084
f 23082 23084 23085
f 23086 23087 23088
f 23086 23088 23089
f 23090 23091 23092
f 23090 23092 23093
f 23094 23095 23096
f 23094 23096 23097
f 23098 23099 23100
f 23098 23100 23101
f 23102 23103 23104
f 23102 23104 23105
f 23106 23107 23108
f 23106 23108 23109
f 23110 23111 23112
f 23112 23111 23113
f 23114 23115 23116
f 23116 23115 23117
f 23116 23117 23118
f 23118 23117 23119
f 23120 23121 23122
f 23122 23121 23123
f 23124 23125 23126
f 23127 23128 23129
f 23127 23129 23130
f 23131 23132 23133
f 23134 23135 23136
f 23137 23138 23139
f 23140 23141 23142
f 23143 23144 23145
f 23146 23147 23148
f 23146 23148 23149
f 23150 23151 23152
f 23153 23154 23155
f 23153 23155 23156
f 23157 23158 23159
f 23157 23159 23160
f 23161 23162 23163
f 23164 23165 23166
f 23167 23168 23169
f 23170 23171 23172
f 23173 23174 23175
f 23176 23177 23178
f 23179 23180 23181
f 23182 23183 23184
f 23185 23186 23187
f 23188 23189 23190
f 23191 23192 23193
f 23194 23195 23196
f 23194 23196 23197
f 23198 23199 23200
f 23198 23200 23201
f 23202 23203 23204
f 23205 23206 23207
f 23205 23207 23208
f 23209 23210 23211
f 23212 23213 23214
f 23215 23216 23217
f 23218 23219 23220
f 23221 23222 23223
f 23224 23225 23226
f 23227 23228 23229
f 23230 23231 23232
f 23233 23234 23235
f 23236 23237 23238
f 23239 23240 23241
f 23242 23243 23244
f 23242 23244 23245
f 23246 23247 23248
f 23248 23247 23249
f 23250 23251 23252
f 23252 23251 23253
f 23254 23255 23256
f 23257 23258 23259
f 23260 23261 23262
f 23263 23264 23265
f 23266 23267 23268
f 23269 23270 23271
f 23272 23273 23274
f 23275 23276 23277
f 23275 23277 23278
f 23279 23280 23281
f 23282 23283 23284
f 23285 23286 23287
f 23288 23289 23290
f 23291 23292 23293
f 23294 23295 23296
f 23297 23298 23299
f 23300 23301 23302
f 23303 23304 23305
f 23306 23307 23308
f 23309 23310 23311
f 23312 23313 23314
f 23315 23316 23317
f 23318 23319 23320
f 23321 23322 23323
f 23324 23325 23326
f 23327 23328 23329
f 23330 23331 23332
f 23333 23334 23335
f 23336 23337 23338
f 23339 23340 23341
f 23342 23343 23344
f 23345 23346 23347
f 23345 23347 23348
f 23349 23350 23351
f 23352 23353 23354
f 23355 23356 23357
f 23358 23359 23360
f 23361 23362 23363
f 23364 23365 23366
f 23367 23368 23369
f 23370 23371 23372
f 23373 23374 23375
f 23375 23374 23376
f 23377 23378 23379
f 23377 23379 23380
f 23381 23382 23383
f 23381 23383 23384
f 23385 23386 23387
f 23385 23387 23388
f 23389 23390 23391
f 23389 23391 23392
f 23393 23394 23395
f 23393 23395 23396
f 23397 23398 23399
f 23397 23399 23400
f 23401 23402 23403
f 23401 23403 23404
f 23405 23406 23407
f 23405 23407 23408
f 23409 23410 23411
f 23409 23411 23412
f 23413 23414 23415
f 23413 23415 23416
f 23417 23418 23419
f 23417 23419 23420
f 23421 23422 23423
f 23421 23423 23424
f 23425 23426 23427
f 23425 23427 23428
f 23429 23430 23431
f 23432 23433 23434
f 23435 23436 23437
f 23438 23439 23440
f 23440 23439 23441
f 23429 23442 23430
f 23430 23442 23441
f 23430 23441 23443
f 23443 23441 23439
f 23431 23444 23429
f 23429 23444 23445
f 23429 23445 23446
f 23447 23448 23435
f 23435 23448 23429
f 23435 23429 23449
f 23449 23429 23446
f 23434 23450 23432
f 23432 23450 23451
f 23432 23451 23435
f 23435 23451 23452
f 23435 23452 23436
f 23437 23453 23435
f 23435 23453 23454
f 23435 23454 23447
